0 verbose cli C:\Program Files\nodejs\node.exe C:\Program Files\nodejs\node_modules\npm\bin\npm-cli.js
1 info using npm@11.13.0
2 info using node@v24.16.0
3 silly config load:file:C:\Program Files\nodejs\node_modules\npm\npmrc
4 silly config load:file:C:\Users\leand\OneDrive\Documents\Backoffice Vendedores\.npmrc
5 silly config load:file:C:\Users\leand\.npmrc
6 silly config load:file:C:\Users\leand\AppData\Roaming\npm\etc\npmrc
7 verbose title npm install
8 verbose argv "install" "--cache" ".npm-cache"
9 verbose logfile logs-max:10 dir:C:\Users\leand\OneDrive\Documents\Backoffice Vendedores\.npm-cache\_logs\2026-07-02T19_09_53_561Z-
10 verbose logfile C:\Users\leand\OneDrive\Documents\Backoffice Vendedores\.npm-cache\_logs\2026-07-02T19_09_53_561Z-debug-0.log
11 silly logfile done cleaning log files
12 silly packumentCache heap:4496293888 maxSize:1124073472 maxEntrySize:562036736
13 silly idealTree buildDeps
14 silly fetch manifest @emotion/react@^11.13.3
15 silly packumentCache full:https://registry.npmjs.org/@emotion%2freact cache-miss
16 http fetch GET 200 https://registry.npmjs.org/npm 358ms
17 http fetch GET 200 https://registry.npmjs.org/@emotion%2freact 481ms (cache miss)
18 silly packumentCache full:https://registry.npmjs.org/@emotion%2freact set size:undefined disposed:false
19 silly fetch manifest react@^18.3.1
20 silly packumentCache full:https://registry.npmjs.org/react cache-miss
21 http fetch GET 200 https://registry.npmjs.org/react 494ms (cache miss)
22 silly packumentCache full:https://registry.npmjs.org/react set size:undefined disposed:false
23 silly fetch manifest @emotion/styled@^11.13.0
24 silly packumentCache full:https://registry.npmjs.org/@emotion%2fstyled cache-miss
25 http fetch GET 200 https://registry.npmjs.org/@emotion%2fstyled 146ms (cache miss)
26 silly packumentCache full:https://registry.npmjs.org/@emotion%2fstyled set size:undefined disposed:false
27 silly fetch manifest @mui/icons-material@^6.1.6
28 silly packumentCache full:https://registry.npmjs.org/@mui%2ficons-material cache-miss
29 http fetch GET 200 https://registry.npmjs.org/@mui%2ficons-material 1098ms (cache miss)
30 silly packumentCache full:https://registry.npmjs.org/@mui%2ficons-material set size:undefined disposed:false
31 silly fetch manifest @mui/material@^6.1.6
32 silly packumentCache full:https://registry.npmjs.org/@mui%2fmaterial cache-miss
33 http fetch GET 200 https://registry.npmjs.org/@mui%2fmaterial 218ms (cache miss)
34 silly packumentCache full:https://registry.npmjs.org/@mui%2fmaterial set size:undefined disposed:false
35 silly fetch manifest @mui/material-pigment-css@^6.5.0
36 silly packumentCache full:https://registry.npmjs.org/@mui%2fmaterial-pigment-css cache-miss
37 http fetch GET 200 https://registry.npmjs.org/@mui%2fmaterial-pigment-css 426ms (cache miss)
38 silly packumentCache full:https://registry.npmjs.org/@mui%2fmaterial-pigment-css set size:undefined disposed:false
39 silly fetch manifest @pigment-css/react@^0.0.29
40 silly packumentCache full:https://registry.npmjs.org/@pigment-css%2freact cache-miss
41 http fetch GET 200 https://registry.npmjs.org/@pigment-css%2freact 623ms (cache miss)
42 silly packumentCache full:https://registry.npmjs.org/@pigment-css%2freact set size:undefined disposed:false
43 silly fetch manifest @types/react@^18.3.12
44 silly packumentCache full:https://registry.npmjs.org/@types%2freact cache-miss
45 http fetch GET 200 https://registry.npmjs.org/@types%2freact 233ms (cache miss)
46 silly packumentCache full:https://registry.npmjs.org/@types%2freact set size:undefined disposed:false
47 silly fetch manifest react-dom@^18.3.1
48 silly packumentCache full:https://registry.npmjs.org/react-dom cache-miss
49 http fetch GET 200 https://registry.npmjs.org/react-dom 380ms (cache miss)
50 silly packumentCache full:https://registry.npmjs.org/react-dom set size:undefined disposed:false
51 silly fetch manifest chart.js@^4.4.6
52 silly packumentCache full:https://registry.npmjs.org/chart.js cache-miss
53 http fetch GET 200 https://registry.npmjs.org/chart.js 77ms (cache miss)
54 silly packumentCache full:https://registry.npmjs.org/chart.js set size:undefined disposed:false
55 silly fetch manifest firebase@^11.0.1
56 silly packumentCache full:https://registry.npmjs.org/firebase cache-miss
57 http fetch GET 200 https://registry.npmjs.org/firebase 1191ms (cache miss)
58 silly packumentCache full:https://registry.npmjs.org/firebase set size:undefined disposed:false
59 silly fetch manifest react-chartjs-2@^5.2.0
60 silly packumentCache full:https://registry.npmjs.org/react-chartjs-2 cache-miss
61 http fetch GET 200 https://registry.npmjs.org/react-chartjs-2 72ms (cache miss)
62 silly packumentCache full:https://registry.npmjs.org/react-chartjs-2 set size:undefined disposed:false
63 silly fetch manifest react-router-dom@^6.27.0
64 silly packumentCache full:https://registry.npmjs.org/react-router-dom cache-miss
65 http fetch GET 200 https://registry.npmjs.org/react-router-dom 177ms (cache miss)
66 silly packumentCache full:https://registry.npmjs.org/react-router-dom set size:undefined disposed:false
67 silly fetch manifest xlsx@^0.18.5
68 silly packumentCache full:https://registry.npmjs.org/xlsx cache-miss
69 http fetch GET 200 https://registry.npmjs.org/xlsx 89ms (cache miss)
70 silly packumentCache full:https://registry.npmjs.org/xlsx set size:undefined disposed:false
71 silly fetch manifest @eslint/js@^9.13.0
72 silly packumentCache full:https://registry.npmjs.org/@eslint%2fjs cache-miss
73 http fetch GET 200 https://registry.npmjs.org/@eslint%2fjs 83ms (cache miss)
74 silly packumentCache full:https://registry.npmjs.org/@eslint%2fjs set size:undefined disposed:false
75 silly fetch manifest @types/react-dom@^18.3.1
76 silly packumentCache full:https://registry.npmjs.org/@types%2freact-dom cache-miss
77 http fetch GET 200 https://registry.npmjs.org/@types%2freact-dom 95ms (cache miss)
78 silly packumentCache full:https://registry.npmjs.org/@types%2freact-dom set size:undefined disposed:false
79 silly fetch manifest @vitejs/plugin-react@^4.3.3
80 silly packumentCache full:https://registry.npmjs.org/@vitejs%2fplugin-react cache-miss
81 http fetch GET 200 https://registry.npmjs.org/@vitejs%2fplugin-react 82ms (cache miss)
82 silly packumentCache full:https://registry.npmjs.org/@vitejs%2fplugin-react set size:undefined disposed:false
83 silly fetch manifest vite@^5.4.10
84 silly packumentCache full:https://registry.npmjs.org/vite cache-miss
85 http fetch GET 200 https://registry.npmjs.org/vite 1609ms (cache miss)
86 silly packumentCache full:https://registry.npmjs.org/vite set size:undefined disposed:false
87 silly fetch manifest @types/node@^18.0.0 || >=20.0.0
88 silly packumentCache full:https://registry.npmjs.org/@types%2fnode cache-miss
89 http fetch GET 200 https://registry.npmjs.org/@types%2fnode 452ms (cache miss)
90 silly packumentCache full:https://registry.npmjs.org/@types%2fnode set size:undefined disposed:false
91 silly fetch manifest less@*
92 silly packumentCache full:https://registry.npmjs.org/less cache-miss
93 http fetch GET 200 https://registry.npmjs.org/less 66ms (cache miss)
94 silly packumentCache full:https://registry.npmjs.org/less set size:undefined disposed:false
95 silly fetch manifest lightningcss@^1.21.0
96 silly packumentCache full:https://registry.npmjs.org/lightningcss cache-miss
97 http fetch GET 200 https://registry.npmjs.org/lightningcss 63ms (cache miss)
98 silly packumentCache full:https://registry.npmjs.org/lightningcss set size:undefined disposed:false
99 silly fetch manifest sass@*
100 silly packumentCache full:https://registry.npmjs.org/sass cache-miss
101 http fetch GET 200 https://registry.npmjs.org/sass 96ms (cache miss)
102 silly packumentCache full:https://registry.npmjs.org/sass set size:undefined disposed:false
103 silly fetch manifest sass-embedded@*
104 silly packumentCache full:https://registry.npmjs.org/sass-embedded cache-miss
105 http fetch GET 200 https://registry.npmjs.org/sass-embedded 77ms (cache miss)
106 silly packumentCache full:https://registry.npmjs.org/sass-embedded set size:undefined disposed:false
107 silly fetch manifest stylus@*
108 silly packumentCache full:https://registry.npmjs.org/stylus cache-miss
109 http fetch GET 200 https://registry.npmjs.org/stylus 67ms (cache miss)
110 silly packumentCache full:https://registry.npmjs.org/stylus set size:undefined disposed:false
111 silly fetch manifest sugarss@*
112 silly packumentCache full:https://registry.npmjs.org/sugarss cache-miss
113 http fetch GET 200 https://registry.npmjs.org/sugarss 50ms (cache miss)
114 silly packumentCache full:https://registry.npmjs.org/sugarss set size:undefined disposed:false
115 silly fetch manifest postcss@^8.3.3
116 silly packumentCache full:https://registry.npmjs.org/postcss cache-miss
117 http fetch GET 200 https://registry.npmjs.org/postcss 89ms (cache miss)
118 silly packumentCache full:https://registry.npmjs.org/postcss set size:undefined disposed:false
119 silly fetch manifest terser@^5.4.0
120 silly packumentCache full:https://registry.npmjs.org/terser cache-miss
121 http fetch GET 200 https://registry.npmjs.org/terser 88ms (cache miss)
122 silly packumentCache full:https://registry.npmjs.org/terser set size:undefined disposed:false
123 silly fetch manifest eslint@^9.13.0
124 silly packumentCache full:https://registry.npmjs.org/eslint cache-miss
125 http fetch GET 200 https://registry.npmjs.org/eslint 133ms (cache miss)
126 silly packumentCache full:https://registry.npmjs.org/eslint set size:undefined disposed:false
127 silly fetch manifest jiti@*
128 silly packumentCache full:https://registry.npmjs.org/jiti cache-miss
129 http fetch GET 200 https://registry.npmjs.org/jiti 73ms (cache miss)
130 silly packumentCache full:https://registry.npmjs.org/jiti set size:undefined disposed:false
131 silly fetch manifest eslint-plugin-react@^7.37.1
132 silly packumentCache full:https://registry.npmjs.org/eslint-plugin-react cache-miss
133 http fetch GET 200 https://registry.npmjs.org/eslint-plugin-react 88ms (cache miss)
134 silly packumentCache full:https://registry.npmjs.org/eslint-plugin-react set size:undefined disposed:false
135 silly fetch manifest eslint-plugin-react-hooks@^5.0.0
136 silly packumentCache full:https://registry.npmjs.org/eslint-plugin-react-hooks cache-miss
137 http fetch GET 200 https://registry.npmjs.org/eslint-plugin-react-hooks 315ms (cache miss)
138 silly packumentCache full:https://registry.npmjs.org/eslint-plugin-react-hooks set size:undefined disposed:false
139 silly fetch manifest eslint-plugin-react-refresh@^0.4.14
140 silly packumentCache full:https://registry.npmjs.org/eslint-plugin-react-refresh cache-miss
141 http fetch GET 200 https://registry.npmjs.org/eslint-plugin-react-refresh 70ms (cache miss)
142 silly packumentCache full:https://registry.npmjs.org/eslint-plugin-react-refresh set size:undefined disposed:false
143 silly placeDep ROOT @emotion/react@11.14.0 OK for: backoffice-vendedores-minum@1.0.0 want: ^11.13.3
144 silly placeDep ROOT react@18.3.1 OK for: @emotion/react@11.14.0 want: >=16.8.0
145 silly placeDep ROOT @emotion/styled@11.14.1 OK for: backoffice-vendedores-minum@1.0.0 want: ^11.13.0
146 silly placeDep ROOT @eslint/js@9.39.4 OK for: backoffice-vendedores-minum@1.0.0 want: ^9.13.0
147 silly placeDep ROOT @mui/icons-material@6.5.0 OK for: backoffice-vendedores-minum@1.0.0 want: ^6.1.6
148 silly placeDep ROOT @mui/material@6.5.0 OK for: @mui/icons-material@6.5.0 want: ^6.5.0
149 silly placeDep ROOT react-dom@18.3.1 OK for: @mui/material@6.5.0 want: ^17.0.0 || ^18.0.0 || ^19.0.0
150 silly placeDep ROOT @types/react@18.3.31 OK for: backoffice-vendedores-minum@1.0.0 want: ^18.3.12
151 silly placeDep ROOT @types/react-dom@18.3.7 OK for: backoffice-vendedores-minum@1.0.0 want: ^18.3.1
152 silly placeDep ROOT @vitejs/plugin-react@4.7.0 OK for: backoffice-vendedores-minum@1.0.0 want: ^4.3.3
153 silly placeDep ROOT vite@5.4.21 OK for: @vitejs/plugin-react@4.7.0 want: ^4.2.0 || ^5.0.0 || ^6.0.0 || ^7.0.0
154 silly placeDep ROOT chart.js@4.5.1 OK for: backoffice-vendedores-minum@1.0.0 want: ^4.4.6
155 silly placeDep ROOT eslint@9.39.4 OK for: backoffice-vendedores-minum@1.0.0 want: ^9.13.0
156 silly placeDep ROOT eslint-plugin-react@7.37.5 OK for: backoffice-vendedores-minum@1.0.0 want: ^7.37.1
157 silly placeDep ROOT eslint-plugin-react-hooks@5.2.0 OK for: backoffice-vendedores-minum@1.0.0 want: ^5.0.0
158 silly placeDep ROOT eslint-plugin-react-refresh@0.4.26 OK for: backoffice-vendedores-minum@1.0.0 want: ^0.4.14
159 silly placeDep ROOT firebase@11.10.0 OK for: backoffice-vendedores-minum@1.0.0 want: ^11.0.1
160 silly placeDep ROOT react-chartjs-2@5.3.1 OK for: backoffice-vendedores-minum@1.0.0 want: ^5.2.0
161 silly placeDep ROOT react-router-dom@6.30.4 OK for: backoffice-vendedores-minum@1.0.0 want: ^6.27.0
162 silly placeDep ROOT xlsx@0.18.5 OK for: backoffice-vendedores-minum@1.0.0 want: ^0.18.5
163 silly fetch manifest @babel/runtime@^7.18.3
164 silly packumentCache full:https://registry.npmjs.org/@babel%2fruntime cache-miss
165 silly fetch manifest @emotion/cache@^11.14.0
166 silly packumentCache full:https://registry.npmjs.org/@emotion%2fcache cache-miss
167 silly fetch manifest @emotion/utils@^1.4.2
168 silly packumentCache full:https://registry.npmjs.org/@emotion%2futils cache-miss
169 silly fetch manifest @emotion/serialize@^1.3.3
170 silly packumentCache full:https://registry.npmjs.org/@emotion%2fserialize cache-miss
171 silly fetch manifest @emotion/babel-plugin@^11.13.5
172 silly packumentCache full:https://registry.npmjs.org/@emotion%2fbabel-plugin cache-miss
173 silly fetch manifest @emotion/weak-memoize@^0.4.0
174 silly packumentCache full:https://registry.npmjs.org/@emotion%2fweak-memoize cache-miss
175 silly fetch manifest hoist-non-react-statics@^3.3.1
176 silly packumentCache full:https://registry.npmjs.org/hoist-non-react-statics cache-miss
177 silly fetch manifest @emotion/use-insertion-effect-with-fallbacks@^1.2.0
178 silly packumentCache full:https://registry.npmjs.org/@emotion%2fuse-insertion-effect-with-fallbacks cache-miss
179 silly fetch manifest loose-envify@^1.1.0
180 silly packumentCache full:https://registry.npmjs.org/loose-envify cache-miss
181 silly fetch manifest @babel/runtime@^7.18.3
182 silly packumentCache full:https://registry.npmjs.org/@babel%2fruntime cache-miss
183 silly fetch manifest @emotion/utils@^1.4.2
184 silly packumentCache full:https://registry.npmjs.org/@emotion%2futils cache-miss
185 silly fetch manifest @emotion/serialize@^1.3.3
186 silly packumentCache full:https://registry.npmjs.org/@emotion%2fserialize cache-miss
187 silly fetch manifest @emotion/babel-plugin@^11.13.5
188 silly packumentCache full:https://registry.npmjs.org/@emotion%2fbabel-plugin cache-miss
189 silly fetch manifest @emotion/is-prop-valid@^1.3.0
190 silly packumentCache full:https://registry.npmjs.org/@emotion%2fis-prop-valid cache-miss
191 silly fetch manifest @emotion/use-insertion-effect-with-fallbacks@^1.2.0
192 silly packumentCache full:https://registry.npmjs.org/@emotion%2fuse-insertion-effect-with-fallbacks cache-miss
193 http fetch GET 200 https://registry.npmjs.org/@emotion%2fcache 219ms (cache miss)
194 silly packumentCache full:https://registry.npmjs.org/@emotion%2fcache set size:undefined disposed:false
195 silly fetch manifest @babel/runtime@^7.26.0
196 silly packumentCache full:https://registry.npmjs.org/@babel%2fruntime cache-miss
197 http fetch GET 200 https://registry.npmjs.org/@babel%2fruntime 296ms (cache miss)
198 silly packumentCache full:https://registry.npmjs.org/@babel%2fruntime set size:undefined disposed:false
199 silly fetch manifest clsx@^2.1.1
200 silly packumentCache full:https://registry.npmjs.org/clsx cache-miss
201 http fetch GET 200 https://registry.npmjs.org/clsx 428ms (cache miss)
202 silly packumentCache full:https://registry.npmjs.org/clsx set size:undefined disposed:false
203 silly fetch manifest csstype@^3.1.3
204 silly packumentCache full:https://registry.npmjs.org/csstype cache-miss
205 http fetch GET 200 https://registry.npmjs.org/loose-envify 799ms (cache miss)
206 silly packumentCache full:https://registry.npmjs.org/loose-envify set size:undefined disposed:false
207 silly fetch manifest react-is@^19.0.0
208 silly packumentCache full:https://registry.npmjs.org/react-is cache-miss
209 http fetch GET 200 https://registry.npmjs.org/hoist-non-react-statics 865ms (cache miss)
210 silly packumentCache full:https://registry.npmjs.org/hoist-non-react-statics set size:undefined disposed:false
211 silly fetch manifest @mui/types@~7.2.24
212 silly packumentCache full:https://registry.npmjs.org/@mui%2ftypes cache-miss
213 http fetch GET 200 https://registry.npmjs.org/@emotion%2futils 886ms (cache miss)
214 silly packumentCache full:https://registry.npmjs.org/@emotion%2futils set size:undefined disposed:false
215 silly fetch manifest @mui/utils@^6.4.9
216 silly packumentCache full:https://registry.npmjs.org/@mui%2futils cache-miss
217 http fetch GET 200 https://registry.npmjs.org/@emotion%2fuse-insertion-effect-with-fallbacks 940ms (cache miss)
218 silly packumentCache full:https://registry.npmjs.org/@emotion%2fuse-insertion-effect-with-fallbacks set size:undefined disposed:false
219 silly fetch manifest prop-types@^15.8.1
220 silly packumentCache full:https://registry.npmjs.org/prop-types cache-miss
221 http fetch GET 200 https://registry.npmjs.org/@emotion%2fuse-insertion-effect-with-fallbacks 944ms (cache miss)
222 silly packumentCache full:https://registry.npmjs.org/@emotion%2fuse-insertion-effect-with-fallbacks set size:undefined disposed:false
223 silly fetch manifest @mui/system@^6.5.0
224 silly packumentCache full:https://registry.npmjs.org/@mui%2fsystem cache-miss
225 http fetch GET 200 https://registry.npmjs.org/@emotion%2fweak-memoize 1012ms (cache miss)
226 silly packumentCache full:https://registry.npmjs.org/@emotion%2fweak-memoize set size:undefined disposed:false
227 silly fetch manifest @babel/runtime@^7.26.0
228 silly packumentCache full:https://registry.npmjs.org/@babel%2fruntime cache-miss
229 http fetch GET 200 https://registry.npmjs.org/@emotion%2futils 1013ms (cache miss)
230 silly packumentCache full:https://registry.npmjs.org/@emotion%2futils set size:undefined disposed:false
231 silly fetch manifest @popperjs/core@^2.11.8
232 silly packumentCache full:https://registry.npmjs.org/@popperjs%2fcore cache-miss
233 http fetch GET 200 https://registry.npmjs.org/@emotion%2fbabel-plugin 1061ms (cache miss)
234 silly packumentCache full:https://registry.npmjs.org/@emotion%2fbabel-plugin set size:undefined disposed:false
235 silly fetch manifest react-transition-group@^4.4.5
236 silly packumentCache full:https://registry.npmjs.org/react-transition-group cache-miss
237 http fetch GET 200 https://registry.npmjs.org/@emotion%2fbabel-plugin 1103ms (cache miss)
238 silly packumentCache full:https://registry.npmjs.org/@emotion%2fbabel-plugin set size:undefined disposed:false
239 silly fetch manifest @mui/core-downloads-tracker@^6.5.0
240 silly packumentCache full:https://registry.npmjs.org/@mui%2fcore-downloads-tracker cache-miss
241 http fetch GET 200 https://registry.npmjs.org/@emotion%2fis-prop-valid 1125ms (cache miss)
242 silly packumentCache full:https://registry.npmjs.org/@emotion%2fis-prop-valid set size:undefined disposed:false
243 silly fetch manifest @types/react-transition-group@^4.4.12
244 silly packumentCache full:https://registry.npmjs.org/@types%2freact-transition-group cache-miss
245 http fetch GET 200 https://registry.npmjs.org/csstype 468ms (cache miss)
246 silly packumentCache full:https://registry.npmjs.org/csstype set size:undefined disposed:false
247 silly fetch manifest scheduler@^0.23.2
248 silly packumentCache full:https://registry.npmjs.org/scheduler cache-miss
249 http cache https://registry.npmjs.org/@babel%2fruntime 267ms (cache hit)
250 silly packumentCache full:https://registry.npmjs.org/@babel%2fruntime set size:3471810 disposed:false
251 silly fetch manifest csstype@^3.2.2
252 silly packumentCache full:https://registry.npmjs.org/csstype cache-miss
253 http fetch GET 200 https://registry.npmjs.org/prop-types 440ms (cache miss)
254 silly packumentCache full:https://registry.npmjs.org/prop-types set size:undefined disposed:false
255 silly fetch manifest @types/prop-types@*
256 silly packumentCache full:https://registry.npmjs.org/@types%2fprop-types cache-miss
257 http fetch GET 200 https://registry.npmjs.org/@emotion%2fserialize 1389ms (cache miss)
258 silly packumentCache full:https://registry.npmjs.org/@emotion%2fserialize set size:undefined disposed:false
259 silly fetch manifest @babel/core@^7.28.0
260 silly packumentCache full:https://registry.npmjs.org/@babel%2fcore cache-miss
261 http fetch GET 200 https://registry.npmjs.org/@emotion%2fserialize 1437ms (cache miss)
262 silly packumentCache full:https://registry.npmjs.org/@emotion%2fserialize set size:undefined disposed:false
263 silly fetch manifest react-refresh@^0.17.0
264 silly packumentCache full:https://registry.npmjs.org/react-refresh cache-miss
265 http fetch GET 200 https://registry.npmjs.org/@mui%2ftypes 631ms (cache miss)
266 silly packumentCache full:https://registry.npmjs.org/@mui%2ftypes set size:undefined disposed:false
267 silly fetch manifest @types/babel__core@^7.20.5
268 silly packumentCache full:https://registry.npmjs.org/@types%2fbabel__core cache-miss
269 http cache https://registry.npmjs.org/csstype 234ms (cache hit)
270 silly packumentCache full:https://registry.npmjs.org/csstype set size:274189 disposed:false
271 silly fetch manifest @rolldown/pluginutils@1.0.0-beta.27
272 silly packumentCache full:https://registry.npmjs.org/@rolldown%2fpluginutils cache-miss
273 http fetch GET 200 https://registry.npmjs.org/react-transition-group 610ms (cache miss)
274 silly packumentCache full:https://registry.npmjs.org/react-transition-group set size:undefined disposed:false
275 silly fetch manifest @babel/plugin-transform-react-jsx-self@^7.27.1
276 silly packumentCache full:https://registry.npmjs.org/@babel%2fplugin-transform-react-jsx-self cache-miss
277 http fetch GET 200 https://registry.npmjs.org/@types%2freact-transition-group 580ms (cache miss)
278 silly packumentCache full:https://registry.npmjs.org/@types%2freact-transition-group set size:undefined disposed:false
279 silly fetch manifest @babel/plugin-transform-react-jsx-source@^7.27.1
280 silly packumentCache full:https://registry.npmjs.org/@babel%2fplugin-transform-react-jsx-source cache-miss
281 http fetch GET 200 https://registry.npmjs.org/@types%2fprop-types 357ms (cache miss)
282 silly packumentCache full:https://registry.npmjs.org/@types%2fprop-types set size:undefined disposed:false
283 silly fetch manifest rollup@^4.20.0
284 silly packumentCache full:https://registry.npmjs.org/rollup cache-miss
285 http fetch GET 200 https://registry.npmjs.org/@types%2fbabel__core 275ms (cache miss)
286 silly packumentCache full:https://registry.npmjs.org/@types%2fbabel__core set size:undefined disposed:false
287 silly fetch manifest esbuild@^0.21.3
288 silly packumentCache full:https://registry.npmjs.org/esbuild cache-miss
289 http fetch GET 200 https://registry.npmjs.org/@popperjs%2fcore 819ms (cache miss)
290 silly packumentCache full:https://registry.npmjs.org/@popperjs%2fcore set size:undefined disposed:false
291 silly fetch manifest postcss@^8.4.43
292 silly packumentCache full:https://registry.npmjs.org/postcss cache-miss
293 http fetch GET 200 https://registry.npmjs.org/@mui%2futils 981ms (cache miss)
294 silly packumentCache full:https://registry.npmjs.org/@mui%2futils set size:undefined disposed:false
295 silly fetch manifest fsevents@~2.3.3
296 silly packumentCache full:https://registry.npmjs.org/fsevents cache-miss
297 http fetch GET 200 https://registry.npmjs.org/@mui%2fcore-downloads-tracker 818ms (cache miss)
298 silly packumentCache full:https://registry.npmjs.org/@mui%2fcore-downloads-tracker set size:undefined disposed:false
299 silly fetch manifest @kurkle/color@^0.3.0
300 silly packumentCache full:https://registry.npmjs.org/@kurkle%2fcolor cache-miss
301 http fetch GET 200 https://registry.npmjs.org/@rolldown%2fpluginutils 406ms (cache miss)
302 silly packumentCache full:https://registry.npmjs.org/@rolldown%2fpluginutils set size:undefined disposed:false
303 silly fetch manifest ajv@^6.14.0
304 silly packumentCache full:https://registry.npmjs.org/ajv cache-miss
305 http cache https://registry.npmjs.org/postcss 212ms (cache hit)
306 silly packumentCache full:https://registry.npmjs.org/postcss set size:726591 disposed:false
307 silly fetch manifest chalk@^4.0.0
308 silly packumentCache full:https://registry.npmjs.org/chalk cache-miss
309 http fetch GET 200 https://registry.npmjs.org/@mui%2fsystem 1144ms (cache miss)
310 silly packumentCache full:https://registry.npmjs.org/@mui%2fsystem set size:undefined disposed:false
311 silly fetch manifest debug@^4.3.2
312 silly packumentCache full:https://registry.npmjs.org/debug cache-miss
313 http fetch GET 200 https://registry.npmjs.org/@babel%2fplugin-transform-react-jsx-self 439ms (cache miss)
314 silly packumentCache full:https://registry.npmjs.org/@babel%2fplugin-transform-react-jsx-self set size:undefined disposed:false
315 silly fetch manifest espree@^10.4.0
316 silly packumentCache full:https://registry.npmjs.org/espree cache-miss
317 http fetch GET 200 https://registry.npmjs.org/@babel%2fplugin-transform-react-jsx-source 456ms (cache miss)
318 silly packumentCache full:https://registry.npmjs.org/@babel%2fplugin-transform-react-jsx-source set size:undefined disposed:false
319 silly fetch manifest ignore@^5.2.0
320 silly packumentCache full:https://registry.npmjs.org/ignore cache-miss
321 http fetch GET 200 https://registry.npmjs.org/@babel%2fcore 914ms (cache miss)
322 silly packumentCache full:https://registry.npmjs.org/@babel%2fcore set size:undefined disposed:false
323 silly fetch manifest esquery@^1.5.0
324 silly packumentCache full:https://registry.npmjs.org/esquery cache-miss
325 http fetch GET 200 https://registry.npmjs.org/@kurkle%2fcolor 450ms (cache miss)
326 silly packumentCache full:https://registry.npmjs.org/@kurkle%2fcolor set size:undefined disposed:false
327 silly fetch manifest esutils@^2.0.2
328 silly packumentCache full:https://registry.npmjs.org/esutils cache-miss
329 http fetch GET 200 https://registry.npmjs.org/fsevents 516ms (cache miss)
330 silly packumentCache full:https://registry.npmjs.org/fsevents set size:undefined disposed:false
331 silly fetch manifest find-up@^5.0.0
332 silly packumentCache full:https://registry.npmjs.org/find-up cache-miss
333 http fetch GET 200 https://registry.npmjs.org/chalk 405ms (cache miss)
334 silly packumentCache full:https://registry.npmjs.org/chalk set size:undefined disposed:false
335 silly fetch manifest is-glob@^4.0.0
336 silly packumentCache full:https://registry.npmjs.org/is-glob cache-miss
337 http fetch GET 200 https://registry.npmjs.org/debug 429ms (cache miss)
338 silly packumentCache full:https://registry.npmjs.org/debug set size:undefined disposed:false
339 silly fetch manifest minimatch@^3.1.5
340 silly packumentCache full:https://registry.npmjs.org/minimatch cache-miss
341 http fetch GET 200 https://registry.npmjs.org/ignore 400ms (cache miss)
342 silly packumentCache full:https://registry.npmjs.org/ignore set size:undefined disposed:false
343 silly fetch manifest optionator@^0.9.3
344 silly packumentCache full:https://registry.npmjs.org/optionator cache-miss
345 http fetch GET 200 https://registry.npmjs.org/esquery 266ms (cache miss)
346 silly packumentCache full:https://registry.npmjs.org/esquery set size:undefined disposed:false
347 silly fetch manifest cross-spawn@^7.0.6
348 silly packumentCache full:https://registry.npmjs.org/cross-spawn cache-miss
349 http fetch GET 200 https://registry.npmjs.org/find-up 231ms (cache miss)
350 silly packumentCache full:https://registry.npmjs.org/find-up set size:undefined disposed:false
351 silly fetch manifest glob-parent@^6.0.2
352 silly packumentCache full:https://registry.npmjs.org/glob-parent cache-miss
353 http fetch GET 200 https://registry.npmjs.org/esutils 262ms (cache miss)
354 silly packumentCache full:https://registry.npmjs.org/esutils set size:undefined disposed:false
355 silly fetch manifest imurmurhash@^0.1.4
356 silly packumentCache full:https://registry.npmjs.org/imurmurhash cache-miss
357 http fetch GET 200 https://registry.npmjs.org/espree 589ms (cache miss)
358 silly packumentCache full:https://registry.npmjs.org/espree set size:undefined disposed:false
359 silly fetch manifest @eslint/core@^0.17.0
360 silly packumentCache full:https://registry.npmjs.org/@eslint%2fcore cache-miss
361 http fetch GET 200 https://registry.npmjs.org/is-glob 285ms (cache miss)
362 silly packumentCache full:https://registry.npmjs.org/is-glob set size:undefined disposed:false
363 silly fetch manifest eslint-scope@^8.4.0
364 silly packumentCache full:https://registry.npmjs.org/eslint-scope cache-miss
365 http fetch GET 200 https://registry.npmjs.org/optionator 229ms (cache miss)
366 silly packumentCache full:https://registry.npmjs.org/optionator set size:undefined disposed:false
367 silly fetch manifest lodash.merge@^4.6.2
368 silly packumentCache full:https://registry.npmjs.org/lodash.merge cache-miss
369 http fetch GET 200 https://registry.npmjs.org/glob-parent 218ms (cache miss)
370 silly packumentCache full:https://registry.npmjs.org/glob-parent set size:undefined disposed:false
371 silly fetch manifest @humanfs/node@^0.16.6
372 silly packumentCache full:https://registry.npmjs.org/@humanfs%2fnode cache-miss
373 http fetch GET 200 https://registry.npmjs.org/imurmurhash 231ms (cache miss)
374 silly packumentCache full:https://registry.npmjs.org/imurmurhash set size:undefined disposed:false
375 silly fetch manifest @types/estree@^1.0.6
376 silly packumentCache full:https://registry.npmjs.org/@types%2festree cache-miss
377 http fetch GET 200 https://registry.npmjs.org/@babel%2fruntime 2703ms (cache miss)
378 silly packumentCache full:https://registry.npmjs.org/@babel%2fruntime set size:undefined disposed:false
379 silly fetch manifest fast-deep-equal@^3.1.3
380 silly packumentCache full:https://registry.npmjs.org/fast-deep-equal cache-miss
381 http fetch GET 200 https://registry.npmjs.org/cross-spawn 393ms (cache miss)
382 silly packumentCache full:https://registry.npmjs.org/cross-spawn set size:undefined disposed:false
383 silly fetch manifest natural-compare@^1.4.0
384 silly packumentCache full:https://registry.npmjs.org/natural-compare cache-miss
385 http fetch GET 200 https://registry.npmjs.org/esbuild 1267ms (cache miss)
386 silly packumentCache full:https://registry.npmjs.org/esbuild set size:undefined disposed:false
387 silly fetch manifest @eslint/eslintrc@^3.3.5
388 silly packumentCache full:https://registry.npmjs.org/@eslint%2feslintrc cache-miss
389 http fetch GET 200 https://registry.npmjs.org/@eslint%2fcore 422ms (cache miss)
390 silly packumentCache full:https://registry.npmjs.org/@eslint%2fcore set size:undefined disposed:false
391 silly fetch manifest file-entry-cache@^8.0.0
392 silly packumentCache full:https://registry.npmjs.org/file-entry-cache cache-miss
393 http fetch GET 200 https://registry.npmjs.org/minimatch 643ms (cache miss)
394 silly packumentCache full:https://registry.npmjs.org/minimatch set size:undefined disposed:false
395 silly fetch manifest @eslint/plugin-kit@^0.4.1
396 silly packumentCache full:https://registry.npmjs.org/@eslint%2fplugin-kit cache-miss
397 http fetch GET 200 https://registry.npmjs.org/eslint-scope 471ms (cache miss)
398 silly packumentCache full:https://registry.npmjs.org/eslint-scope set size:undefined disposed:false
399 silly fetch manifest eslint-visitor-keys@^4.2.1
400 silly packumentCache full:https://registry.npmjs.org/eslint-visitor-keys cache-miss
401 http fetch GET 200 https://registry.npmjs.org/@humanfs%2fnode 408ms (cache miss)
402 silly packumentCache full:https://registry.npmjs.org/@humanfs%2fnode set size:undefined disposed:false
403 silly fetch manifest @eslint/config-array@^0.21.2
404 silly packumentCache full:https://registry.npmjs.org/@eslint%2fconfig-array cache-miss
405 http fetch GET 200 https://registry.npmjs.org/@types%2festree 398ms (cache miss)
406 silly packumentCache full:https://registry.npmjs.org/@types%2festree set size:undefined disposed:false
407 silly fetch manifest @humanwhocodes/retry@^0.4.2
408 silly packumentCache full:https://registry.npmjs.org/@humanwhocodes%2fretry cache-miss
409 http fetch GET 200 https://registry.npmjs.org/lodash.merge 477ms (cache miss)
410 silly packumentCache full:https://registry.npmjs.org/lodash.merge set size:undefined disposed:false
411 silly fetch manifest escape-string-regexp@^4.0.0
412 silly packumentCache full:https://registry.npmjs.org/escape-string-regexp cache-miss
413 http fetch GET 200 https://registry.npmjs.org/natural-compare 296ms (cache miss)
414 silly packumentCache full:https://registry.npmjs.org/natural-compare set size:undefined disposed:false
415 silly fetch manifest @eslint/config-helpers@^0.4.2
416 silly packumentCache full:https://registry.npmjs.org/@eslint%2fconfig-helpers cache-miss
417 http fetch GET 200 https://registry.npmjs.org/fast-deep-equal 356ms (cache miss)
418 silly packumentCache full:https://registry.npmjs.org/fast-deep-equal set size:undefined disposed:false
419 silly fetch manifest @eslint-community/regexpp@^4.12.1
420 silly packumentCache full:https://registry.npmjs.org/@eslint-community%2fregexpp cache-miss
421 http fetch GET 200 https://registry.npmjs.org/ajv 1364ms (cache miss)
422 silly packumentCache full:https://registry.npmjs.org/ajv set size:undefined disposed:false
423 silly fetch manifest @eslint-community/eslint-utils@^4.8.0
424 silly packumentCache full:https://registry.npmjs.org/@eslint-community%2feslint-utils cache-miss
425 http fetch GET 200 https://registry.npmjs.org/@eslint%2feslintrc 416ms (cache miss)
426 silly packumentCache full:https://registry.npmjs.org/@eslint%2feslintrc set size:undefined disposed:false
427 silly fetch manifest @humanwhocodes/module-importer@^1.0.1
428 silly packumentCache full:https://registry.npmjs.org/@humanwhocodes%2fmodule-importer cache-miss
429 http fetch GET 200 https://registry.npmjs.org/file-entry-cache 351ms (cache miss)
430 silly packumentCache full:https://registry.npmjs.org/file-entry-cache set size:undefined disposed:false
431 silly fetch manifest json-stable-stringify-without-jsonify@^1.0.1
432 silly packumentCache full:https://registry.npmjs.org/json-stable-stringify-without-jsonify cache-miss
433 http fetch GET 200 https://registry.npmjs.org/@eslint%2fplugin-kit 321ms (cache miss)
434 silly packumentCache full:https://registry.npmjs.org/@eslint%2fplugin-kit set size:undefined disposed:false
435 silly fetch manifest array-includes@^3.1.8
436 silly packumentCache full:https://registry.npmjs.org/array-includes cache-miss
437 http fetch GET 200 https://registry.npmjs.org/escape-string-regexp 239ms (cache miss)
438 silly packumentCache full:https://registry.npmjs.org/escape-string-regexp set size:undefined disposed:false
439 silly fetch manifest array.prototype.findlast@^1.2.5
440 silly packumentCache full:https://registry.npmjs.org/array.prototype.findlast cache-miss
441 http fetch GET 200 https://registry.npmjs.org/@humanwhocodes%2fretry 275ms (cache miss)
442 silly packumentCache full:https://registry.npmjs.org/@humanwhocodes%2fretry set size:undefined disposed:false
443 silly fetch manifest array.prototype.flatmap@^1.3.3
444 silly packumentCache full:https://registry.npmjs.org/array.prototype.flatmap cache-miss
445 http fetch GET 200 https://registry.npmjs.org/eslint-visitor-keys 329ms (cache miss)
446 silly packumentCache full:https://registry.npmjs.org/eslint-visitor-keys set size:undefined disposed:false
447 silly fetch manifest array.prototype.tosorted@^1.1.4
448 silly packumentCache full:https://registry.npmjs.org/array.prototype.tosorted cache-miss
449 http fetch GET 200 https://registry.npmjs.org/@eslint%2fconfig-helpers 285ms (cache miss)
450 silly packumentCache full:https://registry.npmjs.org/@eslint%2fconfig-helpers set size:undefined disposed:false
451 silly fetch manifest doctrine@^2.1.0
452 silly packumentCache full:https://registry.npmjs.org/doctrine cache-miss
453 http fetch GET 200 https://registry.npmjs.org/@eslint%2fconfig-array 347ms (cache miss)
454 silly packumentCache full:https://registry.npmjs.org/@eslint%2fconfig-array set size:undefined disposed:false
455 silly fetch manifest es-iterator-helpers@^1.2.1
456 silly packumentCache full:https://registry.npmjs.org/es-iterator-helpers cache-miss
457 http fetch GET 200 https://registry.npmjs.org/@babel%2fruntime 3665ms (cache miss)
458 silly packumentCache full:https://registry.npmjs.org/@babel%2fruntime set size:undefined disposed:false
459 silly fetch manifest estraverse@^5.3.0
460 silly packumentCache full:https://registry.npmjs.org/estraverse cache-miss
461 http fetch GET 200 https://registry.npmjs.org/@eslint-community%2fregexpp 404ms (cache miss)
462 silly packumentCache full:https://registry.npmjs.org/@eslint-community%2fregexpp set size:undefined disposed:false
463 silly fetch manifest hasown@^2.0.2
464 silly packumentCache full:https://registry.npmjs.org/hasown cache-miss
465 http fetch GET 200 https://registry.npmjs.org/@eslint-community%2feslint-utils 412ms (cache miss)
466 silly packumentCache full:https://registry.npmjs.org/@eslint-community%2feslint-utils set size:undefined disposed:false
467 silly fetch manifest jsx-ast-utils@^2.4.1 || ^3.0.0
468 silly packumentCache full:https://registry.npmjs.org/jsx-ast-utils cache-miss
469 http fetch GET 200 https://registry.npmjs.org/json-stable-stringify-without-jsonify 328ms (cache miss)
470 silly packumentCache full:https://registry.npmjs.org/json-stable-stringify-without-jsonify set size:undefined disposed:false
471 silly fetch manifest minimatch@^3.1.2
472 silly packumentCache full:https://registry.npmjs.org/minimatch cache-miss
473 http fetch GET 200 https://registry.npmjs.org/@humanwhocodes%2fmodule-importer 356ms (cache miss)
474 silly packumentCache full:https://registry.npmjs.org/@humanwhocodes%2fmodule-importer set size:undefined disposed:false
475 silly fetch manifest object.entries@^1.1.9
476 silly packumentCache full:https://registry.npmjs.org/object.entries cache-miss
477 http fetch GET 200 https://registry.npmjs.org/array.prototype.findlast 333ms (cache miss)
478 silly packumentCache full:https://registry.npmjs.org/array.prototype.findlast set size:undefined disposed:false
479 silly fetch manifest object.fromentries@^2.0.8
480 silly packumentCache full:https://registry.npmjs.org/object.fromentries cache-miss
481 http fetch GET 200 https://registry.npmjs.org/array.prototype.tosorted 305ms (cache miss)
482 silly packumentCache full:https://registry.npmjs.org/array.prototype.tosorted set size:undefined disposed:false
483 silly fetch manifest object.values@^1.2.1
484 silly packumentCache full:https://registry.npmjs.org/object.values cache-miss
485 http fetch GET 200 https://registry.npmjs.org/doctrine 309ms (cache miss)
486 silly packumentCache full:https://registry.npmjs.org/doctrine set size:undefined disposed:false
487 silly fetch manifest resolve@^2.0.0-next.5
488 silly packumentCache full:https://registry.npmjs.org/resolve cache-miss
489 http fetch GET 200 https://registry.npmjs.org/array.prototype.flatmap 372ms (cache miss)
490 silly packumentCache full:https://registry.npmjs.org/array.prototype.flatmap set size:undefined disposed:false
491 silly fetch manifest semver@^6.3.1
492 silly packumentCache full:https://registry.npmjs.org/semver cache-miss
493 http fetch GET 200 https://registry.npmjs.org/array-includes 413ms (cache miss)
494 silly packumentCache full:https://registry.npmjs.org/array-includes set size:undefined disposed:false
495 silly fetch manifest string.prototype.matchall@^4.0.12
496 silly packumentCache full:https://registry.npmjs.org/string.prototype.matchall cache-miss
497 http fetch GET 200 https://registry.npmjs.org/estraverse 322ms (cache miss)
498 silly packumentCache full:https://registry.npmjs.org/estraverse set size:undefined disposed:false
499 silly fetch manifest string.prototype.repeat@^1.0.0
500 silly packumentCache full:https://registry.npmjs.org/string.prototype.repeat cache-miss
501 http fetch GET 200 https://registry.npmjs.org/hasown 291ms (cache miss)
502 silly packumentCache full:https://registry.npmjs.org/hasown set size:undefined disposed:false
503 silly fetch manifest @firebase/ai@1.4.1
504 silly packumentCache full:https://registry.npmjs.org/@firebase%2fai cache-miss
505 http cache https://registry.npmjs.org/minimatch 249ms (cache hit)
506 silly packumentCache full:https://registry.npmjs.org/minimatch set size:375282 disposed:false
507 silly fetch manifest @firebase/app@0.13.2
508 silly packumentCache full:https://registry.npmjs.org/@firebase%2fapp cache-miss
509 http fetch GET 200 https://registry.npmjs.org/es-iterator-helpers 521ms (cache miss)
510 silly packumentCache full:https://registry.npmjs.org/es-iterator-helpers set size:undefined disposed:false
511 silly fetch manifest @firebase/auth@1.10.8
512 silly packumentCache full:https://registry.npmjs.org/@firebase%2fauth cache-miss
513 http fetch GET 200 https://registry.npmjs.org/jsx-ast-utils 365ms (cache miss)
514 silly packumentCache full:https://registry.npmjs.org/jsx-ast-utils set size:undefined disposed:false
515 silly fetch manifest @firebase/util@1.12.1
516 silly packumentCache full:https://registry.npmjs.org/@firebase%2futil cache-miss
517 http fetch GET 200 https://registry.npmjs.org/object.fromentries 312ms (cache miss)
518 silly packumentCache full:https://registry.npmjs.org/object.fromentries set size:undefined disposed:false
519 silly fetch manifest @firebase/storage@0.13.14
520 silly packumentCache full:https://registry.npmjs.org/@firebase%2fstorage cache-miss
521 http fetch GET 200 https://registry.npmjs.org/object.entries 369ms (cache miss)
522 silly packumentCache full:https://registry.npmjs.org/object.entries set size:undefined disposed:false
523 silly fetch manifest @firebase/database@1.0.20
524 silly packumentCache full:https://registry.npmjs.org/@firebase%2fdatabase cache-miss
525 http fetch GET 200 https://registry.npmjs.org/string.prototype.matchall 299ms (cache miss)
526 silly packumentCache full:https://registry.npmjs.org/string.prototype.matchall set size:undefined disposed:false
527 silly fetch manifest @firebase/analytics@0.10.17
528 silly packumentCache full:https://registry.npmjs.org/@firebase%2fanalytics cache-miss
529 http fetch GET 200 https://registry.npmjs.org/object.values 389ms (cache miss)
530 silly packumentCache full:https://registry.npmjs.org/object.values set size:undefined disposed:false
531 silly fetch manifest @firebase/app-check@0.10.1
532 silly packumentCache full:https://registry.npmjs.org/@firebase%2fapp-check cache-miss
533 http fetch GET 200 https://registry.npmjs.org/string.prototype.repeat 262ms (cache miss)
534 silly packumentCache full:https://registry.npmjs.org/string.prototype.repeat set size:undefined disposed:false
535 silly fetch manifest @firebase/app-types@0.9.3
536 silly packumentCache full:https://registry.npmjs.org/@firebase%2fapp-types cache-miss
537 http fetch GET 200 https://registry.npmjs.org/resolve 446ms (cache miss)
538 silly packumentCache full:https://registry.npmjs.org/resolve set size:undefined disposed:false
539 silly fetch manifest @firebase/firestore@4.8.0
540 silly packumentCache full:https://registry.npmjs.org/@firebase%2ffirestore cache-miss
541 http fetch GET 200 https://registry.npmjs.org/semver 458ms (cache miss)
542 silly packumentCache full:https://registry.npmjs.org/semver set size:undefined disposed:false
543 silly fetch manifest @firebase/functions@0.12.9
544 silly packumentCache full:https://registry.npmjs.org/@firebase%2ffunctions cache-miss
545 http fetch GET 200 https://registry.npmjs.org/@firebase%2fai 684ms (cache miss)
546 silly packumentCache full:https://registry.npmjs.org/@firebase%2fai set size:undefined disposed:false
547 silly fetch manifest @firebase/messaging@0.12.22
548 silly packumentCache full:https://registry.npmjs.org/@firebase%2fmessaging cache-miss
549 http fetch GET 200 https://registry.npmjs.org/react-is 4195ms (cache miss)
550 silly packumentCache full:https://registry.npmjs.org/react-is set size:undefined disposed:false
551 silly fetch manifest @firebase/app-compat@0.4.2
552 silly packumentCache full:https://registry.npmjs.org/@firebase%2fapp-compat cache-miss
553 http fetch GET 200 https://registry.npmjs.org/scheduler 4143ms (cache miss)
554 silly packumentCache full:https://registry.npmjs.org/scheduler set size:undefined disposed:false
555 silly fetch manifest @firebase/auth-compat@0.5.28
556 silly packumentCache full:https://registry.npmjs.org/@firebase%2fauth-compat cache-miss
557 http fetch GET 200 https://registry.npmjs.org/rollup 3935ms (cache miss)
558 silly packumentCache full:https://registry.npmjs.org/rollup set size:undefined disposed:false
559 silly fetch manifest @firebase/performance@0.7.7
560 silly packumentCache full:https://registry.npmjs.org/@firebase%2fperformance cache-miss
561 http fetch GET 200 https://registry.npmjs.org/react-refresh 4403ms (cache miss)
562 silly packumentCache full:https://registry.npmjs.org/react-refresh set size:undefined disposed:false
563 silly fetch manifest @firebase/data-connect@0.3.10
564 silly packumentCache full:https://registry.npmjs.org/@firebase%2fdata-connect cache-miss
565 http fetch GET 200 https://registry.npmjs.org/@firebase%2fdata-connect 801ms (cache miss)
566 silly packumentCache full:https://registry.npmjs.org/@firebase%2fdata-connect set size:undefined disposed:false
567 silly fetch manifest @firebase/installations@0.6.18
568 silly packumentCache full:https://registry.npmjs.org/@firebase%2finstallations cache-miss
569 http fetch GET 200 https://registry.npmjs.org/@firebase%2fapp-check 2862ms (cache miss)
570 silly packumentCache full:https://registry.npmjs.org/@firebase%2fapp-check set size:undefined disposed:false
571 silly fetch manifest @firebase/remote-config@0.6.5
572 silly packumentCache full:https://registry.npmjs.org/@firebase%2fremote-config cache-miss
573 http fetch GET 200 https://registry.npmjs.org/@firebase%2fapp-compat 2505ms (cache miss)
574 silly packumentCache full:https://registry.npmjs.org/@firebase%2fapp-compat set size:undefined disposed:false
575 silly fetch manifest @firebase/storage-compat@0.3.24
576 silly packumentCache full:https://registry.npmjs.org/@firebase%2fstorage-compat cache-miss
577 http fetch GET 200 https://registry.npmjs.org/@firebase%2fapp-types 3748ms (cache miss)
578 silly packumentCache full:https://registry.npmjs.org/@firebase%2fapp-types set size:undefined disposed:false
579 silly fetch manifest @firebase/database-compat@2.0.11
580 silly packumentCache full:https://registry.npmjs.org/@firebase%2fdatabase-compat cache-miss
581 http fetch GET 200 https://registry.npmjs.org/@firebase%2fauth-compat 3095ms (cache miss)
582 silly packumentCache full:https://registry.npmjs.org/@firebase%2fauth-compat set size:undefined disposed:false
583 silly fetch manifest @firebase/analytics-compat@0.2.23
584 silly packumentCache full:https://registry.npmjs.org/@firebase%2fanalytics-compat cache-miss
585 http fetch GET 200 https://registry.npmjs.org/@firebase%2fanalytics 4741ms (cache miss)
586 silly packumentCache full:https://registry.npmjs.org/@firebase%2fanalytics set size:undefined disposed:false
587 silly fetch manifest @firebase/app-check-compat@0.3.26
588 silly packumentCache full:https://registry.npmjs.org/@firebase%2fapp-check-compat cache-miss
589 http fetch GET 200 https://registry.npmjs.org/@firebase%2futil 5456ms (cache miss)
590 silly packumentCache full:https://registry.npmjs.org/@firebase%2futil set size:undefined disposed:false
591 silly fetch manifest @firebase/firestore-compat@0.3.53
592 silly packumentCache full:https://registry.npmjs.org/@firebase%2ffirestore-compat cache-miss
593 http fetch GET 200 https://registry.npmjs.org/@firebase%2fapp 5977ms (cache miss)
594 silly packumentCache full:https://registry.npmjs.org/@firebase%2fapp set size:undefined disposed:false
595 silly fetch manifest @firebase/functions-compat@0.3.26
596 silly packumentCache full:https://registry.npmjs.org/@firebase%2ffunctions-compat cache-miss
597 http fetch GET 200 https://registry.npmjs.org/@firebase%2fstorage-compat 2671ms (cache miss)
598 silly packumentCache full:https://registry.npmjs.org/@firebase%2fstorage-compat set size:undefined disposed:false
599 silly fetch manifest @firebase/messaging-compat@0.2.22
600 silly packumentCache full:https://registry.npmjs.org/@firebase%2fmessaging-compat cache-miss
601 http fetch GET 200 https://registry.npmjs.org/@firebase%2fperformance 4676ms (cache miss)
602 silly packumentCache full:https://registry.npmjs.org/@firebase%2fperformance set size:undefined disposed:false
603 silly fetch manifest @firebase/performance-compat@0.2.20
604 silly packumentCache full:https://registry.npmjs.org/@firebase%2fperformance-compat cache-miss
605 http fetch GET 200 https://registry.npmjs.org/@firebase%2fstorage 6492ms (cache miss)
606 silly packumentCache full:https://registry.npmjs.org/@firebase%2fstorage set size:undefined disposed:false
607 silly fetch manifest @firebase/installations-compat@0.2.18
608 silly packumentCache full:https://registry.npmjs.org/@firebase%2finstallations-compat cache-miss
609 http fetch GET 200 https://registry.npmjs.org/@firebase%2ffunctions 6659ms (cache miss)
610 silly packumentCache full:https://registry.npmjs.org/@firebase%2ffunctions set size:undefined disposed:false
611 silly fetch manifest @firebase/remote-config-compat@0.2.18
612 silly packumentCache full:https://registry.npmjs.org/@firebase%2fremote-config-compat cache-miss
613 http fetch GET 200 https://registry.npmjs.org/@firebase%2fdatabase 7205ms (cache miss)
614 silly packumentCache full:https://registry.npmjs.org/@firebase%2fdatabase set size:undefined disposed:false
615 silly fetch manifest react-router@6.30.4
616 silly packumentCache full:https://registry.npmjs.org/react-router cache-miss
617 http fetch GET 200 https://registry.npmjs.org/@firebase%2fdatabase-compat 3602ms (cache miss)
618 silly packumentCache full:https://registry.npmjs.org/@firebase%2fdatabase-compat set size:undefined disposed:false
619 silly fetch manifest @remix-run/router@1.23.3
620 silly packumentCache full:https://registry.npmjs.org/@remix-run%2frouter cache-miss
621 http fetch GET 200 https://registry.npmjs.org/@firebase%2fmessaging 7204ms (cache miss)
622 silly packumentCache full:https://registry.npmjs.org/@firebase%2fmessaging set size:undefined disposed:false
623 silly fetch manifest cfb@~1.2.1
624 silly packumentCache full:https://registry.npmjs.org/cfb cache-miss
625 http fetch GET 200 https://registry.npmjs.org/@firebase%2fanalytics-compat 3544ms (cache miss)
626 silly packumentCache full:https://registry.npmjs.org/@firebase%2fanalytics-compat set size:undefined disposed:false
627 silly fetch manifest ssf@~0.11.2
628 silly packumentCache full:https://registry.npmjs.org/ssf cache-miss
629 http fetch GET 200 https://registry.npmjs.org/cfb 233ms (cache miss)
630 silly packumentCache full:https://registry.npmjs.org/cfb set size:undefined disposed:false
631 silly fetch manifest wmf@~1.0.1
632 silly packumentCache full:https://registry.npmjs.org/wmf cache-miss
633 http fetch GET 200 https://registry.npmjs.org/@firebase%2fauth 8308ms (cache miss)
634 silly packumentCache full:https://registry.npmjs.org/@firebase%2fauth set size:undefined disposed:false
635 silly fetch manifest word@~0.3.0
636 silly packumentCache full:https://registry.npmjs.org/word cache-miss
637 http fetch GET 200 https://registry.npmjs.org/ssf 445ms (cache miss)
638 silly packumentCache full:https://registry.npmjs.org/ssf set size:undefined disposed:false
639 silly fetch manifest crc-32@~1.2.1
640 silly packumentCache full:https://registry.npmjs.org/crc-32 cache-miss
641 http fetch GET 200 https://registry.npmjs.org/wmf 451ms (cache miss)
642 silly packumentCache full:https://registry.npmjs.org/wmf set size:undefined disposed:false
643 silly fetch manifest adler-32@~1.3.0
644 silly packumentCache full:https://registry.npmjs.org/adler-32 cache-miss
645 http fetch GET 200 https://registry.npmjs.org/word 145ms (cache miss)
646 silly packumentCache full:https://registry.npmjs.org/word set size:undefined disposed:false
647 silly fetch manifest codepage@~1.15.0
648 silly packumentCache full:https://registry.npmjs.org/codepage cache-miss
649 http fetch GET 200 https://registry.npmjs.org/@firebase%2fapp-check-compat 3655ms (cache miss)
650 silly packumentCache full:https://registry.npmjs.org/@firebase%2fapp-check-compat set size:undefined disposed:false
651 http fetch GET 200 https://registry.npmjs.org/crc-32 226ms (cache miss)
652 silly packumentCache full:https://registry.npmjs.org/crc-32 set size:undefined disposed:false
653 http fetch GET 200 https://registry.npmjs.org/@firebase%2finstallations 6206ms (cache miss)
654 silly packumentCache full:https://registry.npmjs.org/@firebase%2finstallations set size:undefined disposed:false
655 http fetch GET 200 https://registry.npmjs.org/@remix-run%2frouter 1218ms (cache miss)
656 silly packumentCache full:https://registry.npmjs.org/@remix-run%2frouter set size:undefined disposed:false
657 http fetch GET 200 https://registry.npmjs.org/adler-32 339ms (cache miss)
658 silly packumentCache full:https://registry.npmjs.org/adler-32 set size:undefined disposed:false
659 http fetch GET 200 https://registry.npmjs.org/codepage 334ms (cache miss)
660 silly packumentCache full:https://registry.npmjs.org/codepage set size:undefined disposed:false
661 http fetch GET 200 https://registry.npmjs.org/@firebase%2fremote-config 6039ms (cache miss)
662 silly packumentCache full:https://registry.npmjs.org/@firebase%2fremote-config set size:undefined disposed:false
663 http fetch GET 200 https://registry.npmjs.org/@firebase%2ffirestore-compat 3782ms (cache miss)
664 silly packumentCache full:https://registry.npmjs.org/@firebase%2ffirestore-compat set size:undefined disposed:false
665 http fetch GET 200 https://registry.npmjs.org/@firebase%2fmessaging-compat 3286ms (cache miss)
666 silly packumentCache full:https://registry.npmjs.org/@firebase%2fmessaging-compat set size:undefined disposed:false
667 http fetch GET 200 https://registry.npmjs.org/react-router 2127ms (cache miss)
668 silly packumentCache full:https://registry.npmjs.org/react-router set size:undefined disposed:false
669 http fetch GET 200 https://registry.npmjs.org/@firebase%2fperformance-compat 3271ms (cache miss)
670 silly packumentCache full:https://registry.npmjs.org/@firebase%2fperformance-compat set size:undefined disposed:false
671 http fetch GET 200 https://registry.npmjs.org/@firebase%2ffunctions-compat 3718ms (cache miss)
672 silly packumentCache full:https://registry.npmjs.org/@firebase%2ffunctions-compat set size:undefined disposed:false
673 http fetch GET 200 https://registry.npmjs.org/@firebase%2finstallations-compat 3182ms (cache miss)
674 silly packumentCache full:https://registry.npmjs.org/@firebase%2finstallations-compat set size:undefined disposed:false
675 http fetch GET 200 https://registry.npmjs.org/@firebase%2fremote-config-compat 2888ms (cache miss)
676 silly packumentCache full:https://registry.npmjs.org/@firebase%2fremote-config-compat set size:undefined disposed:false
677 http fetch GET 200 https://registry.npmjs.org/@firebase%2ffirestore 10003ms (cache miss)
678 silly packumentCache full:https://registry.npmjs.org/@firebase%2ffirestore set size:undefined disposed:false
679 silly fetch manifest react@>=16.8.0
680 silly packumentCache full:https://registry.npmjs.org/react cache-miss
681 http cache https://registry.npmjs.org/react 58ms (cache hit)
682 silly packumentCache full:https://registry.npmjs.org/react set size:6760698 disposed:false
683 silly placeDep ROOT @babel/runtime@7.29.7 OK for: @emotion/react@11.14.0 want: ^7.18.3
684 silly placeDep ROOT @emotion/babel-plugin@11.13.5 OK for: @emotion/react@11.14.0 want: ^11.13.5
685 silly placeDep ROOT @emotion/cache@11.14.0 OK for: @emotion/react@11.14.0 want: ^11.14.0
686 silly placeDep ROOT @emotion/serialize@1.3.3 OK for: @emotion/react@11.14.0 want: ^1.3.3
687 silly placeDep ROOT @emotion/use-insertion-effect-with-fallbacks@1.2.0 OK for: @emotion/react@11.14.0 want: ^1.2.0
688 silly placeDep ROOT @emotion/utils@1.4.2 OK for: @emotion/react@11.14.0 want: ^1.4.2
689 silly placeDep ROOT @emotion/weak-memoize@0.4.0 OK for: @emotion/react@11.14.0 want: ^0.4.0
690 silly placeDep ROOT hoist-non-react-statics@3.3.2 OK for: @emotion/react@11.14.0 want: ^3.3.1
691 silly fetch manifest stylis@4.2.0
692 silly packumentCache full:https://registry.npmjs.org/stylis cache-miss
693 silly fetch manifest find-root@^1.1.0
694 silly packumentCache full:https://registry.npmjs.org/find-root cache-miss
695 silly fetch manifest source-map@^0.5.7
696 silly packumentCache full:https://registry.npmjs.org/source-map cache-miss
697 silly fetch manifest @emotion/hash@^0.9.2
698 silly packumentCache full:https://registry.npmjs.org/@emotion%2fhash cache-miss
699 silly fetch manifest @emotion/memoize@^0.9.0
700 silly packumentCache full:https://registry.npmjs.org/@emotion%2fmemoize cache-miss
701 silly fetch manifest convert-source-map@^1.5.0
702 silly packumentCache full:https://registry.npmjs.org/convert-source-map cache-miss
703 silly fetch manifest babel-plugin-macros@^3.1.0
704 silly packumentCache full:https://registry.npmjs.org/babel-plugin-macros cache-miss
705 silly fetch manifest @babel/helper-module-imports@^7.16.7
706 silly packumentCache full:https://registry.npmjs.org/@babel%2fhelper-module-imports cache-miss
707 silly fetch manifest stylis@4.2.0
708 silly packumentCache full:https://registry.npmjs.org/stylis cache-miss
709 silly fetch manifest @emotion/sheet@^1.4.0
710 silly packumentCache full:https://registry.npmjs.org/@emotion%2fsheet cache-miss
711 silly fetch manifest @emotion/memoize@^0.9.0
712 silly packumentCache full:https://registry.npmjs.org/@emotion%2fmemoize cache-miss
713 silly fetch manifest csstype@^3.0.2
714 silly packumentCache full:https://registry.npmjs.org/csstype cache-hit
715 silly fetch manifest @emotion/hash@^0.9.2
716 silly packumentCache full:https://registry.npmjs.org/@emotion%2fhash cache-miss
717 silly fetch manifest @emotion/memoize@^0.9.0
718 silly packumentCache full:https://registry.npmjs.org/@emotion%2fmemoize cache-miss
719 silly fetch manifest @emotion/unitless@^0.10.0
720 silly packumentCache full:https://registry.npmjs.org/@emotion%2funitless cache-miss
721 silly fetch manifest react-is@^16.7.0
722 silly packumentCache full:https://registry.npmjs.org/react-is cache-miss
723 http cache https://registry.npmjs.org/react-is 169ms (cache hit)
724 silly packumentCache full:https://registry.npmjs.org/react-is set size:5469921 disposed:false
725 http fetch GET 200 https://registry.npmjs.org/@emotion%2fmemoize 322ms (cache miss)
726 silly packumentCache full:https://registry.npmjs.org/@emotion%2fmemoize set size:undefined disposed:false
727 http fetch GET 200 https://registry.npmjs.org/find-root 343ms (cache miss)
728 silly packumentCache full:https://registry.npmjs.org/find-root set size:undefined disposed:false
729 http fetch GET 200 https://registry.npmjs.org/@emotion%2funitless 331ms (cache miss)
730 silly packumentCache full:https://registry.npmjs.org/@emotion%2funitless set size:undefined disposed:false
731 http fetch GET 200 https://registry.npmjs.org/convert-source-map 347ms (cache miss)
732 silly packumentCache full:https://registry.npmjs.org/convert-source-map set size:undefined disposed:false
733 http fetch GET 200 https://registry.npmjs.org/@emotion%2fhash 354ms (cache miss)
734 silly packumentCache full:https://registry.npmjs.org/@emotion%2fhash set size:undefined disposed:false
735 http fetch GET 200 https://registry.npmjs.org/@emotion%2fmemoize 351ms (cache miss)
736 silly packumentCache full:https://registry.npmjs.org/@emotion%2fmemoize set size:undefined disposed:false
737 http fetch GET 200 https://registry.npmjs.org/@emotion%2fhash 350ms (cache miss)
738 silly packumentCache full:https://registry.npmjs.org/@emotion%2fhash set size:undefined disposed:false
739 http fetch GET 200 https://registry.npmjs.org/@emotion%2fmemoize 364ms (cache miss)
740 silly packumentCache full:https://registry.npmjs.org/@emotion%2fmemoize set size:undefined disposed:false
741 http fetch GET 200 https://registry.npmjs.org/@emotion%2fsheet 362ms (cache miss)
742 silly packumentCache full:https://registry.npmjs.org/@emotion%2fsheet set size:undefined disposed:false
743 http fetch GET 200 https://registry.npmjs.org/babel-plugin-macros 372ms (cache miss)
744 silly packumentCache full:https://registry.npmjs.org/babel-plugin-macros set size:undefined disposed:false
745 http fetch GET 200 https://registry.npmjs.org/source-map 387ms (cache miss)
746 silly packumentCache full:https://registry.npmjs.org/source-map set size:undefined disposed:false
747 http fetch GET 200 https://registry.npmjs.org/@babel%2fhelper-module-imports 390ms (cache miss)
748 silly packumentCache full:https://registry.npmjs.org/@babel%2fhelper-module-imports set size:undefined disposed:false
749 http fetch GET 200 https://registry.npmjs.org/stylis 410ms (cache miss)
750 silly packumentCache full:https://registry.npmjs.org/stylis set size:undefined disposed:false
751 http fetch GET 200 https://registry.npmjs.org/stylis 429ms (cache miss)
752 silly packumentCache full:https://registry.npmjs.org/stylis set size:undefined disposed:false
753 silly placeDep ROOT @babel/helper-module-imports@7.29.7 OK for: @emotion/babel-plugin@11.13.5 want: ^7.16.7
754 silly placeDep ROOT @emotion/hash@0.9.2 OK for: @emotion/babel-plugin@11.13.5 want: ^0.9.2
755 silly placeDep ROOT @emotion/memoize@0.9.0 OK for: @emotion/babel-plugin@11.13.5 want: ^0.9.0
756 silly placeDep ROOT babel-plugin-macros@3.1.0 OK for: @emotion/babel-plugin@11.13.5 want: ^3.1.0
757 silly placeDep ROOT convert-source-map@1.9.0 OK for: @emotion/babel-plugin@11.13.5 want: ^1.5.0
758 silly placeDep ROOT escape-string-regexp@4.0.0 OK for: @emotion/babel-plugin@11.13.5 want: ^4.0.0
759 silly placeDep ROOT find-root@1.1.0 OK for: @emotion/babel-plugin@11.13.5 want: ^1.1.0
760 silly placeDep ROOT source-map@0.5.7 OK for: @emotion/babel-plugin@11.13.5 want: ^0.5.7
761 silly placeDep ROOT stylis@4.2.0 OK for: @emotion/babel-plugin@11.13.5 want: 4.2.0
762 silly fetch manifest @babel/types@^7.29.7
763 silly packumentCache full:https://registry.npmjs.org/@babel%2ftypes cache-miss
764 silly fetch manifest @babel/traverse@^7.29.7
765 silly packumentCache full:https://registry.npmjs.org/@babel%2ftraverse cache-miss
766 silly fetch manifest cosmiconfig@^7.0.0
767 silly packumentCache full:https://registry.npmjs.org/cosmiconfig cache-miss
768 silly fetch manifest resolve@^1.19.0
769 silly packumentCache full:https://registry.npmjs.org/resolve cache-miss
770 http cache https://registry.npmjs.org/resolve 24ms (cache hit)
771 silly packumentCache full:https://registry.npmjs.org/resolve set size:244568 disposed:false
772 http fetch GET 200 https://registry.npmjs.org/cosmiconfig 67ms (cache miss)
773 silly packumentCache full:https://registry.npmjs.org/cosmiconfig set size:undefined disposed:false
774 http fetch GET 200 https://registry.npmjs.org/@babel%2ftraverse 100ms (cache miss)
775 silly packumentCache full:https://registry.npmjs.org/@babel%2ftraverse set size:undefined disposed:false
776 http fetch GET 200 https://registry.npmjs.org/@babel%2ftypes 112ms (cache miss)
777 silly packumentCache full:https://registry.npmjs.org/@babel%2ftypes set size:undefined disposed:false
778 silly placeDep ROOT @babel/traverse@7.29.7 OK for: @babel/helper-module-imports@7.29.7 want: ^7.29.7
779 silly placeDep ROOT @babel/types@7.29.7 OK for: @babel/helper-module-imports@7.29.7 want: ^7.29.7
780 silly fetch manifest debug@^4.3.1
781 silly packumentCache full:https://registry.npmjs.org/debug cache-miss
782 silly fetch manifest @babel/parser@^7.29.7
783 silly packumentCache full:https://registry.npmjs.org/@babel%2fparser cache-miss
784 silly fetch manifest @babel/template@^7.29.7
785 silly packumentCache full:https://registry.npmjs.org/@babel%2ftemplate cache-miss
786 silly fetch manifest @babel/generator@^7.29.7
787 silly packumentCache full:https://registry.npmjs.org/@babel%2fgenerator cache-miss
788 silly fetch manifest @babel/code-frame@^7.29.7
789 silly packumentCache full:https://registry.npmjs.org/@babel%2fcode-frame cache-miss
790 silly fetch manifest @babel/helper-globals@^7.29.7
791 silly packumentCache full:https://registry.npmjs.org/@babel%2fhelper-globals cache-miss
792 silly fetch manifest @babel/helper-string-parser@^7.29.7
793 silly packumentCache full:https://registry.npmjs.org/@babel%2fhelper-string-parser cache-miss
794 silly fetch manifest @babel/helper-validator-identifier@^7.29.7
795 silly packumentCache full:https://registry.npmjs.org/@babel%2fhelper-validator-identifier cache-miss
796 http cache https://registry.npmjs.org/debug 32ms (cache hit)
797 silly packumentCache full:https://registry.npmjs.org/debug set size:195840 disposed:false
798 http fetch GET 200 https://registry.npmjs.org/@babel%2fhelper-globals 99ms (cache miss)
799 silly packumentCache full:https://registry.npmjs.org/@babel%2fhelper-globals set size:undefined disposed:false
800 http fetch GET 200 https://registry.npmjs.org/@babel%2fhelper-string-parser 129ms (cache miss)
801 silly packumentCache full:https://registry.npmjs.org/@babel%2fhelper-string-parser set size:undefined disposed:false
802 http fetch GET 200 https://registry.npmjs.org/@babel%2fcode-frame 139ms (cache miss)
803 silly packumentCache full:https://registry.npmjs.org/@babel%2fcode-frame set size:undefined disposed:false
804 http fetch GET 200 https://registry.npmjs.org/@babel%2fhelper-validator-identifier 148ms (cache miss)
805 silly packumentCache full:https://registry.npmjs.org/@babel%2fhelper-validator-identifier set size:undefined disposed:false
806 http fetch GET 200 https://registry.npmjs.org/@babel%2ftemplate 166ms (cache miss)
807 silly packumentCache full:https://registry.npmjs.org/@babel%2ftemplate set size:undefined disposed:false
808 http fetch GET 200 https://registry.npmjs.org/@babel%2fgenerator 182ms (cache miss)
809 silly packumentCache full:https://registry.npmjs.org/@babel%2fgenerator set size:undefined disposed:false
810 http fetch GET 200 https://registry.npmjs.org/@babel%2fparser 202ms (cache miss)
811 silly packumentCache full:https://registry.npmjs.org/@babel%2fparser set size:undefined disposed:false
812 silly placeDep ROOT @babel/code-frame@7.29.7 OK for: @babel/traverse@7.29.7 want: ^7.29.7
813 silly placeDep ROOT @babel/generator@7.29.7 OK for: @babel/traverse@7.29.7 want: ^7.29.7
814 silly placeDep ROOT @babel/helper-globals@7.29.7 OK for: @babel/traverse@7.29.7 want: ^7.29.7
815 silly placeDep ROOT @babel/parser@7.29.7 OK for: @babel/traverse@7.29.7 want: ^7.29.7
816 silly placeDep ROOT @babel/template@7.29.7 OK for: @babel/traverse@7.29.7 want: ^7.29.7
817 silly placeDep ROOT debug@4.4.3 OK for: @babel/traverse@7.29.7 want: ^4.3.1
818 silly fetch manifest js-tokens@^4.0.0
819 silly packumentCache full:https://registry.npmjs.org/js-tokens cache-miss
820 silly fetch manifest picocolors@^1.1.1
821 silly packumentCache full:https://registry.npmjs.org/picocolors cache-miss
822 silly fetch manifest jsesc@^3.0.2
823 silly packumentCache full:https://registry.npmjs.org/jsesc cache-miss
824 silly fetch manifest @jridgewell/gen-mapping@^0.3.12
825 silly packumentCache full:https://registry.npmjs.org/@jridgewell%2fgen-mapping cache-miss
826 silly fetch manifest @jridgewell/trace-mapping@^0.3.28
827 silly packumentCache full:https://registry.npmjs.org/@jridgewell%2ftrace-mapping cache-miss
828 silly fetch manifest ms@^2.1.3
829 silly packumentCache full:https://registry.npmjs.org/ms cache-miss
830 http fetch GET 200 https://registry.npmjs.org/picocolors 64ms (cache miss)
831 silly packumentCache full:https://registry.npmjs.org/picocolors set size:undefined disposed:false
832 http fetch GET 200 https://registry.npmjs.org/js-tokens 72ms (cache miss)
833 silly packumentCache full:https://registry.npmjs.org/js-tokens set size:undefined disposed:false
834 http fetch GET 200 https://registry.npmjs.org/jsesc 80ms (cache miss)
835 silly packumentCache full:https://registry.npmjs.org/jsesc set size:undefined disposed:false
836 http fetch GET 200 https://registry.npmjs.org/ms 83ms (cache miss)
837 silly packumentCache full:https://registry.npmjs.org/ms set size:undefined disposed:false
838 http fetch GET 200 https://registry.npmjs.org/@jridgewell%2fgen-mapping 144ms (cache miss)
839 silly packumentCache full:https://registry.npmjs.org/@jridgewell%2fgen-mapping set size:undefined disposed:false
840 http fetch GET 200 https://registry.npmjs.org/@jridgewell%2ftrace-mapping 326ms (cache miss)
841 silly packumentCache full:https://registry.npmjs.org/@jridgewell%2ftrace-mapping set size:undefined disposed:false
842 silly placeDep ROOT @babel/helper-validator-identifier@7.29.7 OK for: @babel/code-frame@7.29.7 want: ^7.29.7
843 silly placeDep ROOT js-tokens@4.0.0 OK for: @babel/code-frame@7.29.7 want: ^4.0.0
844 silly placeDep ROOT picocolors@1.1.1 OK for: @babel/code-frame@7.29.7 want: ^1.1.1
845 silly placeDep ROOT @jridgewell/gen-mapping@0.3.13 OK for: @babel/generator@7.29.7 want: ^0.3.12
846 silly placeDep ROOT @jridgewell/trace-mapping@0.3.31 OK for: @babel/generator@7.29.7 want: ^0.3.28
847 silly placeDep ROOT jsesc@3.1.0 OK for: @babel/generator@7.29.7 want: ^3.0.2
848 silly fetch manifest @jridgewell/trace-mapping@^0.3.24
849 silly packumentCache full:https://registry.npmjs.org/@jridgewell%2ftrace-mapping cache-miss
850 silly fetch manifest @jridgewell/sourcemap-codec@^1.5.0
851 silly packumentCache full:https://registry.npmjs.org/@jridgewell%2fsourcemap-codec cache-miss
852 silly fetch manifest @jridgewell/resolve-uri@^3.1.0
853 silly packumentCache full:https://registry.npmjs.org/@jridgewell%2fresolve-uri cache-miss
854 silly fetch manifest @jridgewell/sourcemap-codec@^1.4.14
855 silly packumentCache full:https://registry.npmjs.org/@jridgewell%2fsourcemap-codec cache-miss
856 http cache https://registry.npmjs.org/@jridgewell%2ftrace-mapping 33ms (cache hit)
857 silly packumentCache full:https://registry.npmjs.org/@jridgewell%2ftrace-mapping set size:170909 disposed:false
858 http fetch GET 200 https://registry.npmjs.org/@jridgewell%2fsourcemap-codec 69ms (cache miss)
859 silly packumentCache full:https://registry.npmjs.org/@jridgewell%2fsourcemap-codec set size:undefined disposed:false
860 http fetch GET 200 https://registry.npmjs.org/@jridgewell%2fsourcemap-codec 78ms (cache miss)
861 silly packumentCache full:https://registry.npmjs.org/@jridgewell%2fsourcemap-codec set size:undefined disposed:false
862 http fetch GET 200 https://registry.npmjs.org/@jridgewell%2fresolve-uri 88ms (cache miss)
863 silly packumentCache full:https://registry.npmjs.org/@jridgewell%2fresolve-uri set size:undefined disposed:false
864 silly placeDep ROOT @babel/helper-string-parser@7.29.7 OK for: @babel/types@7.29.7 want: ^7.29.7
865 silly placeDep ROOT @emotion/sheet@1.4.0 OK for: @emotion/cache@11.14.0 want: ^1.4.0
866 silly placeDep ROOT @emotion/unitless@0.10.0 OK for: @emotion/serialize@1.3.3 want: ^0.10.0
867 silly placeDep ROOT csstype@3.2.3 OK for: @emotion/serialize@1.3.3 want: ^3.0.2
868 silly placeDep ROOT @emotion/is-prop-valid@1.4.0 OK for: @emotion/styled@11.14.1 want: ^1.3.0
869 silly placeDep ROOT @jridgewell/sourcemap-codec@1.5.5 OK for: @jridgewell/gen-mapping@0.3.13 want: ^1.5.0
870 silly placeDep ROOT @jridgewell/resolve-uri@3.1.2 OK for: @jridgewell/trace-mapping@0.3.31 want: ^3.1.0
871 silly fetch manifest @types/react@^17.0.0 || ^18.0.0 || ^19.0.0
872 silly packumentCache full:https://registry.npmjs.org/@types%2freact cache-miss
873 http cache https://registry.npmjs.org/@types%2freact 32ms (cache hit)
874 silly packumentCache full:https://registry.npmjs.org/@types%2freact set size:2632776 disposed:false
875 silly fetch manifest react@^17.0.0 || ^18.0.0 || ^19.0.0
876 silly packumentCache full:https://registry.npmjs.org/react cache-miss
877 http cache https://registry.npmjs.org/react 71ms (cache hit)
878 silly packumentCache full:https://registry.npmjs.org/react set size:6760698 disposed:false
879 silly fetch manifest @emotion/react@^11.5.0
880 silly packumentCache full:https://registry.npmjs.org/@emotion%2freact cache-miss
881 http cache https://registry.npmjs.org/@emotion%2freact 20ms (cache hit)
882 silly packumentCache full:https://registry.npmjs.org/@emotion%2freact set size:196423 disposed:false
883 silly fetch manifest @emotion/styled@^11.3.0
884 silly packumentCache full:https://registry.npmjs.org/@emotion%2fstyled cache-miss
885 http cache https://registry.npmjs.org/@emotion%2fstyled 17ms (cache hit)
886 silly packumentCache full:https://registry.npmjs.org/@emotion%2fstyled set size:286272 disposed:false
887 silly fetch manifest react-dom@^17.0.0 || ^18.0.0 || ^19.0.0
888 silly packumentCache full:https://registry.npmjs.org/react-dom cache-miss
889 http cache https://registry.npmjs.org/react-dom 55ms (cache hit)
890 silly packumentCache full:https://registry.npmjs.org/react-dom set size:9047674 disposed:false
891 silly placeDep ROOT @mui/core-downloads-tracker@6.5.0 OK for: @mui/material@6.5.0 want: ^6.5.0
892 silly placeDep ROOT @mui/system@6.5.0 OK for: @mui/material@6.5.0 want: ^6.5.0
893 silly placeDep ROOT @mui/types@7.2.24 OK for: @mui/material@6.5.0 want: ~7.2.24
894 silly placeDep ROOT @mui/utils@6.4.9 OK for: @mui/material@6.5.0 want: ^6.4.9
895 silly placeDep ROOT @popperjs/core@2.11.8 OK for: @mui/material@6.5.0 want: ^2.11.8
896 silly placeDep ROOT @types/react-transition-group@4.4.12 OK for: @mui/material@6.5.0 want: ^4.4.12
897 silly placeDep ROOT clsx@2.1.1 OK for: @mui/material@6.5.0 want: ^2.1.1
898 silly placeDep ROOT prop-types@15.8.1 OK for: @mui/material@6.5.0 want: ^15.8.1
899 silly placeDep ROOT react-is@19.2.7 OK for: @mui/material@6.5.0 want: ^19.0.0
900 silly placeDep ROOT react-transition-group@4.4.5 OK for: @mui/material@6.5.0 want: ^4.4.5
901 silly fetch manifest @mui/styled-engine@^6.5.0
902 silly packumentCache full:https://registry.npmjs.org/@mui%2fstyled-engine cache-miss
903 silly fetch manifest @mui/private-theming@^6.4.9
904 silly packumentCache full:https://registry.npmjs.org/@mui%2fprivate-theming cache-miss
905 silly fetch manifest @types/prop-types@^15.7.14
906 silly packumentCache full:https://registry.npmjs.org/@types%2fprop-types cache-miss
907 silly fetch manifest loose-envify@^1.4.0
908 silly packumentCache full:https://registry.npmjs.org/loose-envify cache-miss
909 silly fetch manifest object-assign@^4.1.1
910 silly packumentCache full:https://registry.npmjs.org/object-assign cache-miss
911 silly fetch manifest react-is@^16.13.1
912 silly packumentCache full:https://registry.npmjs.org/react-is cache-miss
913 silly fetch manifest dom-helpers@^5.0.1
914 silly packumentCache full:https://registry.npmjs.org/dom-helpers cache-miss
915 silly fetch manifest loose-envify@^1.4.0
916 silly packumentCache full:https://registry.npmjs.org/loose-envify cache-miss
917 http cache https://registry.npmjs.org/@types%2fprop-types 44ms (cache hit)
918 silly packumentCache full:https://registry.npmjs.org/@types%2fprop-types set size:53942 disposed:false
919 http cache https://registry.npmjs.org/react-is 84ms (cache hit)
920 silly packumentCache full:https://registry.npmjs.org/react-is set size:5469921 disposed:false
921 http cache https://registry.npmjs.org/loose-envify 184ms (cache hit)
922 silly packumentCache full:https://registry.npmjs.org/loose-envify set size:12559 disposed:false
923 http cache https://registry.npmjs.org/loose-envify 199ms (cache hit)
924 silly packumentCache full:https://registry.npmjs.org/loose-envify set size:12559 disposed:false
925 silly packumentCache full:https://registry.npmjs.org/loose-envify dispose
926 http fetch GET 200 https://registry.npmjs.org/dom-helpers 239ms (cache miss)
927 silly packumentCache full:https://registry.npmjs.org/dom-helpers set size:undefined disposed:false
928 http fetch GET 200 https://registry.npmjs.org/object-assign 246ms (cache miss)
929 silly packumentCache full:https://registry.npmjs.org/object-assign set size:undefined disposed:false
930 http fetch GET 200 https://registry.npmjs.org/@mui%2fprivate-theming 267ms (cache miss)
931 silly packumentCache full:https://registry.npmjs.org/@mui%2fprivate-theming set size:undefined disposed:false
932 http fetch GET 200 https://registry.npmjs.org/@mui%2fstyled-engine 281ms (cache miss)
933 silly packumentCache full:https://registry.npmjs.org/@mui%2fstyled-engine set size:undefined disposed:false
934 silly placeDep ROOT @mui/private-theming@6.4.9 OK for: @mui/system@6.5.0 want: ^6.4.9
935 silly placeDep ROOT @mui/styled-engine@6.5.0 OK for: @mui/system@6.5.0 want: ^6.5.0
936 silly placeDep ROOT @types/prop-types@15.7.15 OK for: @mui/utils@6.4.9 want: ^15.7.14
937 silly placeDep ROOT @babel/core@7.29.7 OK for: @vitejs/plugin-react@4.7.0 want: ^7.28.0
938 silly placeDep ROOT @babel/plugin-transform-react-jsx-self@7.29.7 OK for: @vitejs/plugin-react@4.7.0 want: ^7.27.1
939 silly placeDep ROOT @babel/plugin-transform-react-jsx-source@7.29.7 OK for: @vitejs/plugin-react@4.7.0 want: ^7.27.1
940 silly placeDep ROOT @rolldown/pluginutils@1.0.0-beta.27 OK for: @vitejs/plugin-react@4.7.0 want: 1.0.0-beta.27
941 silly placeDep ROOT @types/babel__core@7.20.5 OK for: @vitejs/plugin-react@4.7.0 want: ^7.20.5
942 silly placeDep ROOT react-refresh@0.17.0 OK for: @vitejs/plugin-react@4.7.0 want: ^0.17.0
943 silly fetch manifest json5@^2.2.3
944 silly packumentCache full:https://registry.npmjs.org/json5 cache-miss
945 silly fetch manifest gensync@^1.0.0-beta.2
946 silly packumentCache full:https://registry.npmjs.org/gensync cache-miss
947 silly fetch manifest @babel/helpers@^7.29.7
948 silly packumentCache full:https://registry.npmjs.org/@babel%2fhelpers cache-miss
949 silly fetch manifest convert-source-map@^2.0.0
950 silly packumentCache full:https://registry.npmjs.org/convert-source-map cache-miss
951 silly fetch manifest @jridgewell/remapping@^2.3.5
952 silly packumentCache full:https://registry.npmjs.org/@jridgewell%2fremapping cache-miss
953 silly fetch manifest @babel/helper-module-transforms@^7.29.7
954 silly packumentCache full:https://registry.npmjs.org/@babel%2fhelper-module-transforms cache-miss
955 silly fetch manifest @babel/helper-compilation-targets@^7.29.7
956 silly packumentCache full:https://registry.npmjs.org/@babel%2fhelper-compilation-targets cache-miss
957 silly fetch manifest @babel/helper-plugin-utils@^7.29.7
958 silly packumentCache full:https://registry.npmjs.org/@babel%2fhelper-plugin-utils cache-miss
959 silly fetch manifest @babel/helper-plugin-utils@^7.29.7
960 silly packumentCache full:https://registry.npmjs.org/@babel%2fhelper-plugin-utils cache-miss
961 silly fetch manifest @types/babel__template@*
962 silly packumentCache full:https://registry.npmjs.org/@types%2fbabel__template cache-miss
963 silly fetch manifest @types/babel__traverse@*
964 silly packumentCache full:https://registry.npmjs.org/@types%2fbabel__traverse cache-miss
965 silly fetch manifest @types/babel__generator@*
966 silly packumentCache full:https://registry.npmjs.org/@types%2fbabel__generator cache-miss
967 http cache https://registry.npmjs.org/convert-source-map 58ms (cache hit)
968 silly packumentCache full:https://registry.npmjs.org/convert-source-map set size:66997 disposed:false
969 http fetch GET 200 https://registry.npmjs.org/json5 113ms (cache miss)
970 silly packumentCache full:https://registry.npmjs.org/json5 set size:undefined disposed:false
971 http fetch GET 200 https://registry.npmjs.org/@types%2fbabel__template 128ms (cache miss)
972 silly packumentCache full:https://registry.npmjs.org/@types%2fbabel__template set size:undefined disposed:false
973 http fetch GET 200 https://registry.npmjs.org/gensync 144ms (cache miss)
974 silly packumentCache full:https://registry.npmjs.org/gensync set size:undefined disposed:false
975 http fetch GET 200 https://registry.npmjs.org/@jridgewell%2fremapping 145ms (cache miss)
976 silly packumentCache full:https://registry.npmjs.org/@jridgewell%2fremapping set size:undefined disposed:false
977 http fetch GET 200 https://registry.npmjs.org/@types%2fbabel__generator 145ms (cache miss)
978 silly packumentCache full:https://registry.npmjs.org/@types%2fbabel__generator set size:undefined disposed:false
979 http fetch GET 200 https://registry.npmjs.org/@types%2fbabel__traverse 155ms (cache miss)
980 silly packumentCache full:https://registry.npmjs.org/@types%2fbabel__traverse set size:undefined disposed:false
981 http fetch GET 200 https://registry.npmjs.org/@babel%2fhelper-compilation-targets 172ms (cache miss)
982 silly packumentCache full:https://registry.npmjs.org/@babel%2fhelper-compilation-targets set size:undefined disposed:false
983 http fetch GET 200 https://registry.npmjs.org/@babel%2fhelper-plugin-utils 188ms (cache miss)
984 silly packumentCache full:https://registry.npmjs.org/@babel%2fhelper-plugin-utils set size:undefined disposed:false
985 http fetch GET 200 https://registry.npmjs.org/@babel%2fhelper-plugin-utils 195ms (cache miss)
986 silly packumentCache full:https://registry.npmjs.org/@babel%2fhelper-plugin-utils set size:undefined disposed:false
987 http fetch GET 200 https://registry.npmjs.org/@babel%2fhelpers 210ms (cache miss)
988 silly packumentCache full:https://registry.npmjs.org/@babel%2fhelpers set size:undefined disposed:false
989 http fetch GET 200 https://registry.npmjs.org/@babel%2fhelper-module-transforms 221ms (cache miss)
990 silly packumentCache full:https://registry.npmjs.org/@babel%2fhelper-module-transforms set size:undefined disposed:false
991 silly fetch manifest @babel/core@^7.0.0
992 silly packumentCache full:https://registry.npmjs.org/@babel%2fcore cache-miss
993 http cache https://registry.npmjs.org/@babel%2fcore 27ms (cache hit)
994 silly packumentCache full:https://registry.npmjs.org/@babel%2fcore set size:788258 disposed:false
995 silly placeDep ROOT @babel/helper-compilation-targets@7.29.7 OK for: @babel/core@7.29.7 want: ^7.29.7
996 silly placeDep ROOT @babel/helper-module-transforms@7.29.7 OK for: @babel/core@7.29.7 want: ^7.29.7
997 silly placeDep ROOT @babel/helpers@7.29.7 OK for: @babel/core@7.29.7 want: ^7.29.7
998 silly placeDep ROOT @jridgewell/remapping@2.3.5 OK for: @babel/core@7.29.7 want: ^2.3.5
999 silly placeDep node_modules/@babel/core convert-source-map@2.0.0 OK for: @babel/core@7.29.7 want: ^2.0.0
1000 silly placeDep ROOT gensync@1.0.0-beta.2 OK for: @babel/core@7.29.7 want: ^1.0.0-beta.2
1001 silly placeDep ROOT json5@2.2.3 OK for: @babel/core@7.29.7 want: ^2.2.3
1002 silly placeDep ROOT semver@6.3.1 OK for: @babel/core@7.29.7 want: ^6.3.1
1003 silly fetch manifest lru-cache@^5.1.1
1004 silly packumentCache full:https://registry.npmjs.org/lru-cache cache-miss
1005 silly fetch manifest browserslist@^4.24.0
1006 silly packumentCache full:https://registry.npmjs.org/browserslist cache-miss
1007 silly fetch manifest @babel/compat-data@^7.29.7
1008 silly packumentCache full:https://registry.npmjs.org/@babel%2fcompat-data cache-miss
1009 silly fetch manifest @babel/helper-validator-option@^7.29.7
1010 silly packumentCache full:https://registry.npmjs.org/@babel%2fhelper-validator-option cache-miss
1011 http fetch GET 200 https://registry.npmjs.org/@babel%2fhelper-validator-option 107ms (cache miss)
1012 silly packumentCache full:https://registry.npmjs.org/@babel%2fhelper-validator-option set size:undefined disposed:false
1013 http fetch GET 200 https://registry.npmjs.org/@babel%2fcompat-data 118ms (cache miss)
1014 silly packumentCache full:https://registry.npmjs.org/@babel%2fcompat-data set size:undefined disposed:false
1015 http fetch GET 200 https://registry.npmjs.org/lru-cache 132ms (cache miss)
1016 silly packumentCache full:https://registry.npmjs.org/lru-cache set size:undefined disposed:false
1017 http fetch GET 200 https://registry.npmjs.org/browserslist 151ms (cache miss)
1018 silly packumentCache full:https://registry.npmjs.org/browserslist set size:undefined disposed:false
1019 silly placeDep ROOT @babel/compat-data@7.29.7 OK for: @babel/helper-compilation-targets@7.29.7 want: ^7.29.7
1020 silly placeDep ROOT @babel/helper-validator-option@7.29.7 OK for: @babel/helper-compilation-targets@7.29.7 want: ^7.29.7
1021 silly placeDep ROOT browserslist@4.28.4 OK for: @babel/helper-compilation-targets@7.29.7 want: ^4.24.0
1022 silly placeDep ROOT lru-cache@5.1.1 OK for: @babel/helper-compilation-targets@7.29.7 want: ^5.1.1
1023 silly fetch manifest caniuse-lite@^1.0.30001799
1024 silly packumentCache full:https://registry.npmjs.org/caniuse-lite cache-miss
1025 silly fetch manifest node-releases@^2.0.48
1026 silly packumentCache full:https://registry.npmjs.org/node-releases cache-miss
1027 silly fetch manifest electron-to-chromium@^1.5.376
1028 silly packumentCache full:https://registry.npmjs.org/electron-to-chromium cache-miss
1029 silly fetch manifest update-browserslist-db@^1.2.3
1030 silly packumentCache full:https://registry.npmjs.org/update-browserslist-db cache-miss
1031 silly fetch manifest baseline-browser-mapping@^2.10.38
1032 silly packumentCache full:https://registry.npmjs.org/baseline-browser-mapping cache-miss
1033 silly fetch manifest yallist@^3.0.2
1034 silly packumentCache full:https://registry.npmjs.org/yallist cache-miss
1035 http fetch GET 200 https://registry.npmjs.org/yallist 105ms (cache miss)
1036 silly packumentCache full:https://registry.npmjs.org/yallist set size:undefined disposed:false
1037 http fetch GET 200 https://registry.npmjs.org/update-browserslist-db 125ms (cache miss)
1038 silly packumentCache full:https://registry.npmjs.org/update-browserslist-db set size:undefined disposed:false
1039 http fetch GET 200 https://registry.npmjs.org/node-releases 151ms (cache miss)
1040 silly packumentCache full:https://registry.npmjs.org/node-releases set size:undefined disposed:false
1041 http fetch GET 200 https://registry.npmjs.org/baseline-browser-mapping 178ms (cache miss)
1042 silly packumentCache full:https://registry.npmjs.org/baseline-browser-mapping set size:undefined disposed:false
1043 http fetch GET 200 https://registry.npmjs.org/caniuse-lite 328ms (cache miss)
1044 silly packumentCache full:https://registry.npmjs.org/caniuse-lite set size:undefined disposed:false
1045 http fetch GET 200 https://registry.npmjs.org/electron-to-chromium 448ms (cache miss)
1046 silly packumentCache full:https://registry.npmjs.org/electron-to-chromium set size:undefined disposed:false
1047 silly placeDep ROOT @babel/helper-plugin-utils@7.29.7 OK for: @babel/plugin-transform-react-jsx-self@7.29.7 want: ^7.29.7
1048 silly placeDep ROOT @types/babel__generator@7.27.0 OK for: @types/babel__core@7.20.5 want: *
1049 silly placeDep ROOT @types/babel__template@7.4.4 OK for: @types/babel__core@7.20.5 want: *
1050 silly placeDep ROOT @types/babel__traverse@7.28.0 OK for: @types/babel__core@7.20.5 want: *
1051 silly placeDep ROOT cosmiconfig@7.1.0 OK for: babel-plugin-macros@3.1.0 want: ^7.0.0
1052 silly placeDep ROOT resolve@1.22.12 OK for: babel-plugin-macros@3.1.0 want: ^1.19.0
1053 silly fetch manifest yaml@^1.10.0
1054 silly packumentCache full:https://registry.npmjs.org/yaml cache-miss
1055 silly fetch manifest path-type@^4.0.0
1056 silly packumentCache full:https://registry.npmjs.org/path-type cache-miss
1057 silly fetch manifest parse-json@^5.0.0
1058 silly packumentCache full:https://registry.npmjs.org/parse-json cache-miss
1059 silly fetch manifest import-fresh@^3.2.1
1060 silly packumentCache full:https://registry.npmjs.org/import-fresh cache-miss
1061 silly fetch manifest @types/parse-json@^4.0.0
1062 silly packumentCache full:https://registry.npmjs.org/@types%2fparse-json cache-miss
1063 silly fetch manifest es-errors@^1.3.0
1064 silly packumentCache full:https://registry.npmjs.org/es-errors cache-miss
1065 silly fetch manifest path-parse@^1.0.7
1066 silly packumentCache full:https://registry.npmjs.org/path-parse cache-miss
1067 silly fetch manifest is-core-module@^2.16.1
1068 silly packumentCache full:https://registry.npmjs.org/is-core-module cache-miss
1069 silly fetch manifest supports-preserve-symlinks-flag@^1.0.0
1070 silly packumentCache full:https://registry.npmjs.org/supports-preserve-symlinks-flag cache-miss
1071 http fetch GET 200 https://registry.npmjs.org/path-type 90ms (cache miss)
1072 silly packumentCache full:https://registry.npmjs.org/path-type set size:undefined disposed:false
1073 http fetch GET 200 https://registry.npmjs.org/parse-json 114ms (cache miss)
1074 silly packumentCache full:https://registry.npmjs.org/parse-json set size:undefined disposed:false
1075 http fetch GET 200 https://registry.npmjs.org/path-parse 113ms (cache miss)
1076 silly packumentCache full:https://registry.npmjs.org/path-parse set size:undefined disposed:false
1077 http fetch GET 200 https://registry.npmjs.org/import-fresh 121ms (cache miss)
1078 silly packumentCache full:https://registry.npmjs.org/import-fresh set size:undefined disposed:false
1079 http fetch GET 200 https://registry.npmjs.org/supports-preserve-symlinks-flag 118ms (cache miss)
1080 silly packumentCache full:https://registry.npmjs.org/supports-preserve-symlinks-flag set size:undefined disposed:false
1081 http fetch GET 200 https://registry.npmjs.org/es-errors 128ms (cache miss)
1082 silly packumentCache full:https://registry.npmjs.org/es-errors set size:undefined disposed:false
1083 http fetch GET 200 https://registry.npmjs.org/is-core-module 128ms (cache miss)
1084 silly packumentCache full:https://registry.npmjs.org/is-core-module set size:undefined disposed:false
1085 http fetch GET 200 https://registry.npmjs.org/@types%2fparse-json 144ms (cache miss)
1086 silly packumentCache full:https://registry.npmjs.org/@types%2fparse-json set size:undefined disposed:false
1087 http fetch GET 200 https://registry.npmjs.org/yaml 157ms (cache miss)
1088 silly packumentCache full:https://registry.npmjs.org/yaml set size:undefined disposed:false
1089 silly fetch manifest browserslist@>= 4.21.0
1090 silly packumentCache full:https://registry.npmjs.org/browserslist cache-miss
1091 http cache https://registry.npmjs.org/browserslist 22ms (cache hit)
1092 silly packumentCache full:https://registry.npmjs.org/browserslist set size:509301 disposed:false
1093 silly placeDep ROOT baseline-browser-mapping@2.10.41 OK for: browserslist@4.28.4 want: ^2.10.38
1094 silly placeDep ROOT caniuse-lite@1.0.30001800 OK for: browserslist@4.28.4 want: ^1.0.30001799
1095 silly placeDep ROOT electron-to-chromium@1.5.384 OK for: browserslist@4.28.4 want: ^1.5.376
1096 silly placeDep ROOT node-releases@2.0.50 OK for: browserslist@4.28.4 want: ^2.0.48
1097 silly placeDep ROOT update-browserslist-db@1.2.3 OK for: browserslist@4.28.4 want: ^1.2.3
1098 silly fetch manifest escalade@^3.2.0
1099 silly packumentCache full:https://registry.npmjs.org/escalade cache-miss
1100 http fetch GET 200 https://registry.npmjs.org/escalade 52ms (cache miss)
1101 silly packumentCache full:https://registry.npmjs.org/escalade set size:undefined disposed:false
1102 silly placeDep ROOT @kurkle/color@0.3.4 OK for: chart.js@4.5.1 want: ^0.3.0
1103 silly placeDep ROOT @types/parse-json@4.0.2 OK for: cosmiconfig@7.1.0 want: ^4.0.0
1104 silly placeDep ROOT import-fresh@3.3.1 OK for: cosmiconfig@7.1.0 want: ^3.2.1
1105 silly placeDep ROOT parse-json@5.2.0 OK for: cosmiconfig@7.1.0 want: ^5.0.0
1106 silly placeDep ROOT path-type@4.0.0 OK for: cosmiconfig@7.1.0 want: ^4.0.0
1107 silly placeDep ROOT yaml@1.10.3 OK for: cosmiconfig@7.1.0 want: ^1.10.0
1108 silly fetch manifest resolve-from@^4.0.0
1109 silly packumentCache full:https://registry.npmjs.org/resolve-from cache-miss
1110 silly fetch manifest parent-module@^1.0.0
1111 silly packumentCache full:https://registry.npmjs.org/parent-module cache-miss
1112 silly fetch manifest error-ex@^1.3.1
1113 silly packumentCache full:https://registry.npmjs.org/error-ex cache-miss
1114 silly fetch manifest lines-and-columns@^1.1.6
1115 silly packumentCache full:https://registry.npmjs.org/lines-and-columns cache-miss
1116 silly fetch manifest json-parse-even-better-errors@^2.3.0
1117 silly packumentCache full:https://registry.npmjs.org/json-parse-even-better-errors cache-miss
1118 http fetch GET 200 https://registry.npmjs.org/resolve-from 70ms (cache miss)
1119 silly packumentCache full:https://registry.npmjs.org/resolve-from set size:undefined disposed:false
1120 http fetch GET 200 https://registry.npmjs.org/parent-module 72ms (cache miss)
1121 silly packumentCache full:https://registry.npmjs.org/parent-module set size:undefined disposed:false
1122 http fetch GET 200 https://registry.npmjs.org/json-parse-even-better-errors 72ms (cache miss)
1123 silly packumentCache full:https://registry.npmjs.org/json-parse-even-better-errors set size:undefined disposed:false
1124 http fetch GET 200 https://registry.npmjs.org/error-ex 77ms (cache miss)
1125 silly packumentCache full:https://registry.npmjs.org/error-ex set size:undefined disposed:false
1126 http fetch GET 200 https://registry.npmjs.org/lines-and-columns 80ms (cache miss)
1127 silly packumentCache full:https://registry.npmjs.org/lines-and-columns set size:undefined disposed:false
1128 silly placeDep ROOT ms@2.1.3 OK for: debug@4.4.3 want: ^2.1.3
1129 silly fetch manifest eslint@^6.0.0 || ^7.0.0 || >=8.0.0
1130 silly packumentCache full:https://registry.npmjs.org/eslint cache-miss
1131 http cache https://registry.npmjs.org/eslint 27ms (cache hit)
1132 silly packumentCache full:https://registry.npmjs.org/eslint set size:2019015 disposed:false
1133 silly placeDep ROOT @eslint-community/eslint-utils@4.9.1 OK for: eslint@9.39.4 want: ^4.8.0
1134 silly placeDep ROOT @eslint-community/regexpp@4.12.2 OK for: eslint@9.39.4 want: ^4.12.1
1135 silly placeDep ROOT @eslint/config-array@0.21.2 OK for: eslint@9.39.4 want: ^0.21.2
1136 silly placeDep ROOT @eslint/config-helpers@0.4.2 OK for: eslint@9.39.4 want: ^0.4.2
1137 silly placeDep ROOT @eslint/core@0.17.0 OK for: eslint@9.39.4 want: ^0.17.0
1138 silly placeDep ROOT @eslint/eslintrc@3.3.5 OK for: eslint@9.39.4 want: ^3.3.5
1139 silly placeDep ROOT @eslint/plugin-kit@0.4.1 OK for: eslint@9.39.4 want: ^0.4.1
1140 silly placeDep ROOT @humanfs/node@0.16.8 OK for: eslint@9.39.4 want: ^0.16.6
1141 silly placeDep ROOT @humanwhocodes/module-importer@1.0.1 OK for: eslint@9.39.4 want: ^1.0.1
1142 silly placeDep ROOT @humanwhocodes/retry@0.4.3 OK for: eslint@9.39.4 want: ^0.4.2
1143 silly placeDep ROOT @types/estree@1.0.9 OK for: eslint@9.39.4 want: ^1.0.6
1144 silly placeDep ROOT ajv@6.15.0 OK for: eslint@9.39.4 want: ^6.14.0
1145 silly placeDep ROOT chalk@4.1.2 OK for: eslint@9.39.4 want: ^4.0.0
1146 silly placeDep ROOT cross-spawn@7.0.6 OK for: eslint@9.39.4 want: ^7.0.6
1147 silly placeDep ROOT eslint-scope@8.4.0 OK for: eslint@9.39.4 want: ^8.4.0
1148 silly placeDep ROOT eslint-visitor-keys@4.2.1 OK for: eslint@9.39.4 want: ^4.2.1
1149 silly placeDep ROOT espree@10.4.0 OK for: eslint@9.39.4 want: ^10.4.0
1150 silly placeDep ROOT esquery@1.7.0 OK for: eslint@9.39.4 want: ^1.5.0
1151 silly placeDep ROOT esutils@2.0.3 OK for: eslint@9.39.4 want: ^2.0.2
1152 silly placeDep ROOT fast-deep-equal@3.1.3 OK for: eslint@9.39.4 want: ^3.1.3
1153 silly placeDep ROOT file-entry-cache@8.0.0 OK for: eslint@9.39.4 want: ^8.0.0
1154 silly placeDep ROOT find-up@5.0.0 OK for: eslint@9.39.4 want: ^5.0.0
1155 silly placeDep ROOT glob-parent@6.0.2 OK for: eslint@9.39.4 want: ^6.0.2
1156 silly placeDep ROOT ignore@5.3.2 OK for: eslint@9.39.4 want: ^5.2.0
1157 silly placeDep ROOT imurmurhash@0.1.4 OK for: eslint@9.39.4 want: ^0.1.4
1158 silly placeDep ROOT is-glob@4.0.3 OK for: eslint@9.39.4 want: ^4.0.0
1159 silly placeDep ROOT json-stable-stringify-without-jsonify@1.0.1 OK for: eslint@9.39.4 want: ^1.0.1
1160 silly placeDep ROOT lodash.merge@4.6.2 OK for: eslint@9.39.4 want: ^4.6.2
1161 silly placeDep ROOT minimatch@3.1.5 OK for: eslint@9.39.4 want: ^3.1.5
1162 silly placeDep ROOT natural-compare@1.4.0 OK for: eslint@9.39.4 want: ^1.4.0
1163 silly placeDep ROOT optionator@0.9.4 OK for: eslint@9.39.4 want: ^0.9.3
1164 silly fetch manifest eslint-visitor-keys@^3.4.3
1165 silly packumentCache full:https://registry.npmjs.org/eslint-visitor-keys cache-miss
1166 silly fetch manifest @eslint/object-schema@^2.1.7
1167 silly packumentCache full:https://registry.npmjs.org/@eslint%2fobject-schema cache-miss
1168 silly fetch manifest @types/json-schema@^7.0.15
1169 silly packumentCache full:https://registry.npmjs.org/@types%2fjson-schema cache-miss
1170 silly fetch manifest espree@^10.0.1
1171 silly packumentCache full:https://registry.npmjs.org/espree cache-miss
1172 silly fetch manifest globals@^14.0.0
1173 silly packumentCache full:https://registry.npmjs.org/globals cache-miss
1174 silly fetch manifest js-yaml@^4.1.1
1175 silly packumentCache full:https://registry.npmjs.org/js-yaml cache-miss
1176 silly fetch manifest strip-json-comments@^3.1.1
1177 silly packumentCache full:https://registry.npmjs.org/strip-json-comments cache-miss
1178 silly fetch manifest levn@^0.4.1
1179 silly packumentCache full:https://registry.npmjs.org/levn cache-miss
1180 silly fetch manifest @humanwhocodes/retry@^0.4.0
1181 silly packumentCache full:https://registry.npmjs.org/@humanwhocodes%2fretry cache-miss
1182 silly fetch manifest @humanfs/core@^0.19.2
1183 silly packumentCache full:https://registry.npmjs.org/@humanfs%2fcore cache-miss
1184 silly fetch manifest @humanfs/types@^0.15.0
1185 silly packumentCache full:https://registry.npmjs.org/@humanfs%2ftypes cache-miss
1186 silly fetch manifest uri-js@^4.2.2
1187 silly packumentCache full:https://registry.npmjs.org/uri-js cache-miss
1188 silly fetch manifest fast-deep-equal@^3.1.1
1189 silly packumentCache full:https://registry.npmjs.org/fast-deep-equal cache-miss
1190 silly fetch manifest json-schema-traverse@^0.4.1
1191 silly packumentCache full:https://registry.npmjs.org/json-schema-traverse cache-miss
1192 silly fetch manifest fast-json-stable-stringify@^2.0.0
1193 silly packumentCache full:https://registry.npmjs.org/fast-json-stable-stringify cache-miss
1194 http cache https://registry.npmjs.org/fast-deep-equal 110ms (cache hit)
1195 silly packumentCache full:https://registry.npmjs.org/fast-deep-equal set size:48634 disposed:false
1196 silly fetch manifest ansi-styles@^4.1.0
1197 silly packumentCache full:https://registry.npmjs.org/ansi-styles cache-miss
1198 http cache https://registry.npmjs.org/espree 137ms (cache hit)
1199 silly packumentCache full:https://registry.npmjs.org/espree set size:326080 disposed:false
1200 silly fetch manifest supports-color@^7.1.0
1201 silly packumentCache full:https://registry.npmjs.org/supports-color cache-miss
1202 http cache https://registry.npmjs.org/eslint-visitor-keys 155ms (cache hit)
1203 silly packumentCache full:https://registry.npmjs.org/eslint-visitor-keys set size:69949 disposed:false
1204 silly fetch manifest which@^2.0.1
1205 silly packumentCache full:https://registry.npmjs.org/which cache-miss
1206 http cache https://registry.npmjs.org/@humanwhocodes%2fretry 164ms (cache hit)
1207 silly packumentCache full:https://registry.npmjs.org/@humanwhocodes%2fretry set size:42348 disposed:false
1208 silly fetch manifest path-key@^3.1.0
1209 silly packumentCache full:https://registry.npmjs.org/path-key cache-miss
1210 http fetch GET 200 https://registry.npmjs.org/js-yaml 220ms (cache miss)
1211 silly packumentCache full:https://registry.npmjs.org/js-yaml set size:undefined disposed:false
1212 silly fetch manifest shebang-command@^2.0.0
1213 silly packumentCache full:https://registry.npmjs.org/shebang-command cache-miss
1214 http fetch GET 200 https://registry.npmjs.org/@eslint%2fobject-schema 240ms (cache miss)
1215 silly packumentCache full:https://registry.npmjs.org/@eslint%2fobject-schema set size:undefined disposed:false
1216 silly fetch manifest esrecurse@^4.3.0
1217 silly packumentCache full:https://registry.npmjs.org/esrecurse cache-miss
1218 http fetch GET 200 https://registry.npmjs.org/@types%2fjson-schema 243ms (cache miss)
1219 silly packumentCache full:https://registry.npmjs.org/@types%2fjson-schema set size:undefined disposed:false
1220 silly fetch manifest estraverse@^5.2.0
1221 silly packumentCache full:https://registry.npmjs.org/estraverse cache-miss
1222 http fetch GET 200 https://registry.npmjs.org/levn 250ms (cache miss)
1223 silly packumentCache full:https://registry.npmjs.org/levn set size:undefined disposed:false
1224 silly fetch manifest acorn@^8.15.0
1225 silly packumentCache full:https://registry.npmjs.org/acorn cache-miss
1226 http fetch GET 200 https://registry.npmjs.org/@humanfs%2fcore 254ms (cache miss)
1227 silly packumentCache full:https://registry.npmjs.org/@humanfs%2fcore set size:undefined disposed:false
1228 silly fetch manifest acorn-jsx@^5.3.2
1229 silly packumentCache full:https://registry.npmjs.org/acorn-jsx cache-miss
1230 http fetch GET 200 https://registry.npmjs.org/@humanfs%2ftypes 255ms (cache miss)
1231 silly packumentCache full:https://registry.npmjs.org/@humanfs%2ftypes set size:undefined disposed:false
1232 silly fetch manifest estraverse@^5.1.0
1233 silly packumentCache full:https://registry.npmjs.org/estraverse cache-miss
1234 http fetch GET 200 https://registry.npmjs.org/json-schema-traverse 256ms (cache miss)
1235 silly packumentCache full:https://registry.npmjs.org/json-schema-traverse set size:undefined disposed:false
1236 silly fetch manifest flat-cache@^4.0.0
1237 silly packumentCache full:https://registry.npmjs.org/flat-cache cache-miss
1238 http fetch GET 200 https://registry.npmjs.org/fast-json-stable-stringify 264ms (cache miss)
1239 silly packumentCache full:https://registry.npmjs.org/fast-json-stable-stringify set size:undefined disposed:false
1240 silly fetch manifest locate-path@^6.0.0
1241 silly packumentCache full:https://registry.npmjs.org/locate-path cache-miss
1242 http fetch GET 200 https://registry.npmjs.org/uri-js 276ms (cache miss)
1243 silly packumentCache full:https://registry.npmjs.org/uri-js set size:undefined disposed:false
1244 silly fetch manifest path-exists@^4.0.0
1245 silly packumentCache full:https://registry.npmjs.org/path-exists cache-miss
1246 http fetch GET 200 https://registry.npmjs.org/strip-json-comments 318ms (cache miss)
1247 silly packumentCache full:https://registry.npmjs.org/strip-json-comments set size:undefined disposed:false
1248 silly fetch manifest is-glob@^4.0.3
1249 silly packumentCache full:https://registry.npmjs.org/is-glob cache-miss
1250 http fetch GET 200 https://registry.npmjs.org/which 207ms (cache miss)
1251 silly packumentCache full:https://registry.npmjs.org/which set size:undefined disposed:false
1252 silly fetch manifest is-extglob@^2.1.1
1253 silly packumentCache full:https://registry.npmjs.org/is-extglob cache-miss
1254 http fetch GET 200 https://registry.npmjs.org/ansi-styles 240ms (cache miss)
1255 silly packumentCache full:https://registry.npmjs.org/ansi-styles set size:undefined disposed:false
1256 silly fetch manifest brace-expansion@^1.1.7
1257 silly packumentCache full:https://registry.npmjs.org/brace-expansion cache-miss
1258 http fetch GET 200 https://registry.npmjs.org/path-key 206ms (cache miss)
1259 silly packumentCache full:https://registry.npmjs.org/path-key set size:undefined disposed:false
1260 silly fetch manifest prelude-ls@^1.2.1
1261 silly packumentCache full:https://registry.npmjs.org/prelude-ls cache-miss
1262 http fetch GET 200 https://registry.npmjs.org/globals 410ms (cache miss)
1263 silly packumentCache full:https://registry.npmjs.org/globals set size:undefined disposed:false
1264 silly fetch manifest deep-is@^0.1.3
1265 silly packumentCache full:https://registry.npmjs.org/deep-is cache-miss
1266 http fetch GET 200 https://registry.npmjs.org/supports-color 277ms (cache miss)
1267 silly packumentCache full:https://registry.npmjs.org/supports-color set size:undefined disposed:false
1268 silly fetch manifest word-wrap@^1.2.5
1269 silly packumentCache full:https://registry.npmjs.org/word-wrap cache-miss
1270 http cache https://registry.npmjs.org/estraverse 199ms (cache hit)
1271 silly packumentCache full:https://registry.npmjs.org/estraverse set size:62412 disposed:false
1272 silly fetch manifest type-check@^0.4.0
1273 silly packumentCache full:https://registry.npmjs.org/type-check cache-miss
1274 http fetch GET 200 https://registry.npmjs.org/esrecurse 211ms (cache miss)
1275 silly packumentCache full:https://registry.npmjs.org/esrecurse set size:undefined disposed:false
1276 silly fetch manifest fast-levenshtein@^2.0.6
1277 silly packumentCache full:https://registry.npmjs.org/fast-levenshtein cache-miss
1278 http fetch GET 200 https://registry.npmjs.org/shebang-command 231ms (cache miss)
1279 silly packumentCache full:https://registry.npmjs.org/shebang-command set size:undefined disposed:false
1280 http cache https://registry.npmjs.org/estraverse 196ms (cache hit)
1281 silly packumentCache full:https://registry.npmjs.org/estraverse set size:62412 disposed:false
1282 silly packumentCache full:https://registry.npmjs.org/estraverse dispose
1283 http fetch GET 200 https://registry.npmjs.org/path-exists 183ms (cache miss)
1284 silly packumentCache full:https://registry.npmjs.org/path-exists set size:undefined disposed:false
1285 http cache https://registry.npmjs.org/is-glob 163ms (cache hit)
1286 silly packumentCache full:https://registry.npmjs.org/is-glob set size:40530 disposed:false
1287 http fetch GET 200 https://registry.npmjs.org/locate-path 219ms (cache miss)
1288 silly packumentCache full:https://registry.npmjs.org/locate-path set size:undefined disposed:false
1289 http fetch GET 200 https://registry.npmjs.org/acorn-jsx 251ms (cache miss)
1290 silly packumentCache full:https://registry.npmjs.org/acorn-jsx set size:undefined disposed:false
1291 http fetch GET 200 https://registry.npmjs.org/flat-cache 249ms (cache miss)
1292 silly packumentCache full:https://registry.npmjs.org/flat-cache set size:undefined disposed:false
1293 http fetch GET 200 https://registry.npmjs.org/prelude-ls 160ms (cache miss)
1294 silly packumentCache full:https://registry.npmjs.org/prelude-ls set size:undefined disposed:false
1295 http fetch GET 200 https://registry.npmjs.org/is-extglob 179ms (cache miss)
1296 silly packumentCache full:https://registry.npmjs.org/is-extglob set size:undefined disposed:false
1297 http fetch GET 200 https://registry.npmjs.org/deep-is 136ms (cache miss)
1298 silly packumentCache full:https://registry.npmjs.org/deep-is set size:undefined disposed:false
1299 http fetch GET 200 https://registry.npmjs.org/word-wrap 128ms (cache miss)
1300 silly packumentCache full:https://registry.npmjs.org/word-wrap set size:undefined disposed:false
1301 http fetch GET 200 https://registry.npmjs.org/brace-expansion 186ms (cache miss)
1302 silly packumentCache full:https://registry.npmjs.org/brace-expansion set size:undefined disposed:false
1303 http fetch GET 200 https://registry.npmjs.org/type-check 122ms (cache miss)
1304 silly packumentCache full:https://registry.npmjs.org/type-check set size:undefined disposed:false
1305 http fetch GET 200 https://registry.npmjs.org/acorn 314ms (cache miss)
1306 silly packumentCache full:https://registry.npmjs.org/acorn set size:undefined disposed:false
1307 http fetch GET 200 https://registry.npmjs.org/fast-levenshtein 132ms (cache miss)
1308 silly packumentCache full:https://registry.npmjs.org/fast-levenshtein set size:undefined disposed:false
1309 silly placeDep node_modules/@eslint-community/eslint-utils eslint-visitor-keys@3.4.3 OK for: @eslint-community/eslint-utils@4.9.1 want: ^3.4.3
1310 silly placeDep ROOT @eslint/object-schema@2.1.7 OK for: @eslint/config-array@0.21.2 want: ^2.1.7
1311 silly placeDep ROOT @types/json-schema@7.0.15 OK for: @eslint/core@0.17.0 want: ^7.0.15
1312 silly placeDep ROOT globals@14.0.0 OK for: @eslint/eslintrc@3.3.5 want: ^14.0.0
1313 silly placeDep ROOT js-yaml@4.3.0 OK for: @eslint/eslintrc@3.3.5 want: ^4.1.1
1314 silly placeDep ROOT strip-json-comments@3.1.1 OK for: @eslint/eslintrc@3.3.5 want: ^3.1.1
1315 silly fetch manifest argparse@^2.0.1
1316 silly packumentCache full:https://registry.npmjs.org/argparse cache-miss
1317 http fetch GET 200 https://registry.npmjs.org/argparse 49ms (cache miss)
1318 silly packumentCache full:https://registry.npmjs.org/argparse set size:undefined disposed:false
1319 silly placeDep ROOT levn@0.4.1 OK for: @eslint/plugin-kit@0.4.1 want: ^0.4.1
1320 silly fetch manifest type-check@~0.4.0
1321 silly packumentCache full:https://registry.npmjs.org/type-check cache-miss
1322 http cache https://registry.npmjs.org/type-check 17ms (cache hit)
1323 silly packumentCache full:https://registry.npmjs.org/type-check set size:21221 disposed:false
1324 silly placeDep ROOT @humanfs/core@0.19.2 OK for: @humanfs/node@0.16.8 want: ^0.19.2
1325 silly placeDep ROOT @humanfs/types@0.15.0 OK for: @humanfs/node@0.16.8 want: ^0.15.0
1326 silly placeDep ROOT fast-json-stable-stringify@2.1.0 OK for: ajv@6.15.0 want: ^2.0.0
1327 silly placeDep ROOT json-schema-traverse@0.4.1 OK for: ajv@6.15.0 want: ^0.4.1
1328 silly placeDep ROOT uri-js@4.4.1 OK for: ajv@6.15.0 want: ^4.2.2
1329 silly fetch manifest punycode@^2.1.0
1330 silly packumentCache full:https://registry.npmjs.org/punycode cache-miss
1331 http fetch GET 200 https://registry.npmjs.org/punycode 46ms (cache miss)
1332 silly packumentCache full:https://registry.npmjs.org/punycode set size:undefined disposed:false
1333 silly placeDep ROOT ansi-styles@4.3.0 OK for: chalk@4.1.2 want: ^4.1.0
1334 silly placeDep ROOT supports-color@7.2.0 OK for: chalk@4.1.2 want: ^7.1.0
1335 silly fetch manifest color-convert@^2.0.1
1336 silly packumentCache full:https://registry.npmjs.org/color-convert cache-miss
1337 silly fetch manifest has-flag@^4.0.0
1338 silly packumentCache full:https://registry.npmjs.org/has-flag cache-miss
1339 http fetch GET 200 https://registry.npmjs.org/color-convert 54ms (cache miss)
1340 silly packumentCache full:https://registry.npmjs.org/color-convert set size:undefined disposed:false
1341 http fetch GET 200 https://registry.npmjs.org/has-flag 58ms (cache miss)
1342 silly packumentCache full:https://registry.npmjs.org/has-flag set size:undefined disposed:false
1343 silly placeDep ROOT color-convert@2.0.1 OK for: ansi-styles@4.3.0 want: ^2.0.1
1344 silly fetch manifest color-name@~1.1.4
1345 silly packumentCache full:https://registry.npmjs.org/color-name cache-miss
1346 http fetch GET 200 https://registry.npmjs.org/color-name 44ms (cache miss)
1347 silly packumentCache full:https://registry.npmjs.org/color-name set size:undefined disposed:false
1348 silly placeDep ROOT color-name@1.1.4 OK for: color-convert@2.0.1 want: ~1.1.4
1349 silly placeDep ROOT path-key@3.1.1 OK for: cross-spawn@7.0.6 want: ^3.1.0
1350 silly placeDep ROOT shebang-command@2.0.0 OK for: cross-spawn@7.0.6 want: ^2.0.0
1351 silly placeDep ROOT which@2.0.2 OK for: cross-spawn@7.0.6 want: ^2.0.1
1352 silly fetch manifest shebang-regex@^3.0.0
1353 silly packumentCache full:https://registry.npmjs.org/shebang-regex cache-miss
1354 silly fetch manifest isexe@^2.0.0
1355 silly packumentCache full:https://registry.npmjs.org/isexe cache-miss
1356 http fetch GET 200 https://registry.npmjs.org/shebang-regex 44ms (cache miss)
1357 silly packumentCache full:https://registry.npmjs.org/shebang-regex set size:undefined disposed:false
1358 http fetch GET 200 https://registry.npmjs.org/isexe 45ms (cache miss)
1359 silly packumentCache full:https://registry.npmjs.org/isexe set size:undefined disposed:false
1360 silly placeDep ROOT array-includes@3.1.9 OK for: eslint-plugin-react@7.37.5 want: ^3.1.8
1361 silly placeDep ROOT array.prototype.findlast@1.2.5 OK for: eslint-plugin-react@7.37.5 want: ^1.2.5
1362 silly placeDep ROOT array.prototype.flatmap@1.3.3 OK for: eslint-plugin-react@7.37.5 want: ^1.3.3
1363 silly placeDep ROOT array.prototype.tosorted@1.1.4 OK for: eslint-plugin-react@7.37.5 want: ^1.1.4
1364 silly placeDep ROOT doctrine@2.1.0 OK for: eslint-plugin-react@7.37.5 want: ^2.1.0
1365 silly placeDep ROOT es-iterator-helpers@1.3.3 OK for: eslint-plugin-react@7.37.5 want: ^1.2.1
1366 silly placeDep ROOT estraverse@5.3.0 OK for: eslint-plugin-react@7.37.5 want: ^5.3.0
1367 silly placeDep ROOT hasown@2.0.4 OK for: eslint-plugin-react@7.37.5 want: ^2.0.2
1368 silly placeDep ROOT jsx-ast-utils@3.3.5 OK for: eslint-plugin-react@7.37.5 want: ^2.4.1 || ^3.0.0
1369 silly placeDep ROOT object.entries@1.1.9 OK for: eslint-plugin-react@7.37.5 want: ^1.1.9
1370 silly placeDep ROOT object.fromentries@2.0.8 OK for: eslint-plugin-react@7.37.5 want: ^2.0.8
1371 silly placeDep ROOT object.values@1.2.1 OK for: eslint-plugin-react@7.37.5 want: ^1.2.1
1372 silly placeDep node_modules/eslint-plugin-react resolve@2.0.0-next.7 OK for: eslint-plugin-react@7.37.5 want: ^2.0.0-next.5
1373 silly placeDep ROOT string.prototype.matchall@4.0.12 OK for: eslint-plugin-react@7.37.5 want: ^4.0.12
1374 silly placeDep ROOT string.prototype.repeat@1.0.0 OK for: eslint-plugin-react@7.37.5 want: ^1.0.0
1375 silly fetch manifest call-bind@^1.0.8
1376 silly packumentCache full:https://registry.npmjs.org/call-bind cache-miss
1377 silly fetch manifest call-bound@^1.0.4
1378 silly packumentCache full:https://registry.npmjs.org/call-bound cache-miss
1379 silly fetch manifest define-properties@^1.2.1
1380 silly packumentCache full:https://registry.npmjs.org/define-properties cache-miss
1381 silly fetch manifest es-abstract@^1.24.0
1382 silly packumentCache full:https://registry.npmjs.org/es-abstract cache-miss
1383 silly fetch manifest es-object-atoms@^1.1.1
1384 silly packumentCache full:https://registry.npmjs.org/es-object-atoms cache-miss
1385 silly fetch manifest get-intrinsic@^1.3.0
1386 silly packumentCache full:https://registry.npmjs.org/get-intrinsic cache-miss
1387 silly fetch manifest is-string@^1.1.1
1388 silly packumentCache full:https://registry.npmjs.org/is-string cache-miss
1389 silly fetch manifest math-intrinsics@^1.1.0
1390 silly packumentCache full:https://registry.npmjs.org/math-intrinsics cache-miss
1391 silly fetch manifest call-bind@^1.0.7
1392 silly packumentCache full:https://registry.npmjs.org/call-bind cache-miss
1393 silly fetch manifest define-properties@^1.2.1
1394 silly packumentCache full:https://registry.npmjs.org/define-properties cache-miss
1395 silly fetch manifest es-abstract@^1.23.2
1396 silly packumentCache full:https://registry.npmjs.org/es-abstract cache-miss
1397 silly fetch manifest es-object-atoms@^1.0.0
1398 silly packumentCache full:https://registry.npmjs.org/es-object-atoms cache-miss
1399 silly fetch manifest es-shim-unscopables@^1.0.2
1400 silly packumentCache full:https://registry.npmjs.org/es-shim-unscopables cache-miss
1401 silly fetch manifest call-bind@^1.0.8
1402 silly packumentCache full:https://registry.npmjs.org/call-bind cache-miss
1403 silly fetch manifest define-properties@^1.2.1
1404 silly packumentCache full:https://registry.npmjs.org/define-properties cache-miss
1405 http fetch GET 200 https://registry.npmjs.org/call-bound 107ms (cache miss)
1406 silly packumentCache full:https://registry.npmjs.org/call-bound set size:undefined disposed:false
1407 silly fetch manifest es-abstract@^1.23.5
1408 silly packumentCache full:https://registry.npmjs.org/es-abstract cache-miss
1409 http fetch GET 200 https://registry.npmjs.org/is-string 109ms (cache miss)
1410 silly packumentCache full:https://registry.npmjs.org/is-string set size:undefined disposed:false
1411 silly fetch manifest es-shim-unscopables@^1.0.2
1412 silly packumentCache full:https://registry.npmjs.org/es-shim-unscopables cache-miss
1413 http fetch GET 200 https://registry.npmjs.org/math-intrinsics 118ms (cache miss)
1414 silly packumentCache full:https://registry.npmjs.org/math-intrinsics set size:undefined disposed:false
1415 silly fetch manifest call-bind@^1.0.7
1416 silly packumentCache full:https://registry.npmjs.org/call-bind cache-miss
1417 http fetch GET 200 https://registry.npmjs.org/call-bind 128ms (cache miss)
1418 silly packumentCache full:https://registry.npmjs.org/call-bind set size:undefined disposed:false
1419 silly fetch manifest define-properties@^1.2.1
1420 silly packumentCache full:https://registry.npmjs.org/define-properties cache-miss
1421 http fetch GET 200 https://registry.npmjs.org/call-bind 131ms (cache miss)
1422 silly packumentCache full:https://registry.npmjs.org/call-bind set size:undefined disposed:false
1423 silly fetch manifest es-abstract@^1.23.3
1424 silly packumentCache full:https://registry.npmjs.org/es-abstract cache-miss
1425 http fetch GET 200 https://registry.npmjs.org/get-intrinsic 138ms (cache miss)
1426 silly packumentCache full:https://registry.npmjs.org/get-intrinsic set size:undefined disposed:false
1427 silly fetch manifest es-shim-unscopables@^1.0.2
1428 silly packumentCache full:https://registry.npmjs.org/es-shim-unscopables cache-miss
1429 http fetch GET 200 https://registry.npmjs.org/call-bind 147ms (cache miss)
1430 silly packumentCache full:https://registry.npmjs.org/call-bind set size:undefined disposed:false
1431 silly fetch manifest gopd@^1.2.0
1432 silly packumentCache full:https://registry.npmjs.org/gopd cache-miss
1433 http fetch GET 200 https://registry.npmjs.org/define-properties 156ms (cache miss)
1434 silly packumentCache full:https://registry.npmjs.org/define-properties set size:undefined disposed:false
1435 silly fetch manifest call-bind@^1.0.9
1436 silly packumentCache full:https://registry.npmjs.org/call-bind cache-miss
1437 http fetch GET 200 https://registry.npmjs.org/es-shim-unscopables 161ms (cache miss)
1438 silly packumentCache full:https://registry.npmjs.org/es-shim-unscopables set size:undefined disposed:false
1439 silly fetch manifest has-proto@^1.2.0
1440 silly packumentCache full:https://registry.npmjs.org/has-proto cache-miss
1441 http fetch GET 200 https://registry.npmjs.org/define-properties 188ms (cache miss)
1442 silly packumentCache full:https://registry.npmjs.org/define-properties set size:undefined disposed:false
1443 silly fetch manifest globalthis@^1.0.4
1444 silly packumentCache full:https://registry.npmjs.org/globalthis cache-miss
1445 http fetch GET 200 https://registry.npmjs.org/define-properties 179ms (cache miss)
1446 silly packumentCache full:https://registry.npmjs.org/define-properties set size:undefined disposed:false
1447 silly fetch manifest es-abstract@^1.24.2
1448 silly packumentCache full:https://registry.npmjs.org/es-abstract cache-miss
1449 http fetch GET 200 https://registry.npmjs.org/es-object-atoms 188ms (cache miss)
1450 silly packumentCache full:https://registry.npmjs.org/es-object-atoms set size:undefined disposed:false
1451 silly fetch manifest has-symbols@^1.1.0
1452 silly packumentCache full:https://registry.npmjs.org/has-symbols cache-miss
1453 http fetch GET 200 https://registry.npmjs.org/es-object-atoms 224ms (cache miss)
1454 silly packumentCache full:https://registry.npmjs.org/es-object-atoms set size:undefined disposed:false
1455 silly fetch manifest function-bind@^1.1.2
1456 silly packumentCache full:https://registry.npmjs.org/function-bind cache-miss
1457 http cache https://registry.npmjs.org/call-bind 119ms (cache hit)
1458 silly packumentCache full:https://registry.npmjs.org/call-bind set size:32985 disposed:false
1459 silly fetch manifest internal-slot@^1.1.0
1460 silly packumentCache full:https://registry.npmjs.org/internal-slot cache-miss
1461 http fetch GET 200 https://registry.npmjs.org/es-shim-unscopables 132ms (cache miss)
1462 silly packumentCache full:https://registry.npmjs.org/es-shim-unscopables set size:undefined disposed:false
1463 silly fetch manifest es-set-tostringtag@^2.1.0
1464 silly packumentCache full:https://registry.npmjs.org/es-set-tostringtag cache-miss
1465 http fetch GET 200 https://registry.npmjs.org/es-shim-unscopables 131ms (cache miss)
1466 silly packumentCache full:https://registry.npmjs.org/es-shim-unscopables set size:undefined disposed:false
1467 silly fetch manifest iterator.prototype@^1.1.5
1468 silly packumentCache full:https://registry.npmjs.org/iterator.prototype cache-miss
1469 http fetch GET 200 https://registry.npmjs.org/define-properties 150ms (cache miss)
1470 silly packumentCache full:https://registry.npmjs.org/define-properties set size:undefined disposed:false
1471 silly fetch manifest has-property-descriptors@^1.0.2
1472 silly packumentCache full:https://registry.npmjs.org/has-property-descriptors cache-miss
1473 http cache https://registry.npmjs.org/call-bind 127ms (cache hit)
1474 silly packumentCache full:https://registry.npmjs.org/call-bind set size:32985 disposed:false
1475 silly packumentCache full:https://registry.npmjs.org/call-bind dispose
1476 silly fetch manifest function-bind@^1.1.2
1477 silly packumentCache full:https://registry.npmjs.org/function-bind cache-miss
1478 http fetch GET 200 https://registry.npmjs.org/gopd 142ms (cache miss)
1479 silly packumentCache full:https://registry.npmjs.org/gopd set size:undefined disposed:false
1480 silly fetch manifest array.prototype.flat@^1.3.1
1481 silly packumentCache full:https://registry.npmjs.org/array.prototype.flat cache-miss
1482 http fetch GET 200 https://registry.npmjs.org/has-proto 138ms (cache miss)
1483 silly packumentCache full:https://registry.npmjs.org/has-proto set size:undefined disposed:false
1484 silly fetch manifest object.assign@^4.1.4
1485 silly packumentCache full:https://registry.npmjs.org/object.assign cache-miss
1486 http fetch GET 200 https://registry.npmjs.org/es-abstract 315ms (cache miss)
1487 silly packumentCache full:https://registry.npmjs.org/es-abstract set size:undefined disposed:false
1488 silly fetch manifest object.values@^1.1.6
1489 silly packumentCache full:https://registry.npmjs.org/object.values cache-miss
1490 http fetch GET 200 https://registry.npmjs.org/es-abstract 334ms (cache miss)
1491 silly packumentCache full:https://registry.npmjs.org/es-abstract set size:undefined disposed:false
1492 silly fetch manifest call-bound@^1.0.3
1493 silly packumentCache full:https://registry.npmjs.org/call-bound cache-miss
1494 http fetch GET 200 https://registry.npmjs.org/function-bind 149ms (cache miss)
1495 silly packumentCache full:https://registry.npmjs.org/function-bind set size:undefined disposed:false
1496 silly fetch manifest is-core-module@^2.16.2
1497 silly packumentCache full:https://registry.npmjs.org/is-core-module cache-miss
1498 http fetch GET 200 https://registry.npmjs.org/has-symbols 186ms (cache miss)
1499 silly packumentCache full:https://registry.npmjs.org/has-symbols set size:undefined disposed:false
1500 silly fetch manifest node-exports-info@^1.6.0
1501 silly packumentCache full:https://registry.npmjs.org/node-exports-info cache-miss
1502 http fetch GET 200 https://registry.npmjs.org/globalthis 199ms (cache miss)
1503 silly packumentCache full:https://registry.npmjs.org/globalthis set size:undefined disposed:false
1504 silly fetch manifest object-keys@^1.1.1
1505 silly packumentCache full:https://registry.npmjs.org/object-keys cache-miss
1506 http fetch GET 200 https://registry.npmjs.org/internal-slot 160ms (cache miss)
1507 silly packumentCache full:https://registry.npmjs.org/internal-slot set size:undefined disposed:false
1508 silly fetch manifest call-bound@^1.0.3
1509 silly packumentCache full:https://registry.npmjs.org/call-bound cache-miss
1510 http fetch GET 200 https://registry.npmjs.org/es-abstract 302ms (cache miss)
1511 silly packumentCache full:https://registry.npmjs.org/es-abstract set size:undefined disposed:false
1512 silly fetch manifest es-abstract@^1.23.6
1513 silly packumentCache full:https://registry.npmjs.org/es-abstract cache-miss
1514 http fetch GET 200 https://registry.npmjs.org/es-set-tostringtag 182ms (cache miss)
1515 silly packumentCache full:https://registry.npmjs.org/es-set-tostringtag set size:undefined disposed:false
1516 silly fetch manifest get-intrinsic@^1.2.6
1517 silly packumentCache full:https://registry.npmjs.org/get-intrinsic cache-miss
1518 http fetch GET 200 https://registry.npmjs.org/function-bind 140ms (cache miss)
1519 silly packumentCache full:https://registry.npmjs.org/function-bind set size:undefined disposed:false
1520 silly fetch manifest regexp.prototype.flags@^1.5.3
1521 silly packumentCache full:https://registry.npmjs.org/regexp.prototype.flags cache-miss
1522 http fetch GET 200 https://registry.npmjs.org/has-property-descriptors 167ms (cache miss)
1523 silly packumentCache full:https://registry.npmjs.org/has-property-descriptors set size:undefined disposed:false
1524 silly fetch manifest set-function-name@^2.0.2
1525 silly packumentCache full:https://registry.npmjs.org/set-function-name cache-miss
1526 http fetch GET 200 https://registry.npmjs.org/es-abstract 318ms (cache miss)
1527 silly packumentCache full:https://registry.npmjs.org/es-abstract set size:undefined disposed:false
1528 silly fetch manifest side-channel@^1.1.0
1529 silly packumentCache full:https://registry.npmjs.org/side-channel cache-miss
1530 http fetch GET 200 https://registry.npmjs.org/iterator.prototype 199ms (cache miss)
1531 silly packumentCache full:https://registry.npmjs.org/iterator.prototype set size:undefined disposed:false
1532 silly fetch manifest define-properties@^1.1.3
1533 silly packumentCache full:https://registry.npmjs.org/define-properties cache-miss
1534 http cache https://registry.npmjs.org/object.values 153ms (cache hit)
1535 silly packumentCache full:https://registry.npmjs.org/object.values set size:49009 disposed:false
1536 silly fetch manifest es-abstract@^1.17.5
1537 silly packumentCache full:https://registry.npmjs.org/es-abstract cache-miss
1538 http fetch GET 200 https://registry.npmjs.org/array.prototype.flat 188ms (cache miss)
1539 silly packumentCache full:https://registry.npmjs.org/array.prototype.flat set size:undefined disposed:false
1540 http fetch GET 200 https://registry.npmjs.org/object.assign 184ms (cache miss)
1541 silly packumentCache full:https://registry.npmjs.org/object.assign set size:undefined disposed:false
1542 http cache https://registry.npmjs.org/call-bound 169ms (cache hit)
1543 silly packumentCache full:https://registry.npmjs.org/call-bound set size:15317 disposed:false
1544 http cache https://registry.npmjs.org/is-core-module 141ms (cache hit)
1545 silly packumentCache full:https://registry.npmjs.org/is-core-module set size:74378 disposed:false
1546 http fetch GET 200 https://registry.npmjs.org/es-abstract 335ms (cache miss)
1547 silly packumentCache full:https://registry.npmjs.org/es-abstract set size:undefined disposed:false
1548 http cache https://registry.npmjs.org/call-bound 137ms (cache hit)
1549 silly packumentCache full:https://registry.npmjs.org/call-bound set size:15317 disposed:false
1550 silly packumentCache full:https://registry.npmjs.org/call-bound dispose
1551 http cache https://registry.npmjs.org/es-abstract 135ms (cache hit)
1552 silly packumentCache full:https://registry.npmjs.org/es-abstract set size:384124 disposed:false
1553 http fetch GET 200 https://registry.npmjs.org/object-keys 169ms (cache miss)
1554 silly packumentCache full:https://registry.npmjs.org/object-keys set size:undefined disposed:false
1555 http fetch GET 200 https://registry.npmjs.org/node-exports-info 182ms (cache miss)
1556 silly packumentCache full:https://registry.npmjs.org/node-exports-info set size:undefined disposed:false
1557 http cache https://registry.npmjs.org/get-intrinsic 137ms (cache hit)
1558 silly packumentCache full:https://registry.npmjs.org/get-intrinsic set size:60985 disposed:false
1559 http cache https://registry.npmjs.org/define-properties 101ms (cache hit)
1560 silly packumentCache full:https://registry.npmjs.org/define-properties set size:31491 disposed:false
1561 http cache https://registry.npmjs.org/es-abstract 94ms (cache hit)
1562 silly packumentCache full:https://registry.npmjs.org/es-abstract set size:384124 disposed:false
1563 silly packumentCache full:https://registry.npmjs.org/es-abstract dispose
1564 http fetch GET 200 https://registry.npmjs.org/set-function-name 138ms (cache miss)
1565 silly packumentCache full:https://registry.npmjs.org/set-function-name set size:undefined disposed:false
1566 http fetch GET 200 https://registry.npmjs.org/regexp.prototype.flags 152ms (cache miss)
1567 silly packumentCache full:https://registry.npmjs.org/regexp.prototype.flags set size:undefined disposed:false
1568 http fetch GET 200 https://registry.npmjs.org/side-channel 129ms (cache miss)
1569 silly packumentCache full:https://registry.npmjs.org/side-channel set size:undefined disposed:false
1570 silly placeDep ROOT call-bind@1.0.9 OK for: array-includes@3.1.9 want: ^1.0.8
1571 silly placeDep ROOT call-bound@1.0.4 OK for: array-includes@3.1.9 want: ^1.0.4
1572 silly placeDep ROOT define-properties@1.2.1 OK for: array-includes@3.1.9 want: ^1.2.1
1573 silly placeDep ROOT es-abstract@1.24.2 OK for: array-includes@3.1.9 want: ^1.24.0
1574 silly placeDep ROOT es-object-atoms@1.1.2 OK for: array-includes@3.1.9 want: ^1.1.1
1575 silly placeDep ROOT get-intrinsic@1.3.0 OK for: array-includes@3.1.9 want: ^1.3.0
1576 silly placeDep ROOT is-string@1.1.1 OK for: array-includes@3.1.9 want: ^1.1.1
1577 silly placeDep ROOT math-intrinsics@1.1.0 OK for: array-includes@3.1.9 want: ^1.1.0
1578 silly fetch manifest call-bind-apply-helpers@^1.0.2
1579 silly packumentCache full:https://registry.npmjs.org/call-bind-apply-helpers cache-miss
1580 silly fetch manifest es-define-property@^1.0.1
1581 silly packumentCache full:https://registry.npmjs.org/es-define-property cache-miss
1582 silly fetch manifest set-function-length@^1.2.2
1583 silly packumentCache full:https://registry.npmjs.org/set-function-length cache-miss
1584 silly fetch manifest call-bind-apply-helpers@^1.0.2
1585 silly packumentCache full:https://registry.npmjs.org/call-bind-apply-helpers cache-miss
1586 silly fetch manifest define-data-property@^1.0.1
1587 silly packumentCache full:https://registry.npmjs.org/define-data-property cache-miss
1588 silly fetch manifest has-property-descriptors@^1.0.0
1589 silly packumentCache full:https://registry.npmjs.org/has-property-descriptors cache-miss
1590 silly fetch manifest array-buffer-byte-length@^1.0.2
1591 silly packumentCache full:https://registry.npmjs.org/array-buffer-byte-length cache-miss
1592 silly fetch manifest arraybuffer.prototype.slice@^1.0.4
1593 silly packumentCache full:https://registry.npmjs.org/arraybuffer.prototype.slice cache-miss
1594 silly fetch manifest available-typed-arrays@^1.0.7
1595 silly packumentCache full:https://registry.npmjs.org/available-typed-arrays cache-miss
1596 silly fetch manifest data-view-buffer@^1.0.2
1597 silly packumentCache full:https://registry.npmjs.org/data-view-buffer cache-miss
1598 silly fetch manifest data-view-byte-length@^1.0.2
1599 silly packumentCache full:https://registry.npmjs.org/data-view-byte-length cache-miss
1600 silly fetch manifest data-view-byte-offset@^1.0.1
1601 silly packumentCache full:https://registry.npmjs.org/data-view-byte-offset cache-miss
1602 silly fetch manifest es-define-property@^1.0.1
1603 silly packumentCache full:https://registry.npmjs.org/es-define-property cache-miss
1604 silly fetch manifest es-to-primitive@^1.3.0
1605 silly packumentCache full:https://registry.npmjs.org/es-to-primitive cache-miss
1606 silly fetch manifest function.prototype.name@^1.1.8
1607 silly packumentCache full:https://registry.npmjs.org/function.prototype.name cache-miss
1608 http cache https://registry.npmjs.org/has-property-descriptors 276ms (cache hit)
1609 silly packumentCache full:https://registry.npmjs.org/has-property-descriptors set size:12452 disposed:false
1610 silly fetch manifest get-proto@^1.0.1
1611 silly packumentCache full:https://registry.npmjs.org/get-proto cache-miss
1612 http fetch GET 200 https://registry.npmjs.org/call-bind-apply-helpers 301ms (cache miss)
1613 silly packumentCache full:https://registry.npmjs.org/call-bind-apply-helpers set size:undefined disposed:false
1614 silly fetch manifest get-symbol-description@^1.1.0
1615 silly packumentCache full:https://registry.npmjs.org/get-symbol-description cache-miss
1616 http fetch GET 200 https://registry.npmjs.org/arraybuffer.prototype.slice 307ms (cache miss)
1617 silly packumentCache full:https://registry.npmjs.org/arraybuffer.prototype.slice set size:undefined disposed:false
1618 silly fetch manifest is-array-buffer@^3.0.5
1619 silly packumentCache full:https://registry.npmjs.org/is-array-buffer cache-miss
1620 http fetch GET 200 https://registry.npmjs.org/define-data-property 317ms (cache miss)
1621 silly packumentCache full:https://registry.npmjs.org/define-data-property set size:undefined disposed:false
1622 silly fetch manifest is-callable@^1.2.7
1623 silly packumentCache full:https://registry.npmjs.org/is-callable cache-miss
1624 http fetch GET 200 https://registry.npmjs.org/set-function-length 329ms (cache miss)
1625 silly packumentCache full:https://registry.npmjs.org/set-function-length set size:undefined disposed:false
1626 silly fetch manifest is-data-view@^1.0.2
1627 silly packumentCache full:https://registry.npmjs.org/is-data-view cache-miss
1628 http fetch GET 200 https://registry.npmjs.org/call-bind-apply-helpers 339ms (cache miss)
1629 silly packumentCache full:https://registry.npmjs.org/call-bind-apply-helpers set size:undefined disposed:false
1630 silly fetch manifest is-negative-zero@^2.0.3
1631 silly packumentCache full:https://registry.npmjs.org/is-negative-zero cache-miss
1632 http fetch GET 200 https://registry.npmjs.org/es-define-property 343ms (cache miss)
1633 silly packumentCache full:https://registry.npmjs.org/es-define-property set size:undefined disposed:false
1634 silly fetch manifest is-regex@^1.2.1
1635 silly packumentCache full:https://registry.npmjs.org/is-regex cache-miss
1636 http fetch GET 200 https://registry.npmjs.org/data-view-byte-length 353ms (cache miss)
1637 silly packumentCache full:https://registry.npmjs.org/data-view-byte-length set size:undefined disposed:false
1638 silly fetch manifest is-set@^2.0.3
1639 silly packumentCache full:https://registry.npmjs.org/is-set cache-miss
1640 http fetch GET 200 https://registry.npmjs.org/array-buffer-byte-length 374ms (cache miss)
1641 silly packumentCache full:https://registry.npmjs.org/array-buffer-byte-length set size:undefined disposed:false
1642 silly fetch manifest is-shared-array-buffer@^1.0.4
1643 silly packumentCache full:https://registry.npmjs.org/is-shared-array-buffer cache-miss
1644 http fetch GET 200 https://registry.npmjs.org/data-view-buffer 387ms (cache miss)
1645 silly packumentCache full:https://registry.npmjs.org/data-view-buffer set size:undefined disposed:false
1646 silly fetch manifest is-typed-array@^1.1.15
1647 silly packumentCache full:https://registry.npmjs.org/is-typed-array cache-miss
1648 http fetch GET 200 https://registry.npmjs.org/es-define-property 405ms (cache miss)
1649 silly packumentCache full:https://registry.npmjs.org/es-define-property set size:undefined disposed:false
1650 silly fetch manifest is-weakref@^1.1.1
1651 silly packumentCache full:https://registry.npmjs.org/is-weakref cache-miss
1652 http fetch GET 200 https://registry.npmjs.org/data-view-byte-offset 397ms (cache miss)
1653 silly packumentCache full:https://registry.npmjs.org/data-view-byte-offset set size:undefined disposed:false
1654 silly fetch manifest object-inspect@^1.13.4
1655 silly packumentCache full:https://registry.npmjs.org/object-inspect cache-miss
1656 http fetch GET 200 https://registry.npmjs.org/function.prototype.name 393ms (cache miss)
1657 silly packumentCache full:https://registry.npmjs.org/function.prototype.name set size:undefined disposed:false
1658 silly fetch manifest object.assign@^4.1.7
1659 silly packumentCache full:https://registry.npmjs.org/object.assign cache-miss
1660 http fetch GET 200 https://registry.npmjs.org/es-to-primitive 408ms (cache miss)
1661 silly packumentCache full:https://registry.npmjs.org/es-to-primitive set size:undefined disposed:false
1662 silly fetch manifest own-keys@^1.0.1
1663 silly packumentCache full:https://registry.npmjs.org/own-keys cache-miss
1664 http fetch GET 200 https://registry.npmjs.org/available-typed-arrays 425ms (cache miss)
1665 silly packumentCache full:https://registry.npmjs.org/available-typed-arrays set size:undefined disposed:false
1666 silly fetch manifest regexp.prototype.flags@^1.5.4
1667 silly packumentCache full:https://registry.npmjs.org/regexp.prototype.flags cache-miss
1668 http fetch GET 200 https://registry.npmjs.org/get-proto 204ms (cache miss)
1669 silly packumentCache full:https://registry.npmjs.org/get-proto set size:undefined disposed:false
1670 silly fetch manifest safe-array-concat@^1.1.3
1671 silly packumentCache full:https://registry.npmjs.org/safe-array-concat cache-miss
1672 http fetch GET 200 https://registry.npmjs.org/is-data-view 166ms (cache miss)
1673 silly packumentCache full:https://registry.npmjs.org/is-data-view set size:undefined disposed:false
1674 silly fetch manifest safe-push-apply@^1.0.0
1675 silly packumentCache full:https://registry.npmjs.org/safe-push-apply cache-miss
1676 http fetch GET 200 https://registry.npmjs.org/get-symbol-description 203ms (cache miss)
1677 silly packumentCache full:https://registry.npmjs.org/get-symbol-description set size:undefined disposed:false
1678 silly fetch manifest safe-regex-test@^1.1.0
1679 silly packumentCache full:https://registry.npmjs.org/safe-regex-test cache-miss
1680 http fetch GET 200 https://registry.npmjs.org/is-array-buffer 201ms (cache miss)
1681 silly packumentCache full:https://registry.npmjs.org/is-array-buffer set size:undefined disposed:false
1682 silly fetch manifest set-proto@^1.0.0
1683 silly packumentCache full:https://registry.npmjs.org/set-proto cache-miss
1684 http fetch GET 200 https://registry.npmjs.org/is-negative-zero 185ms (cache miss)
1685 silly packumentCache full:https://registry.npmjs.org/is-negative-zero set size:undefined disposed:false
1686 silly fetch manifest stop-iteration-iterator@^1.1.0
1687 silly packumentCache full:https://registry.npmjs.org/stop-iteration-iterator cache-miss
1688 http fetch GET 200 https://registry.npmjs.org/is-set 172ms (cache miss)
1689 silly packumentCache full:https://registry.npmjs.org/is-set set size:undefined disposed:false
1690 silly fetch manifest string.prototype.trim@^1.2.10
1691 silly packumentCache full:https://registry.npmjs.org/string.prototype.trim cache-miss
1692 http fetch GET 200 https://registry.npmjs.org/is-regex 183ms (cache miss)
1693 silly packumentCache full:https://registry.npmjs.org/is-regex set size:undefined disposed:false
1694 silly fetch manifest string.prototype.trimend@^1.0.9
1695 silly packumentCache full:https://registry.npmjs.org/string.prototype.trimend cache-miss
1696 http fetch GET 200 https://registry.npmjs.org/is-callable 231ms (cache miss)
1697 silly packumentCache full:https://registry.npmjs.org/is-callable set size:undefined disposed:false
1698 silly fetch manifest string.prototype.trimstart@^1.0.8
1699 silly packumentCache full:https://registry.npmjs.org/string.prototype.trimstart cache-miss
1700 http cache https://registry.npmjs.org/object.assign 147ms (cache hit)
1701 silly packumentCache full:https://registry.npmjs.org/object.assign set size:85907 disposed:false
1702 silly fetch manifest typed-array-buffer@^1.0.3
1703 silly packumentCache full:https://registry.npmjs.org/typed-array-buffer cache-miss
1704 http cache https://registry.npmjs.org/regexp.prototype.flags 133ms (cache hit)
1705 silly packumentCache full:https://registry.npmjs.org/regexp.prototype.flags set size:60621 disposed:false
1706 silly fetch manifest typed-array-byte-length@^1.0.3
1707 silly packumentCache full:https://registry.npmjs.org/typed-array-byte-length cache-miss
1708 http fetch GET 200 https://registry.npmjs.org/is-shared-array-buffer 200ms (cache miss)
1709 silly packumentCache full:https://registry.npmjs.org/is-shared-array-buffer set size:undefined disposed:false
1710 silly fetch manifest typed-array-byte-offset@^1.0.4
1711 silly packumentCache full:https://registry.npmjs.org/typed-array-byte-offset cache-miss
1712 http fetch GET 200 https://registry.npmjs.org/is-weakref 200ms (cache miss)
1713 silly packumentCache full:https://registry.npmjs.org/is-weakref set size:undefined disposed:false
1714 silly fetch manifest typed-array-length@^1.0.7
1715 silly packumentCache full:https://registry.npmjs.org/typed-array-length cache-miss
1716 http fetch GET 200 https://registry.npmjs.org/is-typed-array 227ms (cache miss)
1717 silly packumentCache full:https://registry.npmjs.org/is-typed-array set size:undefined disposed:false
1718 silly fetch manifest unbox-primitive@^1.1.0
1719 silly packumentCache full:https://registry.npmjs.org/unbox-primitive cache-miss
1720 http fetch GET 200 https://registry.npmjs.org/own-keys 203ms (cache miss)
1721 silly packumentCache full:https://registry.npmjs.org/own-keys set size:undefined disposed:false
1722 silly fetch manifest which-typed-array@^1.1.19
1723 silly packumentCache full:https://registry.npmjs.org/which-typed-array cache-miss
1724 http fetch GET 200 https://registry.npmjs.org/object-inspect 242ms (cache miss)
1725 silly packumentCache full:https://registry.npmjs.org/object-inspect set size:undefined disposed:false
1726 silly fetch manifest has-tostringtag@^1.0.2
1727 silly packumentCache full:https://registry.npmjs.org/has-tostringtag cache-miss
1728 http fetch GET 200 https://registry.npmjs.org/safe-push-apply 186ms (cache miss)
1729 silly packumentCache full:https://registry.npmjs.org/safe-push-apply set size:undefined disposed:false
1730 http fetch GET 200 https://registry.npmjs.org/stop-iteration-iterator 167ms (cache miss)
1731 silly packumentCache full:https://registry.npmjs.org/stop-iteration-iterator set size:undefined disposed:false
1732 http fetch GET 200 https://registry.npmjs.org/safe-array-concat 211ms (cache miss)
1733 silly packumentCache full:https://registry.npmjs.org/safe-array-concat set size:undefined disposed:false
1734 http fetch GET 200 https://registry.npmjs.org/set-proto 184ms (cache miss)
1735 silly packumentCache full:https://registry.npmjs.org/set-proto set size:undefined disposed:false
1736 http fetch GET 200 https://registry.npmjs.org/safe-regex-test 201ms (cache miss)
1737 silly packumentCache full:https://registry.npmjs.org/safe-regex-test set size:undefined disposed:false
1738 http fetch GET 200 https://registry.npmjs.org/string.prototype.trimend 168ms (cache miss)
1739 silly packumentCache full:https://registry.npmjs.org/string.prototype.trimend set size:undefined disposed:false
1740 http fetch GET 200 https://registry.npmjs.org/typed-array-byte-length 149ms (cache miss)
1741 silly packumentCache full:https://registry.npmjs.org/typed-array-byte-length set size:undefined disposed:false
1742 http fetch GET 200 https://registry.npmjs.org/string.prototype.trim 182ms (cache miss)
1743 silly packumentCache full:https://registry.npmjs.org/string.prototype.trim set size:undefined disposed:false
1744 http fetch GET 200 https://registry.npmjs.org/string.prototype.trimstart 169ms (cache miss)
1745 silly packumentCache full:https://registry.npmjs.org/string.prototype.trimstart set size:undefined disposed:false
1746 http fetch GET 200 https://registry.npmjs.org/typed-array-buffer 169ms (cache miss)
1747 silly packumentCache full:https://registry.npmjs.org/typed-array-buffer set size:undefined disposed:false
1748 http fetch GET 200 https://registry.npmjs.org/typed-array-byte-offset 152ms (cache miss)
1749 silly packumentCache full:https://registry.npmjs.org/typed-array-byte-offset set size:undefined disposed:false
1750 http fetch GET 200 https://registry.npmjs.org/unbox-primitive 111ms (cache miss)
1751 silly packumentCache full:https://registry.npmjs.org/unbox-primitive set size:undefined disposed:false
1752 http fetch GET 200 https://registry.npmjs.org/typed-array-length 137ms (cache miss)
1753 silly packumentCache full:https://registry.npmjs.org/typed-array-length set size:undefined disposed:false
1754 http fetch GET 200 https://registry.npmjs.org/which-typed-array 116ms (cache miss)
1755 silly packumentCache full:https://registry.npmjs.org/which-typed-array set size:undefined disposed:false
1756 http fetch GET 200 https://registry.npmjs.org/has-tostringtag 96ms (cache miss)
1757 silly packumentCache full:https://registry.npmjs.org/has-tostringtag set size:undefined disposed:false
1758 silly placeDep ROOT es-errors@1.3.0 OK for: array.prototype.findlast@1.2.5 want: ^1.3.0
1759 silly placeDep ROOT es-shim-unscopables@1.1.0 OK for: array.prototype.findlast@1.2.5 want: ^1.0.2
1760 silly placeDep ROOT call-bind-apply-helpers@1.0.2 OK for: call-bind@1.0.9 want: ^1.0.2
1761 silly placeDep ROOT es-define-property@1.0.1 OK for: call-bind@1.0.9 want: ^1.0.1
1762 silly placeDep ROOT set-function-length@1.2.2 OK for: call-bind@1.0.9 want: ^1.2.2
1763 silly fetch manifest define-data-property@^1.1.4
1764 silly packumentCache full:https://registry.npmjs.org/define-data-property cache-miss
1765 silly fetch manifest gopd@^1.0.1
1766 silly packumentCache full:https://registry.npmjs.org/gopd cache-miss
1767 http cache https://registry.npmjs.org/define-data-property 22ms (cache hit)
1768 silly packumentCache full:https://registry.npmjs.org/define-data-property set size:28048 disposed:false
1769 http cache https://registry.npmjs.org/gopd 23ms (cache hit)
1770 silly packumentCache full:https://registry.npmjs.org/gopd set size:11458 disposed:false
1771 silly placeDep ROOT function-bind@1.1.2 OK for: call-bind-apply-helpers@1.0.2 want: ^1.1.2
1772 silly placeDep ROOT define-data-property@1.1.4 OK for: define-properties@1.2.1 want: ^1.0.1
1773 silly placeDep ROOT has-property-descriptors@1.0.2 OK for: define-properties@1.2.1 want: ^1.0.0
1774 silly placeDep ROOT object-keys@1.1.1 OK for: define-properties@1.2.1 want: ^1.1.1
1775 silly placeDep ROOT gopd@1.2.0 OK for: define-data-property@1.1.4 want: ^1.0.1
1776 silly placeDep ROOT array-buffer-byte-length@1.0.2 OK for: es-abstract@1.24.2 want: ^1.0.2
1777 silly placeDep ROOT arraybuffer.prototype.slice@1.0.4 OK for: es-abstract@1.24.2 want: ^1.0.4
1778 silly placeDep ROOT available-typed-arrays@1.0.7 OK for: es-abstract@1.24.2 want: ^1.0.7
1779 silly placeDep ROOT data-view-buffer@1.0.2 OK for: es-abstract@1.24.2 want: ^1.0.2
1780 silly placeDep ROOT data-view-byte-length@1.0.2 OK for: es-abstract@1.24.2 want: ^1.0.2
1781 silly placeDep ROOT data-view-byte-offset@1.0.1 OK for: es-abstract@1.24.2 want: ^1.0.1
1782 silly placeDep ROOT es-set-tostringtag@2.1.0 OK for: es-abstract@1.24.2 want: ^2.1.0
1783 silly placeDep ROOT es-to-primitive@1.3.4 OK for: es-abstract@1.24.2 want: ^1.3.0
1784 silly placeDep ROOT function.prototype.name@1.2.0 OK for: es-abstract@1.24.2 want: ^1.1.8
1785 silly placeDep ROOT get-proto@1.0.1 OK for: es-abstract@1.24.2 want: ^1.0.1
1786 silly placeDep ROOT get-symbol-description@1.1.0 OK for: es-abstract@1.24.2 want: ^1.1.0
1787 silly placeDep ROOT globalthis@1.0.4 OK for: es-abstract@1.24.2 want: ^1.0.4
1788 silly placeDep ROOT has-proto@1.2.0 OK for: es-abstract@1.24.2 want: ^1.2.0
1789 silly placeDep ROOT has-symbols@1.1.0 OK for: es-abstract@1.24.2 want: ^1.1.0
1790 silly placeDep ROOT internal-slot@1.1.0 OK for: es-abstract@1.24.2 want: ^1.1.0
1791 silly placeDep ROOT is-array-buffer@3.0.5 OK for: es-abstract@1.24.2 want: ^3.0.5
1792 silly placeDep ROOT is-callable@1.2.7 OK for: es-abstract@1.24.2 want: ^1.2.7
1793 silly placeDep ROOT is-data-view@1.0.2 OK for: es-abstract@1.24.2 want: ^1.0.2
1794 silly placeDep ROOT is-negative-zero@2.0.3 OK for: es-abstract@1.24.2 want: ^2.0.3
1795 silly placeDep ROOT is-regex@1.2.1 OK for: es-abstract@1.24.2 want: ^1.2.1
1796 silly placeDep ROOT is-set@2.0.3 OK for: es-abstract@1.24.2 want: ^2.0.3
1797 silly placeDep ROOT is-shared-array-buffer@1.0.4 OK for: es-abstract@1.24.2 want: ^1.0.4
1798 silly placeDep ROOT is-typed-array@1.1.15 OK for: es-abstract@1.24.2 want: ^1.1.15
1799 silly placeDep ROOT is-weakref@1.1.1 OK for: es-abstract@1.24.2 want: ^1.1.1
1800 silly placeDep ROOT object-inspect@1.13.4 OK for: es-abstract@1.24.2 want: ^1.13.4
1801 silly placeDep ROOT object.assign@4.1.7 OK for: es-abstract@1.24.2 want: ^4.1.7
1802 silly placeDep ROOT own-keys@1.0.1 OK for: es-abstract@1.24.2 want: ^1.0.1
1803 silly placeDep ROOT regexp.prototype.flags@1.5.4 OK for: es-abstract@1.24.2 want: ^1.5.4
1804 silly placeDep ROOT safe-array-concat@1.1.4 OK for: es-abstract@1.24.2 want: ^1.1.3
1805 silly placeDep ROOT safe-push-apply@1.0.0 OK for: es-abstract@1.24.2 want: ^1.0.0
1806 silly placeDep ROOT safe-regex-test@1.1.0 OK for: es-abstract@1.24.2 want: ^1.1.0
1807 silly placeDep ROOT set-proto@1.0.0 OK for: es-abstract@1.24.2 want: ^1.0.0
1808 silly placeDep ROOT stop-iteration-iterator@1.1.0 OK for: es-abstract@1.24.2 want: ^1.1.0
1809 silly placeDep ROOT string.prototype.trim@1.2.11 OK for: es-abstract@1.24.2 want: ^1.2.10
1810 silly placeDep ROOT string.prototype.trimend@1.0.10 OK for: es-abstract@1.24.2 want: ^1.0.9
1811 silly placeDep ROOT string.prototype.trimstart@1.0.8 OK for: es-abstract@1.24.2 want: ^1.0.8
1812 silly placeDep ROOT typed-array-buffer@1.0.3 OK for: es-abstract@1.24.2 want: ^1.0.3
1813 silly placeDep ROOT typed-array-byte-length@1.0.3 OK for: es-abstract@1.24.2 want: ^1.0.3
1814 silly placeDep ROOT typed-array-byte-offset@1.0.4 OK for: es-abstract@1.24.2 want: ^1.0.4
1815 silly placeDep ROOT typed-array-length@1.0.8 OK for: es-abstract@1.24.2 want: ^1.0.7
1816 silly placeDep ROOT unbox-primitive@1.1.0 OK for: es-abstract@1.24.2 want: ^1.1.0
1817 silly placeDep ROOT which-typed-array@1.1.22 OK for: es-abstract@1.24.2 want: ^1.1.19
1818 silly fetch manifest is-array-buffer@^3.0.4
1819 silly packumentCache full:https://registry.npmjs.org/is-array-buffer cache-miss
1820 silly fetch manifest possible-typed-array-names@^1.0.0
1821 silly packumentCache full:https://registry.npmjs.org/possible-typed-array-names cache-miss
1822 silly fetch manifest is-data-view@^1.0.1
1823 silly packumentCache full:https://registry.npmjs.org/is-data-view cache-miss
1824 silly fetch manifest is-symbol@^1.1.1
1825 silly packumentCache full:https://registry.npmjs.org/is-symbol cache-miss
1826 silly fetch manifest is-date-object@^1.1.0
1827 silly packumentCache full:https://registry.npmjs.org/is-date-object cache-miss
1828 silly fetch manifest es-abstract-get@^1.0.0
1829 silly packumentCache full:https://registry.npmjs.org/es-abstract-get cache-miss
1830 silly fetch manifest is-document.all@^1.0.0
1831 silly packumentCache full:https://registry.npmjs.org/is-document.all cache-miss
1832 silly fetch manifest functions-have-names@^1.2.3
1833 silly packumentCache full:https://registry.npmjs.org/functions-have-names cache-miss
1834 silly fetch manifest dunder-proto@^1.0.1
1835 silly packumentCache full:https://registry.npmjs.org/dunder-proto cache-miss
1836 silly fetch manifest dunder-proto@^1.0.0
1837 silly packumentCache full:https://registry.npmjs.org/dunder-proto cache-miss
1838 silly fetch manifest is-typed-array@^1.1.13
1839 silly packumentCache full:https://registry.npmjs.org/is-typed-array cache-miss
1840 silly fetch manifest which-typed-array@^1.1.16
1841 silly packumentCache full:https://registry.npmjs.org/which-typed-array cache-miss
1842 silly fetch manifest isarray@^2.0.5
1843 silly packumentCache full:https://registry.npmjs.org/isarray cache-miss
1844 silly fetch manifest isarray@^2.0.5
1845 silly packumentCache full:https://registry.npmjs.org/isarray cache-miss
1846 silly fetch manifest dunder-proto@^1.0.1
1847 silly packumentCache full:https://registry.npmjs.org/dunder-proto cache-miss
1848 http cache https://registry.npmjs.org/is-data-view 117ms (cache hit)
1849 silly packumentCache full:https://registry.npmjs.org/is-data-view set size:13756 disposed:false
1850 silly fetch manifest for-each@^0.3.3
1851 silly packumentCache full:https://registry.npmjs.org/for-each cache-miss
1852 http cache https://registry.npmjs.org/is-array-buffer 126ms (cache hit)
1853 silly packumentCache full:https://registry.npmjs.org/is-array-buffer set size:33562 disposed:false
1854 silly fetch manifest for-each@^0.3.3
1855 silly packumentCache full:https://registry.npmjs.org/for-each cache-miss
1856 http cache https://registry.npmjs.org/is-typed-array 108ms (cache hit)
1857 silly packumentCache full:https://registry.npmjs.org/is-typed-array set size:79965 disposed:false
1858 silly fetch manifest reflect.getprototypeof@^1.0.9
1859 silly packumentCache full:https://registry.npmjs.org/reflect.getprototypeof cache-miss
1860 http cache https://registry.npmjs.org/which-typed-array 111ms (cache hit)
1861 silly packumentCache full:https://registry.npmjs.org/which-typed-array set size:101551 disposed:false
1862 silly fetch manifest for-each@^0.3.5
1863 silly packumentCache full:https://registry.npmjs.org/for-each cache-miss
1864 http fetch GET 200 https://registry.npmjs.org/es-abstract-get 141ms (cache miss)
1865 silly packumentCache full:https://registry.npmjs.org/es-abstract-get set size:undefined disposed:false
1866 silly fetch manifest possible-typed-array-names@^1.1.0
1867 silly packumentCache full:https://registry.npmjs.org/possible-typed-array-names cache-miss
1868 http fetch GET 200 https://registry.npmjs.org/is-document.all 144ms (cache miss)
1869 silly packumentCache full:https://registry.npmjs.org/is-document.all set size:undefined disposed:false
1870 silly fetch manifest reflect.getprototypeof@^1.0.10
1871 silly packumentCache full:https://registry.npmjs.org/reflect.getprototypeof cache-miss
1872 http fetch GET 200 https://registry.npmjs.org/dunder-proto 146ms (cache miss)
1873 silly packumentCache full:https://registry.npmjs.org/dunder-proto set size:undefined disposed:false
1874 silly fetch manifest has-bigints@^1.0.2
1875 silly packumentCache full:https://registry.npmjs.org/has-bigints cache-miss
1876 http fetch GET 200 https://registry.npmjs.org/is-symbol 158ms (cache miss)
1877 silly packumentCache full:https://registry.npmjs.org/is-symbol set size:undefined disposed:false
1878 silly fetch manifest which-boxed-primitive@^1.1.1
1879 silly packumentCache full:https://registry.npmjs.org/which-boxed-primitive cache-miss
1880 http fetch GET 200 https://registry.npmjs.org/functions-have-names 171ms (cache miss)
1881 silly packumentCache full:https://registry.npmjs.org/functions-have-names set size:undefined disposed:false
1882 silly fetch manifest for-each@^0.3.5
1883 silly packumentCache full:https://registry.npmjs.org/for-each cache-miss
1884 http fetch GET 200 https://registry.npmjs.org/isarray 159ms (cache miss)
1885 silly packumentCache full:https://registry.npmjs.org/isarray set size:undefined disposed:false
1886 http fetch GET 200 https://registry.npmjs.org/dunder-proto 172ms (cache miss)
1887 silly packumentCache full:https://registry.npmjs.org/dunder-proto set size:undefined disposed:false
1888 http fetch GET 200 https://registry.npmjs.org/dunder-proto 165ms (cache miss)
1889 silly packumentCache full:https://registry.npmjs.org/dunder-proto set size:undefined disposed:false
1890 http fetch GET 200 https://registry.npmjs.org/is-date-object 202ms (cache miss)
1891 silly packumentCache full:https://registry.npmjs.org/is-date-object set size:undefined disposed:false
1892 http fetch GET 200 https://registry.npmjs.org/possible-typed-array-names 213ms (cache miss)
1893 silly packumentCache full:https://registry.npmjs.org/possible-typed-array-names set size:undefined disposed:false
1894 http fetch GET 200 https://registry.npmjs.org/isarray 189ms (cache miss)
1895 silly packumentCache full:https://registry.npmjs.org/isarray set size:undefined disposed:false
1896 http fetch GET 200 https://registry.npmjs.org/for-each 107ms (cache miss)
1897 silly packumentCache full:https://registry.npmjs.org/for-each set size:undefined disposed:false
1898 http fetch GET 200 https://registry.npmjs.org/reflect.getprototypeof 105ms (cache miss)
1899 silly packumentCache full:https://registry.npmjs.org/reflect.getprototypeof set size:undefined disposed:false
1900 http fetch GET 200 https://registry.npmjs.org/possible-typed-array-names 89ms (cache miss)
1901 silly packumentCache full:https://registry.npmjs.org/possible-typed-array-names set size:undefined disposed:false
1902 http fetch GET 200 https://registry.npmjs.org/for-each 122ms (cache miss)
1903 silly packumentCache full:https://registry.npmjs.org/for-each set size:undefined disposed:false
1904 http fetch GET 200 https://registry.npmjs.org/for-each 111ms (cache miss)
1905 silly packumentCache full:https://registry.npmjs.org/for-each set size:undefined disposed:false
1906 http fetch GET 200 https://registry.npmjs.org/reflect.getprototypeof 94ms (cache miss)
1907 silly packumentCache full:https://registry.npmjs.org/reflect.getprototypeof set size:undefined disposed:false
1908 http fetch GET 200 https://registry.npmjs.org/has-bigints 92ms (cache miss)
1909 silly packumentCache full:https://registry.npmjs.org/has-bigints set size:undefined disposed:false
1910 http fetch GET 200 https://registry.npmjs.org/for-each 72ms (cache miss)
1911 silly packumentCache full:https://registry.npmjs.org/for-each set size:undefined disposed:false
1912 http fetch GET 200 https://registry.npmjs.org/which-boxed-primitive 97ms (cache miss)
1913 silly packumentCache full:https://registry.npmjs.org/which-boxed-primitive set size:undefined disposed:false
1914 silly placeDep ROOT possible-typed-array-names@1.1.0 OK for: available-typed-arrays@1.0.7 want: ^1.0.0
1915 silly placeDep ROOT iterator.prototype@1.1.5 OK for: es-iterator-helpers@1.3.3 want: ^1.1.5
1916 silly placeDep ROOT has-tostringtag@1.0.2 OK for: es-set-tostringtag@2.1.0 want: ^1.0.2
1917 silly placeDep ROOT es-abstract-get@1.0.0 OK for: es-to-primitive@1.3.4 want: ^1.0.0
1918 silly placeDep ROOT is-date-object@1.1.0 OK for: es-to-primitive@1.3.4 want: ^1.1.0
1919 silly placeDep ROOT is-symbol@1.1.1 OK for: es-to-primitive@1.3.4 want: ^1.1.1
1920 silly placeDep ROOT esrecurse@4.3.0 OK for: eslint-scope@8.4.0 want: ^4.3.0
1921 silly placeDep ROOT acorn@8.17.0 OK for: espree@10.4.0 want: ^8.15.0
1922 silly placeDep ROOT acorn-jsx@5.3.2 OK for: espree@10.4.0 want: ^5.3.2
1923 silly placeDep ROOT flat-cache@4.0.1 OK for: file-entry-cache@8.0.0 want: ^4.0.0
1924 silly fetch manifest keyv@^4.5.4
1925 silly packumentCache full:https://registry.npmjs.org/keyv cache-miss
1926 silly fetch manifest flatted@^3.2.9
1927 silly packumentCache full:https://registry.npmjs.org/flatted cache-miss
1928 http fetch GET 200 https://registry.npmjs.org/keyv 59ms (cache miss)
1929 silly packumentCache full:https://registry.npmjs.org/keyv set size:undefined disposed:false
1930 http fetch GET 200 https://registry.npmjs.org/flatted 67ms (cache miss)
1931 silly packumentCache full:https://registry.npmjs.org/flatted set size:undefined disposed:false
1932 silly placeDep ROOT locate-path@6.0.0 OK for: find-up@5.0.0 want: ^6.0.0
1933 silly placeDep ROOT path-exists@4.0.0 OK for: find-up@5.0.0 want: ^4.0.0
1934 silly fetch manifest p-locate@^5.0.0
1935 silly packumentCache full:https://registry.npmjs.org/p-locate cache-miss
1936 http fetch GET 200 https://registry.npmjs.org/p-locate 63ms (cache miss)
1937 silly packumentCache full:https://registry.npmjs.org/p-locate set size:undefined disposed:false
1938 silly fetch manifest @react-native-async-storage/async-storage@^1.18.1
1939 silly packumentCache full:https://registry.npmjs.org/@react-native-async-storage%2fasync-storage cache-miss
1940 http fetch GET 200 https://registry.npmjs.org/@react-native-async-storage%2fasync-storage 82ms (cache miss)
1941 silly packumentCache full:https://registry.npmjs.org/@react-native-async-storage%2fasync-storage set size:undefined disposed:false
1942 silly fetch manifest react-native@^0.0.0-0 || >=0.60 <1.0
1943 silly packumentCache full:https://registry.npmjs.org/react-native cache-miss
1944 http fetch GET 200 https://registry.npmjs.org/react-native 742ms (cache miss)
1945 silly packumentCache full:https://registry.npmjs.org/react-native set size:undefined disposed:false
1946 silly fetch manifest @react-native/jest-preset@0.86.0
1947 silly packumentCache full:https://registry.npmjs.org/@react-native%2fjest-preset cache-miss
1948 http fetch GET 200 https://registry.npmjs.org/@react-native%2fjest-preset 98ms (cache miss)
1949 silly packumentCache full:https://registry.npmjs.org/@react-native%2fjest-preset set size:undefined disposed:false
1950 silly fetch manifest react@^19.2.3
1951 silly packumentCache full:https://registry.npmjs.org/react cache-miss
1952 http cache https://registry.npmjs.org/react 49ms (cache hit)
1953 silly packumentCache full:https://registry.npmjs.org/react set size:6760698 disposed:false
1954 silly fetch manifest @types/react@^19.1.1
1955 silly packumentCache full:https://registry.npmjs.org/@types%2freact cache-miss
1956 http cache https://registry.npmjs.org/@types%2freact 34ms (cache hit)
1957 silly packumentCache full:https://registry.npmjs.org/@types%2freact set size:2632776 disposed:false
1958 silly placeDep ROOT @firebase/ai@1.4.1 OK for: firebase@11.10.0 want: 1.4.1
1959 silly placeDep ROOT @firebase/app@0.13.2 OK for: @firebase/ai@1.4.1 want: 0.x
1960 silly placeDep ROOT @firebase/app-types@0.9.3 OK for: @firebase/ai@1.4.1 want: 0.x
1961 silly placeDep ROOT @firebase/analytics@0.10.17 OK for: firebase@11.10.0 want: 0.10.17
1962 silly placeDep ROOT @firebase/analytics-compat@0.2.23 OK for: firebase@11.10.0 want: 0.2.23
1963 silly placeDep ROOT @firebase/app-compat@0.4.2 OK for: @firebase/analytics-compat@0.2.23 want: 0.x
1964 silly placeDep ROOT @firebase/app-check@0.10.1 OK for: firebase@11.10.0 want: 0.10.1
1965 silly placeDep ROOT @firebase/app-check-compat@0.3.26 OK for: firebase@11.10.0 want: 0.3.26
1966 silly placeDep node_modules/firebase @firebase/auth@1.10.8 OK for: firebase@11.10.0 want: 1.10.8
1967 silly placeDep ROOT @firebase/auth-compat@0.5.28 OK for: firebase@11.10.0 want: 0.5.28
1968 silly placeDep ROOT @firebase/data-connect@0.3.10 OK for: firebase@11.10.0 want: 0.3.10
1969 silly placeDep ROOT @firebase/database@1.0.20 OK for: firebase@11.10.0 want: 1.0.20
1970 silly placeDep ROOT @firebase/database-compat@2.0.11 OK for: firebase@11.10.0 want: 2.0.11
1971 silly placeDep ROOT @firebase/firestore@4.8.0 OK for: firebase@11.10.0 want: 4.8.0
1972 silly placeDep ROOT @firebase/firestore-compat@0.3.53 OK for: firebase@11.10.0 want: 0.3.53
1973 silly placeDep ROOT @firebase/functions@0.12.9 OK for: firebase@11.10.0 want: 0.12.9
1974 silly placeDep ROOT @firebase/functions-compat@0.3.26 OK for: firebase@11.10.0 want: 0.3.26
1975 silly placeDep ROOT @firebase/installations@0.6.18 OK for: firebase@11.10.0 want: 0.6.18
1976 silly placeDep ROOT @firebase/installations-compat@0.2.18 OK for: firebase@11.10.0 want: 0.2.18
1977 silly placeDep ROOT @firebase/messaging@0.12.22 OK for: firebase@11.10.0 want: 0.12.22
1978 silly placeDep ROOT @firebase/messaging-compat@0.2.22 OK for: firebase@11.10.0 want: 0.2.22
1979 silly placeDep ROOT @firebase/performance@0.7.7 OK for: firebase@11.10.0 want: 0.7.7
1980 silly placeDep ROOT @firebase/performance-compat@0.2.20 OK for: firebase@11.10.0 want: 0.2.20
1981 silly placeDep ROOT @firebase/remote-config@0.6.5 OK for: firebase@11.10.0 want: 0.6.5
1982 silly placeDep ROOT @firebase/remote-config-compat@0.2.18 OK for: firebase@11.10.0 want: 0.2.18
1983 silly placeDep ROOT @firebase/storage@0.13.14 OK for: firebase@11.10.0 want: 0.13.14
1984 silly placeDep ROOT @firebase/storage-compat@0.3.24 OK for: firebase@11.10.0 want: 0.3.24
1985 silly placeDep ROOT @firebase/util@1.12.1 OK for: firebase@11.10.0 want: 1.12.1
1986 silly fetch manifest tslib@^2.1.0
1987 silly packumentCache full:https://registry.npmjs.org/tslib cache-miss
1988 silly fetch manifest @firebase/logger@0.4.4
1989 silly packumentCache full:https://registry.npmjs.org/@firebase%2flogger cache-miss
1990 silly fetch manifest @firebase/component@0.6.18
1991 silly packumentCache full:https://registry.npmjs.org/@firebase%2fcomponent cache-miss
1992 silly fetch manifest @firebase/app-check-interop-types@0.3.3
1993 silly packumentCache full:https://registry.npmjs.org/@firebase%2fapp-check-interop-types cache-miss
1994 silly fetch manifest idb@7.1.1
1995 silly packumentCache full:https://registry.npmjs.org/idb cache-miss
1996 silly fetch manifest tslib@^2.1.0
1997 silly packumentCache full:https://registry.npmjs.org/tslib cache-miss
1998 silly fetch manifest @firebase/logger@0.4.4
1999 silly packumentCache full:https://registry.npmjs.org/@firebase%2flogger cache-miss
2000 silly fetch manifest @firebase/component@0.6.18
2001 silly packumentCache full:https://registry.npmjs.org/@firebase%2fcomponent cache-miss
2002 silly fetch manifest tslib@^2.1.0
2003 silly packumentCache full:https://registry.npmjs.org/tslib cache-miss
2004 silly fetch manifest @firebase/logger@0.4.4
2005 silly packumentCache full:https://registry.npmjs.org/@firebase%2flogger cache-miss
2006 silly fetch manifest @firebase/component@0.6.18
2007 silly packumentCache full:https://registry.npmjs.org/@firebase%2fcomponent cache-miss
2008 silly fetch manifest tslib@^2.1.0
2009 silly packumentCache full:https://registry.npmjs.org/tslib cache-miss
2010 silly fetch manifest @firebase/component@0.6.18
2011 silly packumentCache full:https://registry.npmjs.org/@firebase%2fcomponent cache-miss
2012 silly fetch manifest @firebase/analytics-types@0.8.3
2013 silly packumentCache full:https://registry.npmjs.org/@firebase%2fanalytics-types cache-miss
2014 silly fetch manifest tslib@^2.1.0
2015 silly packumentCache full:https://registry.npmjs.org/tslib cache-miss
2016 http fetch GET 200 https://registry.npmjs.org/tslib 89ms (cache miss)
2017 silly packumentCache full:https://registry.npmjs.org/tslib set size:undefined disposed:false
2018 silly fetch manifest @firebase/logger@0.4.4
2019 silly packumentCache full:https://registry.npmjs.org/@firebase%2flogger cache-miss
2020 http fetch GET 200 https://registry.npmjs.org/tslib 108ms (cache miss)
2021 silly packumentCache full:https://registry.npmjs.org/tslib set size:undefined disposed:false
2022 silly fetch manifest @firebase/component@0.6.18
2023 silly packumentCache full:https://registry.npmjs.org/@firebase%2fcomponent cache-miss
2024 http fetch GET 200 https://registry.npmjs.org/tslib 106ms (cache miss)
2025 silly packumentCache full:https://registry.npmjs.org/tslib set size:undefined disposed:false
2026 silly fetch manifest @firebase/logger@0.4.4
2027 silly packumentCache full:https://registry.npmjs.org/@firebase%2flogger cache-miss
2028 http fetch GET 200 https://registry.npmjs.org/tslib 123ms (cache miss)
2029 silly packumentCache full:https://registry.npmjs.org/tslib set size:undefined disposed:false
2030 silly fetch manifest @firebase/component@0.6.18
2031 silly packumentCache full:https://registry.npmjs.org/@firebase%2fcomponent cache-miss
2032 http fetch GET 200 https://registry.npmjs.org/idb 155ms (cache miss)
2033 silly packumentCache full:https://registry.npmjs.org/idb set size:undefined disposed:false
2034 silly fetch manifest @firebase/logger@0.4.4
2035 silly packumentCache full:https://registry.npmjs.org/@firebase%2flogger cache-miss
2036 http fetch GET 200 https://registry.npmjs.org/tslib 216ms (cache miss)
2037 silly packumentCache full:https://registry.npmjs.org/tslib set size:undefined disposed:false
2038 silly fetch manifest @firebase/component@0.6.18
2039 silly packumentCache full:https://registry.npmjs.org/@firebase%2fcomponent cache-miss
2040 http fetch GET 200 https://registry.npmjs.org/@firebase%2fapp-check-interop-types 1216ms (cache miss)
2041 silly packumentCache full:https://registry.npmjs.org/@firebase%2fapp-check-interop-types set size:undefined disposed:false
2042 silly fetch manifest @firebase/app-check-types@0.5.3
2043 silly packumentCache full:https://registry.npmjs.org/@firebase%2fapp-check-types cache-miss
2044 http fetch GET 200 https://registry.npmjs.org/@firebase%2fanalytics-types 2677ms (cache miss)
2045 silly packumentCache full:https://registry.npmjs.org/@firebase%2fanalytics-types set size:undefined disposed:false
2046 silly fetch manifest @firebase/logger@0.4.4
2047 silly packumentCache full:https://registry.npmjs.org/@firebase%2flogger cache-miss
2048 http fetch GET 200 https://registry.npmjs.org/@firebase%2fapp-check-types 1660ms (cache miss)
2049 silly packumentCache full:https://registry.npmjs.org/@firebase%2fapp-check-types set size:undefined disposed:false
2050 silly fetch manifest @firebase/component@0.6.18
2051 silly packumentCache full:https://registry.npmjs.org/@firebase%2fcomponent cache-miss
2052 http fetch GET 200 https://registry.npmjs.org/@firebase%2fcomponent 3295ms (cache miss)
2053 silly packumentCache full:https://registry.npmjs.org/@firebase%2fcomponent set size:undefined disposed:false
2054 silly fetch manifest @firebase/auth-types@0.13.0
2055 silly packumentCache full:https://registry.npmjs.org/@firebase%2fauth-types cache-miss
2056 http fetch GET 200 https://registry.npmjs.org/@firebase%2fcomponent 3570ms (cache miss)
2057 silly packumentCache full:https://registry.npmjs.org/@firebase%2fcomponent set size:undefined disposed:false
2058 silly fetch manifest @firebase/logger@0.4.4
2059 silly packumentCache full:https://registry.npmjs.org/@firebase%2flogger cache-miss
2060 http fetch GET 200 https://registry.npmjs.org/@firebase%2fcomponent 3649ms (cache miss)
2061 silly packumentCache full:https://registry.npmjs.org/@firebase%2fcomponent set size:undefined disposed:false
2062 silly fetch manifest @firebase/auth-interop-types@0.2.4
2063 silly packumentCache full:https://registry.npmjs.org/@firebase%2fauth-interop-types cache-miss
2064 http fetch GET 200 https://registry.npmjs.org/@firebase%2fcomponent 3749ms (cache miss)
2065 silly packumentCache full:https://registry.npmjs.org/@firebase%2fcomponent set size:undefined disposed:false
2066 silly fetch manifest faye-websocket@0.11.4
2067 silly packumentCache full:https://registry.npmjs.org/faye-websocket cache-miss
2068 http fetch GET 200 https://registry.npmjs.org/@firebase%2fcomponent 4102ms (cache miss)
2069 silly packumentCache full:https://registry.npmjs.org/@firebase%2fcomponent set size:undefined disposed:false
2070 silly fetch manifest @firebase/logger@0.4.4
2071 silly packumentCache full:https://registry.npmjs.org/@firebase%2flogger cache-miss
2072 http fetch GET 200 https://registry.npmjs.org/faye-websocket 269ms (cache miss)
2073 silly packumentCache full:https://registry.npmjs.org/faye-websocket set size:undefined disposed:false
2074 silly fetch manifest @firebase/auth-interop-types@0.2.4
2075 silly packumentCache full:https://registry.npmjs.org/@firebase%2fauth-interop-types cache-miss
2076 http fetch GET 200 https://registry.npmjs.org/@firebase%2fcomponent 4107ms (cache miss)
2077 silly packumentCache full:https://registry.npmjs.org/@firebase%2fcomponent set size:undefined disposed:false
2078 silly fetch manifest @firebase/logger@0.4.4
2079 silly packumentCache full:https://registry.npmjs.org/@firebase%2flogger cache-miss
2080 http fetch GET 200 https://registry.npmjs.org/@firebase%2fcomponent 4542ms (cache miss)
2081 silly packumentCache full:https://registry.npmjs.org/@firebase%2fcomponent set size:undefined disposed:false
2082 silly fetch manifest @firebase/database-types@1.0.15
2083 silly packumentCache full:https://registry.npmjs.org/@firebase%2fdatabase-types cache-miss
2084 http fetch GET 200 https://registry.npmjs.org/@firebase%2flogger 4860ms (cache miss)
2085 silly packumentCache full:https://registry.npmjs.org/@firebase%2flogger set size:undefined disposed:false
2086 silly fetch manifest @grpc/grpc-js@~1.9.0
2087 silly packumentCache full:https://registry.npmjs.org/@grpc%2fgrpc-js cache-miss
2088 http fetch GET 200 https://registry.npmjs.org/@firebase%2flogger 5244ms (cache miss)
2089 silly packumentCache full:https://registry.npmjs.org/@firebase%2flogger set size:undefined disposed:false
2090 silly fetch manifest @grpc/proto-loader@^0.7.8
2091 silly packumentCache full:https://registry.npmjs.org/@grpc%2fproto-loader cache-miss
2092 http fetch GET 200 https://registry.npmjs.org/@firebase%2flogger 5326ms (cache miss)
2093 silly packumentCache full:https://registry.npmjs.org/@firebase%2flogger set size:undefined disposed:false
2094 silly fetch manifest @firebase/webchannel-wrapper@1.0.3
2095 silly packumentCache full:https://registry.npmjs.org/@firebase%2fwebchannel-wrapper cache-miss
2096 http fetch GET 200 https://registry.npmjs.org/@firebase%2flogger 5524ms (cache miss)
2097 silly packumentCache full:https://registry.npmjs.org/@firebase%2flogger set size:undefined disposed:false
2098 silly fetch manifest @firebase/firestore-types@3.0.3
2099 silly packumentCache full:https://registry.npmjs.org/@firebase%2ffirestore-types cache-miss
2100 http fetch GET 200 https://registry.npmjs.org/@grpc%2fproto-loader 618ms (cache miss)
2101 silly packumentCache full:https://registry.npmjs.org/@grpc%2fproto-loader set size:undefined disposed:false
2102 silly fetch manifest @firebase/auth-interop-types@0.2.4
2103 silly packumentCache full:https://registry.npmjs.org/@firebase%2fauth-interop-types cache-miss
2104 http fetch GET 200 https://registry.npmjs.org/@grpc%2fgrpc-js 1028ms (cache miss)
2105 silly packumentCache full:https://registry.npmjs.org/@grpc%2fgrpc-js set size:undefined disposed:false
2106 silly fetch manifest @firebase/messaging-interop-types@0.2.3
2107 silly packumentCache full:https://registry.npmjs.org/@firebase%2fmessaging-interop-types cache-miss
2108 http fetch GET 200 https://registry.npmjs.org/@firebase%2flogger 6112ms (cache miss)
2109 silly packumentCache full:https://registry.npmjs.org/@firebase%2flogger set size:undefined disposed:false
2110 silly fetch manifest @firebase/functions-types@0.6.3
2111 silly packumentCache full:https://registry.npmjs.org/@firebase%2ffunctions-types cache-miss
2112 http fetch GET 200 https://registry.npmjs.org/@firebase%2flogger 6098ms (cache miss)
2113 silly packumentCache full:https://registry.npmjs.org/@firebase%2flogger set size:undefined disposed:false
2114 silly fetch manifest @firebase/installations-types@0.5.3
2115 silly packumentCache full:https://registry.npmjs.org/@firebase%2finstallations-types cache-miss
2116 http fetch GET 200 https://registry.npmjs.org/@firebase%2fmessaging-interop-types 1456ms (cache miss)
2117 silly packumentCache full:https://registry.npmjs.org/@firebase%2fmessaging-interop-types set size:undefined disposed:false
2118 silly fetch manifest web-vitals@^4.2.4
2119 silly packumentCache full:https://registry.npmjs.org/web-vitals cache-miss
2120 http fetch GET 200 https://registry.npmjs.org/@firebase%2fauth-interop-types 3958ms (cache miss)
2121 silly packumentCache full:https://registry.npmjs.org/@firebase%2fauth-interop-types set size:undefined disposed:false
2122 silly fetch manifest @firebase/performance-types@0.2.3
2123 silly packumentCache full:https://registry.npmjs.org/@firebase%2fperformance-types cache-miss
2124 http fetch GET 200 https://registry.npmjs.org/@firebase%2fauth-interop-types 3738ms (cache miss)
2125 silly packumentCache full:https://registry.npmjs.org/@firebase%2fauth-interop-types set size:undefined disposed:false
2126 silly fetch manifest @firebase/remote-config-types@0.4.0
2127 silly packumentCache full:https://registry.npmjs.org/@firebase%2fremote-config-types cache-miss
2128 http fetch GET 200 https://registry.npmjs.org/web-vitals 497ms (cache miss)
2129 silly packumentCache full:https://registry.npmjs.org/web-vitals set size:undefined disposed:false
2130 silly fetch manifest @firebase/storage-types@0.8.3
2131 silly packumentCache full:https://registry.npmjs.org/@firebase%2fstorage-types cache-miss
2132 http fetch GET 200 https://registry.npmjs.org/@firebase%2fcomponent 5409ms (cache miss)
2133 silly packumentCache full:https://registry.npmjs.org/@firebase%2fcomponent set size:undefined disposed:false
2134 http fetch GET 200 https://registry.npmjs.org/@firebase%2fauth-types 5355ms (cache miss)
2135 silly packumentCache full:https://registry.npmjs.org/@firebase%2fauth-types set size:undefined disposed:false
2136 http fetch GET 200 https://registry.npmjs.org/@firebase%2flogger 6328ms (cache miss)
2137 silly packumentCache full:https://registry.npmjs.org/@firebase%2flogger set size:undefined disposed:false
2138 http fetch GET 200 https://registry.npmjs.org/@firebase%2fauth-interop-types 3362ms (cache miss)
2139 silly packumentCache full:https://registry.npmjs.org/@firebase%2fauth-interop-types set size:undefined disposed:false
2140 http fetch GET 200 https://registry.npmjs.org/@firebase%2fdatabase-types 5162ms (cache miss)
2141 silly packumentCache full:https://registry.npmjs.org/@firebase%2fdatabase-types set size:undefined disposed:false
2142 http fetch GET 200 https://registry.npmjs.org/@firebase%2finstallations-types 3536ms (cache miss)
2143 silly packumentCache full:https://registry.npmjs.org/@firebase%2finstallations-types set size:undefined disposed:false
2144 http fetch GET 200 https://registry.npmjs.org/@firebase%2flogger 6493ms (cache miss)
2145 silly packumentCache full:https://registry.npmjs.org/@firebase%2flogger set size:undefined disposed:false
2146 http fetch GET 200 https://registry.npmjs.org/@firebase%2flogger 6229ms (cache miss)
2147 silly packumentCache full:https://registry.npmjs.org/@firebase%2flogger set size:undefined disposed:false
2148 http fetch GET 200 https://registry.npmjs.org/@firebase%2ffunctions-types 4376ms (cache miss)
2149 silly packumentCache full:https://registry.npmjs.org/@firebase%2ffunctions-types set size:undefined disposed:false
2150 http fetch GET 200 https://registry.npmjs.org/@firebase%2flogger 6378ms (cache miss)
2151 silly packumentCache full:https://registry.npmjs.org/@firebase%2flogger set size:undefined disposed:false
2152 http fetch GET 200 https://registry.npmjs.org/@firebase%2ffirestore-types 5178ms (cache miss)
2153 silly packumentCache full:https://registry.npmjs.org/@firebase%2ffirestore-types set size:undefined disposed:false
2154 http fetch GET 200 https://registry.npmjs.org/@firebase%2fwebchannel-wrapper 5720ms (cache miss)
2155 silly packumentCache full:https://registry.npmjs.org/@firebase%2fwebchannel-wrapper set size:undefined disposed:false
2156 http fetch GET 200 https://registry.npmjs.org/@firebase%2fremote-config-types 3441ms (cache miss)
2157 silly packumentCache full:https://registry.npmjs.org/@firebase%2fremote-config-types set size:undefined disposed:false
2158 http fetch GET 200 https://registry.npmjs.org/@firebase%2fperformance-types 3735ms (cache miss)
2159 silly packumentCache full:https://registry.npmjs.org/@firebase%2fperformance-types set size:undefined disposed:false
2160 http fetch GET 200 https://registry.npmjs.org/@firebase%2fstorage-types 3676ms (cache miss)
2161 silly packumentCache full:https://registry.npmjs.org/@firebase%2fstorage-types set size:undefined disposed:false
2162 silly placeDep ROOT @firebase/app-check-interop-types@0.3.3 OK for: @firebase/ai@1.4.1 want: 0.3.3
2163 silly placeDep ROOT @firebase/component@0.6.18 OK for: @firebase/ai@1.4.1 want: 0.6.18
2164 silly placeDep ROOT @firebase/logger@0.4.4 OK for: @firebase/ai@1.4.1 want: 0.4.4
2165 silly placeDep ROOT tslib@2.8.1 OK for: @firebase/ai@1.4.1 want: ^2.1.0
2166 silly placeDep ROOT @firebase/analytics-types@0.8.3 OK for: @firebase/analytics-compat@0.2.23 want: 0.8.3
2167 silly placeDep ROOT idb@7.1.1 OK for: @firebase/app@0.13.2 want: 7.1.1
2168 silly placeDep ROOT @firebase/app-check-types@0.5.3 OK for: @firebase/app-check-compat@0.3.26 want: 0.5.3
2169 silly fetch manifest @firebase/app@0.x
2170 silly packumentCache full:https://registry.npmjs.org/@firebase%2fapp cache-miss
2171 http cache https://registry.npmjs.org/@firebase%2fapp 91ms (cache hit)
2172 silly packumentCache full:https://registry.npmjs.org/@firebase%2fapp set size:15048431 disposed:false
2173 silly fetch manifest @firebase/app-types@0.x
2174 silly packumentCache full:https://registry.npmjs.org/@firebase%2fapp-types cache-miss
2175 http cache https://registry.npmjs.org/@firebase%2fapp-types 66ms (cache hit)
2176 silly packumentCache full:https://registry.npmjs.org/@firebase%2fapp-types set size:8589149 disposed:false
2177 silly placeDep node_modules/@firebase/auth-compat @firebase/auth@1.10.8 OK for: @firebase/auth-compat@0.5.28 want: 1.10.8
2178 silly placeDep ROOT @firebase/auth-types@0.13.0 OK for: @firebase/auth-compat@0.5.28 want: 0.13.0
2179 silly placeDep ROOT @firebase/auth-interop-types@0.2.4 OK for: @firebase/data-connect@0.3.10 want: 0.2.4
2180 silly placeDep ROOT faye-websocket@0.11.4 OK for: @firebase/database@1.0.20 want: 0.11.4
2181 silly fetch manifest websocket-driver@>=0.5.1
2182 silly packumentCache full:https://registry.npmjs.org/websocket-driver cache-miss
2183 http fetch GET 200 https://registry.npmjs.org/websocket-driver 61ms (cache miss)
2184 silly packumentCache full:https://registry.npmjs.org/websocket-driver set size:undefined disposed:false
2185 silly placeDep ROOT @firebase/database-types@1.0.15 OK for: @firebase/database-compat@2.0.11 want: 1.0.15
2186 silly placeDep ROOT @firebase/webchannel-wrapper@1.0.3 OK for: @firebase/firestore@4.8.0 want: 1.0.3
2187 silly placeDep ROOT @grpc/grpc-js@1.9.16 OK for: @firebase/firestore@4.8.0 want: ~1.9.0
2188 silly placeDep ROOT @grpc/proto-loader@0.7.15 OK for: @firebase/firestore@4.8.0 want: ^0.7.8
2189 silly fetch manifest @types/node@>=12.12.47
2190 silly packumentCache full:https://registry.npmjs.org/@types%2fnode cache-miss
2191 silly fetch manifest long@^5.0.0
2192 silly packumentCache full:https://registry.npmjs.org/long cache-miss
2193 silly fetch manifest yargs@^17.7.2
2194 silly packumentCache full:https://registry.npmjs.org/yargs cache-miss
2195 silly fetch manifest protobufjs@^7.2.5
2196 silly packumentCache full:https://registry.npmjs.org/protobufjs cache-miss
2197 silly fetch manifest lodash.camelcase@^4.3.0
2198 silly packumentCache full:https://registry.npmjs.org/lodash.camelcase cache-miss
2199 http cache https://registry.npmjs.org/@types%2fnode 82ms (cache hit)
2200 silly packumentCache full:https://registry.npmjs.org/@types%2fnode set size:11066386 disposed:false
2201 http fetch GET 200 https://registry.npmjs.org/lodash.camelcase 274ms (cache miss)
2202 silly packumentCache full:https://registry.npmjs.org/lodash.camelcase set size:undefined disposed:false
2203 http fetch GET 200 https://registry.npmjs.org/long 283ms (cache miss)
2204 silly packumentCache full:https://registry.npmjs.org/long set size:undefined disposed:false
2205 http fetch GET 200 https://registry.npmjs.org/yargs 308ms (cache miss)
2206 silly packumentCache full:https://registry.npmjs.org/yargs set size:undefined disposed:false
2207 http fetch GET 200 https://registry.npmjs.org/protobufjs 327ms (cache miss)
2208 silly packumentCache full:https://registry.npmjs.org/protobufjs set size:undefined disposed:false
2209 silly placeDep ROOT @firebase/firestore-types@3.0.3 OK for: @firebase/firestore-compat@0.3.53 want: 3.0.3
2210 silly placeDep ROOT @firebase/messaging-interop-types@0.2.3 OK for: @firebase/functions@0.12.9 want: 0.2.3
2211 silly placeDep ROOT @firebase/functions-types@0.6.3 OK for: @firebase/functions-compat@0.3.26 want: 0.6.3
2212 silly placeDep ROOT @firebase/installations-types@0.5.3 OK for: @firebase/installations-compat@0.2.18 want: 0.5.3
2213 silly placeDep ROOT web-vitals@4.2.4 OK for: @firebase/performance@0.7.7 want: ^4.2.4
2214 silly placeDep ROOT @firebase/performance-types@0.2.3 OK for: @firebase/performance-compat@0.2.20 want: 0.2.3
2215 silly placeDep ROOT @firebase/remote-config-types@0.4.0 OK for: @firebase/remote-config-compat@0.2.18 want: 0.4.0
2216 silly placeDep ROOT @firebase/storage-types@0.8.3 OK for: @firebase/storage-compat@0.3.24 want: 0.8.3
2217 silly placeDep ROOT @types/node@26.1.0 OK for: @grpc/grpc-js@1.9.16 want: >=12.12.47
2218 silly fetch manifest undici-types@~8.3.0
2219 silly packumentCache full:https://registry.npmjs.org/undici-types cache-miss
2220 http fetch GET 200 https://registry.npmjs.org/undici-types 72ms (cache miss)
2221 silly packumentCache full:https://registry.npmjs.org/undici-types set size:undefined disposed:false
2222 silly placeDep ROOT lodash.camelcase@4.3.0 OK for: @grpc/proto-loader@0.7.15 want: ^4.3.0
2223 silly placeDep ROOT long@5.3.2 OK for: @grpc/proto-loader@0.7.15 want: ^5.0.0
2224 silly placeDep ROOT protobufjs@7.6.4 OK for: @grpc/proto-loader@0.7.15 want: ^7.2.5
2225 silly placeDep ROOT yargs@17.7.3 OK for: @grpc/proto-loader@0.7.15 want: ^17.7.2
2226 silly fetch manifest @protobufjs/path@^1.1.2
2227 silly packumentCache full:https://registry.npmjs.org/@protobufjs%2fpath cache-miss
2228 silly fetch manifest @protobufjs/pool@^1.1.0
2229 silly packumentCache full:https://registry.npmjs.org/@protobufjs%2fpool cache-miss
2230 silly fetch manifest @protobufjs/utf8@^1.1.1
2231 silly packumentCache full:https://registry.npmjs.org/@protobufjs%2futf8 cache-miss
2232 silly fetch manifest @protobufjs/fetch@^1.1.1
2233 silly packumentCache full:https://registry.npmjs.org/@protobufjs%2ffetch cache-miss
2234 silly fetch manifest @protobufjs/float@^1.0.2
2235 silly packumentCache full:https://registry.npmjs.org/@protobufjs%2ffloat cache-miss
2236 silly fetch manifest @protobufjs/base64@^1.1.2
2237 silly packumentCache full:https://registry.npmjs.org/@protobufjs%2fbase64 cache-miss
2238 silly fetch manifest @protobufjs/codegen@^2.0.5
2239 silly packumentCache full:https://registry.npmjs.org/@protobufjs%2fcodegen cache-miss
2240 silly fetch manifest @protobufjs/aspromise@^1.1.2
2241 silly packumentCache full:https://registry.npmjs.org/@protobufjs%2faspromise cache-miss
2242 silly fetch manifest @protobufjs/eventemitter@^1.1.1
2243 silly packumentCache full:https://registry.npmjs.org/@protobufjs%2feventemitter cache-miss
2244 silly fetch manifest cliui@^8.0.1
2245 silly packumentCache full:https://registry.npmjs.org/cliui cache-miss
2246 silly fetch manifest escalade@^3.1.1
2247 silly packumentCache full:https://registry.npmjs.org/escalade cache-miss
2248 silly fetch manifest get-caller-file@^2.0.5
2249 silly packumentCache full:https://registry.npmjs.org/get-caller-file cache-miss
2250 silly fetch manifest require-directory@^2.1.1
2251 silly packumentCache full:https://registry.npmjs.org/require-directory cache-miss
2252 silly fetch manifest string-width@^4.2.3
2253 silly packumentCache full:https://registry.npmjs.org/string-width cache-miss
2254 silly fetch manifest y18n@^5.0.5
2255 silly packumentCache full:https://registry.npmjs.org/y18n cache-miss
2256 http cache https://registry.npmjs.org/escalade 97ms (cache hit)
2257 silly packumentCache full:https://registry.npmjs.org/escalade set size:33724 disposed:false
2258 silly fetch manifest yargs-parser@^21.1.1
2259 silly packumentCache full:https://registry.npmjs.org/yargs-parser cache-miss
2260 http fetch GET 200 https://registry.npmjs.org/@protobufjs%2fpath 136ms (cache miss)
2261 silly packumentCache full:https://registry.npmjs.org/@protobufjs%2fpath set size:undefined disposed:false
2262 http fetch GET 200 https://registry.npmjs.org/@protobufjs%2futf8 149ms (cache miss)
2263 silly packumentCache full:https://registry.npmjs.org/@protobufjs%2futf8 set size:undefined disposed:false
2264 http fetch GET 200 https://registry.npmjs.org/@protobufjs%2fpool 163ms (cache miss)
2265 silly packumentCache full:https://registry.npmjs.org/@protobufjs%2fpool set size:undefined disposed:false
2266 http fetch GET 200 https://registry.npmjs.org/get-caller-file 154ms (cache miss)
2267 silly packumentCache full:https://registry.npmjs.org/get-caller-file set size:undefined disposed:false
2268 http fetch GET 200 https://registry.npmjs.org/@protobufjs%2ffloat 168ms (cache miss)
2269 silly packumentCache full:https://registry.npmjs.org/@protobufjs%2ffloat set size:undefined disposed:false
2270 http fetch GET 200 https://registry.npmjs.org/@protobufjs%2faspromise 170ms (cache miss)
2271 silly packumentCache full:https://registry.npmjs.org/@protobufjs%2faspromise set size:undefined disposed:false
2272 http fetch GET 200 https://registry.npmjs.org/@protobufjs%2fbase64 175ms (cache miss)
2273 silly packumentCache full:https://registry.npmjs.org/@protobufjs%2fbase64 set size:undefined disposed:false
2274 http fetch GET 200 https://registry.npmjs.org/@protobufjs%2feventemitter 175ms (cache miss)
2275 silly packumentCache full:https://registry.npmjs.org/@protobufjs%2feventemitter set size:undefined disposed:false
2276 http fetch GET 200 https://registry.npmjs.org/@protobufjs%2ffetch 184ms (cache miss)
2277 silly packumentCache full:https://registry.npmjs.org/@protobufjs%2ffetch set size:undefined disposed:false
2278 http fetch GET 200 https://registry.npmjs.org/cliui 178ms (cache miss)
2279 silly packumentCache full:https://registry.npmjs.org/cliui set size:undefined disposed:false
2280 http fetch GET 200 https://registry.npmjs.org/require-directory 179ms (cache miss)
2281 silly packumentCache full:https://registry.npmjs.org/require-directory set size:undefined disposed:false
2282 http fetch GET 200 https://registry.npmjs.org/@protobufjs%2fcodegen 193ms (cache miss)
2283 silly packumentCache full:https://registry.npmjs.org/@protobufjs%2fcodegen set size:undefined disposed:false
2284 http fetch GET 200 https://registry.npmjs.org/string-width 187ms (cache miss)
2285 silly packumentCache full:https://registry.npmjs.org/string-width set size:undefined disposed:false
2286 http fetch GET 200 https://registry.npmjs.org/y18n 190ms (cache miss)
2287 silly packumentCache full:https://registry.npmjs.org/y18n set size:undefined disposed:false
2288 http fetch GET 200 https://registry.npmjs.org/yargs-parser 119ms (cache miss)
2289 silly packumentCache full:https://registry.npmjs.org/yargs-parser set size:undefined disposed:false
2290 silly placeDep ROOT undici-types@8.3.0 OK for: @types/node@26.1.0 want: ~8.3.0
2291 silly placeDep ROOT websocket-driver@0.7.5 OK for: faye-websocket@0.11.4 want: >=0.5.1
2292 silly fetch manifest http-parser-js@>=0.5.1
2293 silly packumentCache full:https://registry.npmjs.org/http-parser-js cache-miss
2294 silly fetch manifest safe-buffer@>=5.1.0
2295 silly packumentCache full:https://registry.npmjs.org/safe-buffer cache-miss
2296 silly fetch manifest websocket-extensions@>=0.1.1
2297 silly packumentCache full:https://registry.npmjs.org/websocket-extensions cache-miss
2298 http fetch GET 200 https://registry.npmjs.org/http-parser-js 64ms (cache miss)
2299 silly packumentCache full:https://registry.npmjs.org/http-parser-js set size:undefined disposed:false
2300 http fetch GET 200 https://registry.npmjs.org/safe-buffer 68ms (cache miss)
2301 silly packumentCache full:https://registry.npmjs.org/safe-buffer set size:undefined disposed:false
2302 http fetch GET 200 https://registry.npmjs.org/websocket-extensions 69ms (cache miss)
2303 silly packumentCache full:https://registry.npmjs.org/websocket-extensions set size:undefined disposed:false
2304 silly placeDep ROOT flatted@3.4.2 OK for: flat-cache@4.0.1 want: ^3.2.9
2305 silly placeDep ROOT keyv@4.5.4 OK for: flat-cache@4.0.1 want: ^4.5.4
2306 silly fetch manifest json-buffer@3.0.1
2307 silly packumentCache full:https://registry.npmjs.org/json-buffer cache-miss
2308 http fetch GET 200 https://registry.npmjs.org/json-buffer 51ms (cache miss)
2309 silly packumentCache full:https://registry.npmjs.org/json-buffer set size:undefined disposed:false
2310 silly placeDep ROOT functions-have-names@1.2.3 OK for: function.prototype.name@1.2.0 want: ^1.2.3
2311 silly placeDep ROOT is-document.all@1.0.0 OK for: function.prototype.name@1.2.0 want: ^1.0.0
2312 silly placeDep ROOT dunder-proto@1.0.1 OK for: get-proto@1.0.1 want: ^1.0.1
2313 silly placeDep node_modules/hoist-non-react-statics react-is@16.13.1 OK for: hoist-non-react-statics@3.3.2 want: ^16.7.0
2314 silly placeDep ROOT parent-module@1.0.1 OK for: import-fresh@3.3.1 want: ^1.0.0
2315 silly placeDep ROOT resolve-from@4.0.0 OK for: import-fresh@3.3.1 want: ^4.0.0
2316 silly fetch manifest callsites@^3.0.0
2317 silly packumentCache full:https://registry.npmjs.org/callsites cache-miss
2318 http fetch GET 200 https://registry.npmjs.org/callsites 58ms (cache miss)
2319 silly packumentCache full:https://registry.npmjs.org/callsites set size:undefined disposed:false
2320 silly placeDep ROOT side-channel@1.1.1 OK for: internal-slot@1.1.0 want: ^1.1.0
2321 silly fetch manifest side-channel-list@^1.0.1
2322 silly packumentCache full:https://registry.npmjs.org/side-channel-list cache-miss
2323 silly fetch manifest side-channel-map@^1.0.1
2324 silly packumentCache full:https://registry.npmjs.org/side-channel-map cache-miss
2325 silly fetch manifest side-channel-weakmap@^1.0.2
2326 silly packumentCache full:https://registry.npmjs.org/side-channel-weakmap cache-miss
2327 http fetch GET 200 https://registry.npmjs.org/side-channel-map 59ms (cache miss)
2328 silly packumentCache full:https://registry.npmjs.org/side-channel-map set size:undefined disposed:false
2329 http fetch GET 200 https://registry.npmjs.org/side-channel-weakmap 62ms (cache miss)
2330 silly packumentCache full:https://registry.npmjs.org/side-channel-weakmap set size:undefined disposed:false
2331 http fetch GET 200 https://registry.npmjs.org/side-channel-list 67ms (cache miss)
2332 silly packumentCache full:https://registry.npmjs.org/side-channel-list set size:undefined disposed:false
2333 silly placeDep ROOT is-extglob@2.1.1 OK for: is-glob@4.0.3 want: ^2.1.1
2334 silly placeDep ROOT set-function-name@2.0.2 OK for: iterator.prototype@1.1.5 want: ^2.0.2
2335 silly placeDep ROOT argparse@2.0.1 OK for: js-yaml@4.3.0 want: ^2.0.1
2336 silly placeDep ROOT array.prototype.flat@1.3.3 OK for: jsx-ast-utils@3.3.5 want: ^1.3.1
2337 silly placeDep ROOT json-buffer@3.0.1 OK for: keyv@4.5.4 want: 3.0.1
2338 silly placeDep ROOT prelude-ls@1.2.1 OK for: levn@0.4.1 want: ^1.2.1
2339 silly placeDep ROOT type-check@0.4.0 OK for: levn@0.4.1 want: ~0.4.0
2340 silly placeDep ROOT p-locate@5.0.0 OK for: locate-path@6.0.0 want: ^5.0.0
2341 silly fetch manifest p-limit@^3.0.2
2342 silly packumentCache full:https://registry.npmjs.org/p-limit cache-miss
2343 http fetch GET 200 https://registry.npmjs.org/p-limit 58ms (cache miss)
2344 silly packumentCache full:https://registry.npmjs.org/p-limit set size:undefined disposed:false
2345 silly placeDep ROOT yallist@3.1.1 OK for: lru-cache@5.1.1 want: ^3.0.2
2346 silly placeDep ROOT brace-expansion@1.1.15 OK for: minimatch@3.1.5 want: ^1.1.7
2347 silly fetch manifest concat-map@0.0.1
2348 silly packumentCache full:https://registry.npmjs.org/concat-map cache-miss
2349 silly fetch manifest balanced-match@^1.0.0
2350 silly packumentCache full:https://registry.npmjs.org/balanced-match cache-miss
2351 http fetch GET 200 https://registry.npmjs.org/concat-map 46ms (cache miss)
2352 silly packumentCache full:https://registry.npmjs.org/concat-map set size:undefined disposed:false
2353 http fetch GET 200 https://registry.npmjs.org/balanced-match 61ms (cache miss)
2354 silly packumentCache full:https://registry.npmjs.org/balanced-match set size:undefined disposed:false
2355 silly placeDep ROOT balanced-match@1.0.2 OK for: brace-expansion@1.1.15 want: ^1.0.0
2356 silly placeDep ROOT concat-map@0.0.1 OK for: brace-expansion@1.1.15 want: 0.0.1
2357 silly placeDep ROOT deep-is@0.1.4 OK for: optionator@0.9.4 want: ^0.1.3
2358 silly placeDep ROOT fast-levenshtein@2.0.6 OK for: optionator@0.9.4 want: ^2.0.6
2359 silly placeDep ROOT word-wrap@1.2.5 OK for: optionator@0.9.4 want: ^1.2.5
2360 silly placeDep ROOT p-limit@3.1.0 OK for: p-locate@5.0.0 want: ^3.0.2
2361 silly fetch manifest yocto-queue@^0.1.0
2362 silly packumentCache full:https://registry.npmjs.org/yocto-queue cache-miss
2363 http fetch GET 200 https://registry.npmjs.org/yocto-queue 69ms (cache miss)
2364 silly packumentCache full:https://registry.npmjs.org/yocto-queue set size:undefined disposed:false
2365 silly placeDep ROOT yocto-queue@0.1.0 OK for: p-limit@3.1.0 want: ^0.1.0
2366 silly placeDep ROOT callsites@3.1.0 OK for: parent-module@1.0.1 want: ^3.0.0
2367 silly placeDep ROOT error-ex@1.3.4 OK for: parse-json@5.2.0 want: ^1.3.1
2368 silly placeDep ROOT json-parse-even-better-errors@2.3.1 OK for: parse-json@5.2.0 want: ^2.3.0
2369 silly placeDep ROOT lines-and-columns@1.2.4 OK for: parse-json@5.2.0 want: ^1.1.6
2370 silly fetch manifest is-arrayish@^0.2.1
2371 silly packumentCache full:https://registry.npmjs.org/is-arrayish cache-miss
2372 http fetch GET 200 https://registry.npmjs.org/is-arrayish 50ms (cache miss)
2373 silly packumentCache full:https://registry.npmjs.org/is-arrayish set size:undefined disposed:false
2374 silly placeDep ROOT is-arrayish@0.2.1 OK for: error-ex@1.3.4 want: ^0.2.1
2375 silly placeDep ROOT loose-envify@1.4.0 OK for: prop-types@15.8.1 want: ^1.4.0
2376 silly placeDep ROOT object-assign@4.1.1 OK for: prop-types@15.8.1 want: ^4.1.1
2377 silly placeDep node_modules/prop-types react-is@16.13.1 OK for: prop-types@15.8.1 want: ^16.13.1
2378 silly placeDep ROOT @protobufjs/aspromise@1.1.2 OK for: protobufjs@7.6.4 want: ^1.1.2
2379 silly placeDep ROOT @protobufjs/base64@1.1.2 OK for: protobufjs@7.6.4 want: ^1.1.2
2380 silly placeDep ROOT @protobufjs/codegen@2.0.5 OK for: protobufjs@7.6.4 want: ^2.0.5
2381 silly placeDep ROOT @protobufjs/eventemitter@1.1.1 OK for: protobufjs@7.6.4 want: ^1.1.1
2382 silly placeDep ROOT @protobufjs/fetch@1.1.1 OK for: protobufjs@7.6.4 want: ^1.1.1
2383 silly placeDep ROOT @protobufjs/float@1.0.2 OK for: protobufjs@7.6.4 want: ^1.0.2
2384 silly placeDep ROOT @protobufjs/path@1.1.2 OK for: protobufjs@7.6.4 want: ^1.1.2
2385 silly placeDep ROOT @protobufjs/pool@1.1.0 OK for: protobufjs@7.6.4 want: ^1.1.0
2386 silly placeDep ROOT @protobufjs/utf8@1.1.1 OK for: protobufjs@7.6.4 want: ^1.1.1
2387 silly placeDep ROOT scheduler@0.23.2 OK for: react-dom@18.3.1 want: ^0.23.2
2388 silly fetch manifest react@>=16.8
2389 silly packumentCache full:https://registry.npmjs.org/react cache-miss
2390 http cache https://registry.npmjs.org/react 58ms (cache hit)
2391 silly packumentCache full:https://registry.npmjs.org/react set size:6760698 disposed:false
2392 silly placeDep ROOT @remix-run/router@1.23.3 OK for: react-router-dom@6.30.4 want: 1.23.3
2393 silly placeDep ROOT react-router@6.30.4 OK for: react-router-dom@6.30.4 want: 6.30.4
2394 silly placeDep ROOT dom-helpers@5.2.1 OK for: react-transition-group@4.4.5 want: ^5.0.1
2395 silly placeDep ROOT is-core-module@2.16.2 OK for: resolve@1.22.12 want: ^2.16.1
2396 silly placeDep ROOT path-parse@1.0.7 OK for: resolve@1.22.12 want: ^1.0.7
2397 silly placeDep ROOT supports-preserve-symlinks-flag@1.0.0 OK for: resolve@1.22.12 want: ^1.0.0
2398 silly placeDep ROOT isarray@2.0.5 OK for: safe-array-concat@1.1.4 want: ^2.0.5
2399 silly placeDep ROOT shebang-regex@3.0.0 OK for: shebang-command@2.0.0 want: ^3.0.0
2400 silly placeDep ROOT side-channel-list@1.0.1 OK for: side-channel@1.1.1 want: ^1.0.1
2401 silly placeDep ROOT side-channel-map@1.0.1 OK for: side-channel@1.1.1 want: ^1.0.1
2402 silly placeDep ROOT side-channel-weakmap@1.0.2 OK for: side-channel@1.1.1 want: ^1.0.2
2403 silly placeDep ROOT has-flag@4.0.0 OK for: supports-color@7.2.0 want: ^4.0.0
2404 silly placeDep ROOT for-each@0.3.5 OK for: typed-array-byte-length@1.0.3 want: ^0.3.3
2405 silly placeDep ROOT reflect.getprototypeof@1.0.10 OK for: typed-array-byte-offset@1.0.4 want: ^1.0.9
2406 silly fetch manifest which-builtin-type@^1.2.1
2407 silly packumentCache full:https://registry.npmjs.org/which-builtin-type cache-miss
2408 http fetch GET 200 https://registry.npmjs.org/which-builtin-type 295ms (cache miss)
2409 silly packumentCache full:https://registry.npmjs.org/which-builtin-type set size:undefined disposed:false
2410 silly placeDep ROOT which-builtin-type@1.2.1 OK for: reflect.getprototypeof@1.0.10 want: ^1.2.1
2411 silly fetch manifest is-async-function@^2.0.0
2412 silly packumentCache full:https://registry.npmjs.org/is-async-function cache-miss
2413 silly fetch manifest is-finalizationregistry@^1.1.0
2414 silly packumentCache full:https://registry.npmjs.org/is-finalizationregistry cache-miss
2415 silly fetch manifest is-generator-function@^1.0.10
2416 silly packumentCache full:https://registry.npmjs.org/is-generator-function cache-miss
2417 silly fetch manifest which-boxed-primitive@^1.1.0
2418 silly packumentCache full:https://registry.npmjs.org/which-boxed-primitive cache-miss
2419 silly fetch manifest which-collection@^1.0.2
2420 silly packumentCache full:https://registry.npmjs.org/which-collection cache-miss
2421 http cache https://registry.npmjs.org/which-boxed-primitive 32ms (cache hit)
2422 silly packumentCache full:https://registry.npmjs.org/which-boxed-primitive set size:19407 disposed:false
2423 http fetch GET 200 https://registry.npmjs.org/is-finalizationregistry 79ms (cache miss)
2424 silly packumentCache full:https://registry.npmjs.org/is-finalizationregistry set size:undefined disposed:false
2425 http fetch GET 200 https://registry.npmjs.org/is-generator-function 82ms (cache miss)
2426 silly packumentCache full:https://registry.npmjs.org/is-generator-function set size:undefined disposed:false
2427 http fetch GET 200 https://registry.npmjs.org/is-async-function 92ms (cache miss)
2428 silly packumentCache full:https://registry.npmjs.org/is-async-function set size:undefined disposed:false
2429 http fetch GET 200 https://registry.npmjs.org/which-collection 93ms (cache miss)
2430 silly packumentCache full:https://registry.npmjs.org/which-collection set size:undefined disposed:false
2431 silly placeDep ROOT has-bigints@1.1.0 OK for: unbox-primitive@1.1.0 want: ^1.0.2
2432 silly placeDep ROOT which-boxed-primitive@1.1.1 OK for: unbox-primitive@1.1.0 want: ^1.1.1
2433 silly fetch manifest is-bigint@^1.1.0
2434 silly packumentCache full:https://registry.npmjs.org/is-bigint cache-miss
2435 silly fetch manifest is-boolean-object@^1.2.1
2436 silly packumentCache full:https://registry.npmjs.org/is-boolean-object cache-miss
2437 silly fetch manifest is-number-object@^1.1.1
2438 silly packumentCache full:https://registry.npmjs.org/is-number-object cache-miss
2439 http fetch GET 200 https://registry.npmjs.org/is-bigint 68ms (cache miss)
2440 silly packumentCache full:https://registry.npmjs.org/is-bigint set size:undefined disposed:false
2441 http fetch GET 200 https://registry.npmjs.org/is-number-object 68ms (cache miss)
2442 silly packumentCache full:https://registry.npmjs.org/is-number-object set size:undefined disposed:false
2443 http fetch GET 200 https://registry.npmjs.org/is-boolean-object 75ms (cache miss)
2444 silly packumentCache full:https://registry.npmjs.org/is-boolean-object set size:undefined disposed:false
2445 silly placeDep ROOT escalade@3.2.0 OK for: update-browserslist-db@1.2.3 want: ^3.2.0
2446 silly placeDep ROOT punycode@2.3.1 OK for: uri-js@4.4.1 want: ^2.1.0
2447 silly placeDep ROOT esbuild@0.21.5 OK for: vite@5.4.21 want: ^0.21.3
2448 silly placeDep ROOT fsevents@2.3.3 OK for: vite@5.4.21 want: ~2.3.3
2449 silly placeDep ROOT postcss@8.5.16 OK for: vite@5.4.21 want: ^8.4.43
2450 silly placeDep ROOT rollup@4.62.2 OK for: vite@5.4.21 want: ^4.20.0
2451 silly fetch manifest @esbuild/aix-ppc64@0.21.5
2452 silly packumentCache full:https://registry.npmjs.org/@esbuild%2faix-ppc64 cache-miss
2453 silly fetch manifest @esbuild/linux-arm@0.21.5
2454 silly packumentCache full:https://registry.npmjs.org/@esbuild%2flinux-arm cache-miss
2455 silly fetch manifest @esbuild/linux-x64@0.21.5
2456 silly packumentCache full:https://registry.npmjs.org/@esbuild%2flinux-x64 cache-miss
2457 silly fetch manifest @esbuild/sunos-x64@0.21.5
2458 silly packumentCache full:https://registry.npmjs.org/@esbuild%2fsunos-x64 cache-miss
2459 silly fetch manifest @esbuild/win32-x64@0.21.5
2460 silly packumentCache full:https://registry.npmjs.org/@esbuild%2fwin32-x64 cache-miss
2461 silly fetch manifest @esbuild/darwin-x64@0.21.5
2462 silly packumentCache full:https://registry.npmjs.org/@esbuild%2fdarwin-x64 cache-miss
2463 silly fetch manifest @esbuild/linux-ia32@0.21.5
2464 silly packumentCache full:https://registry.npmjs.org/@esbuild%2flinux-ia32 cache-miss
2465 silly fetch manifest @esbuild/netbsd-x64@0.21.5
2466 silly packumentCache full:https://registry.npmjs.org/@esbuild%2fnetbsd-x64 cache-miss
2467 silly fetch manifest @esbuild/win32-ia32@0.21.5
2468 silly packumentCache full:https://registry.npmjs.org/@esbuild%2fwin32-ia32 cache-miss
2469 silly fetch manifest @esbuild/android-arm@0.21.5
2470 silly packumentCache full:https://registry.npmjs.org/@esbuild%2fandroid-arm cache-miss
2471 silly fetch manifest @esbuild/android-x64@0.21.5
2472 silly packumentCache full:https://registry.npmjs.org/@esbuild%2fandroid-x64 cache-miss
2473 silly fetch manifest @esbuild/freebsd-x64@0.21.5
2474 silly packumentCache full:https://registry.npmjs.org/@esbuild%2ffreebsd-x64 cache-miss
2475 silly fetch manifest @esbuild/linux-arm64@0.21.5
2476 silly packumentCache full:https://registry.npmjs.org/@esbuild%2flinux-arm64 cache-miss
2477 silly fetch manifest @esbuild/linux-ppc64@0.21.5
2478 silly packumentCache full:https://registry.npmjs.org/@esbuild%2flinux-ppc64 cache-miss
2479 silly fetch manifest @esbuild/linux-s390x@0.21.5
2480 silly packumentCache full:https://registry.npmjs.org/@esbuild%2flinux-s390x cache-miss
2481 http fetch GET 200 https://registry.npmjs.org/@esbuild%2faix-ppc64 165ms (cache miss)
2482 silly packumentCache full:https://registry.npmjs.org/@esbuild%2faix-ppc64 set size:undefined disposed:false
2483 silly fetch manifest @esbuild/openbsd-x64@0.21.5
2484 silly packumentCache full:https://registry.npmjs.org/@esbuild%2fopenbsd-x64 cache-miss
2485 http fetch GET 200 https://registry.npmjs.org/@esbuild%2flinux-x64 235ms (cache miss)
2486 silly packumentCache full:https://registry.npmjs.org/@esbuild%2flinux-x64 set size:undefined disposed:false
2487 silly fetch manifest @esbuild/win32-arm64@0.21.5
2488 silly packumentCache full:https://registry.npmjs.org/@esbuild%2fwin32-arm64 cache-miss
2489 http fetch GET 200 https://registry.npmjs.org/@esbuild%2fwin32-ia32 238ms (cache miss)
2490 silly packumentCache full:https://registry.npmjs.org/@esbuild%2fwin32-ia32 set size:undefined disposed:false
2491 silly fetch manifest @esbuild/darwin-arm64@0.21.5
2492 silly packumentCache full:https://registry.npmjs.org/@esbuild%2fdarwin-arm64 cache-miss
2493 http fetch GET 200 https://registry.npmjs.org/@esbuild%2flinux-arm 251ms (cache miss)
2494 silly packumentCache full:https://registry.npmjs.org/@esbuild%2flinux-arm set size:undefined disposed:false
2495 silly fetch manifest @esbuild/android-arm64@0.21.5
2496 silly packumentCache full:https://registry.npmjs.org/@esbuild%2fandroid-arm64 cache-miss
2497 http fetch GET 200 https://registry.npmjs.org/@esbuild%2flinux-arm64 246ms (cache miss)
2498 silly packumentCache full:https://registry.npmjs.org/@esbuild%2flinux-arm64 set size:undefined disposed:false
2499 silly fetch manifest @esbuild/freebsd-arm64@0.21.5
2500 silly packumentCache full:https://registry.npmjs.org/@esbuild%2ffreebsd-arm64 cache-miss
2501 http fetch GET 200 https://registry.npmjs.org/@esbuild%2fwin32-x64 265ms (cache miss)
2502 silly packumentCache full:https://registry.npmjs.org/@esbuild%2fwin32-x64 set size:undefined disposed:false
2503 silly fetch manifest @esbuild/linux-loong64@0.21.5
2504 silly packumentCache full:https://registry.npmjs.org/@esbuild%2flinux-loong64 cache-miss
2505 http fetch GET 200 https://registry.npmjs.org/@esbuild%2fsunos-x64 271ms (cache miss)
2506 silly packumentCache full:https://registry.npmjs.org/@esbuild%2fsunos-x64 set size:undefined disposed:false
2507 silly fetch manifest @esbuild/linux-riscv64@0.21.5
2508 silly packumentCache full:https://registry.npmjs.org/@esbuild%2flinux-riscv64 cache-miss
2509 http fetch GET 200 https://registry.npmjs.org/@esbuild%2fdarwin-x64 283ms (cache miss)
2510 silly packumentCache full:https://registry.npmjs.org/@esbuild%2fdarwin-x64 set size:undefined disposed:false
2511 silly fetch manifest @esbuild/linux-mips64el@0.21.5
2512 silly packumentCache full:https://registry.npmjs.org/@esbuild%2flinux-mips64el cache-miss
2513 http fetch GET 200 https://registry.npmjs.org/@esbuild%2flinux-ia32 288ms (cache miss)
2514 silly packumentCache full:https://registry.npmjs.org/@esbuild%2flinux-ia32 set size:undefined disposed:false
2515 silly fetch manifest nanoid@^3.3.12
2516 silly packumentCache full:https://registry.npmjs.org/nanoid cache-miss
2517 http fetch GET 200 https://registry.npmjs.org/@esbuild%2fandroid-x64 290ms (cache miss)
2518 silly packumentCache full:https://registry.npmjs.org/@esbuild%2fandroid-x64 set size:undefined disposed:false
2519 silly fetch manifest source-map-js@^1.2.1
2520 silly packumentCache full:https://registry.npmjs.org/source-map-js cache-miss
2521 http fetch GET 200 https://registry.npmjs.org/@esbuild%2fandroid-arm 302ms (cache miss)
2522 silly packumentCache full:https://registry.npmjs.org/@esbuild%2fandroid-arm set size:undefined disposed:false
2523 silly fetch manifest @rollup/rollup-darwin-arm64@4.62.2
2524 silly packumentCache full:https://registry.npmjs.org/@rollup%2frollup-darwin-arm64 cache-miss
2525 http fetch GET 200 https://registry.npmjs.org/@esbuild%2ffreebsd-x64 306ms (cache miss)
2526 silly packumentCache full:https://registry.npmjs.org/@esbuild%2ffreebsd-x64 set size:undefined disposed:false
2527 silly fetch manifest @rollup/rollup-android-arm64@4.62.2
2528 silly packumentCache full:https://registry.npmjs.org/@rollup%2frollup-android-arm64 cache-miss
2529 http fetch GET 200 https://registry.npmjs.org/@esbuild%2flinux-ppc64 311ms (cache miss)
2530 silly packumentCache full:https://registry.npmjs.org/@esbuild%2flinux-ppc64 set size:undefined disposed:false
2531 silly fetch manifest @rollup/rollup-win32-arm64-msvc@4.62.2
2532 silly packumentCache full:https://registry.npmjs.org/@rollup%2frollup-win32-arm64-msvc cache-miss
2533 http fetch GET 200 https://registry.npmjs.org/@esbuild%2flinux-s390x 346ms (cache miss)
2534 silly packumentCache full:https://registry.npmjs.org/@esbuild%2flinux-s390x set size:undefined disposed:false
2535 silly fetch manifest @rollup/rollup-freebsd-arm64@4.62.2
2536 silly packumentCache full:https://registry.npmjs.org/@rollup%2frollup-freebsd-arm64 cache-miss
2537 http fetch GET 200 https://registry.npmjs.org/@esbuild%2fnetbsd-x64 363ms (cache miss)
2538 silly packumentCache full:https://registry.npmjs.org/@esbuild%2fnetbsd-x64 set size:undefined disposed:false
2539 silly fetch manifest @rollup/rollup-linux-arm64-gnu@4.62.2
2540 silly packumentCache full:https://registry.npmjs.org/@rollup%2frollup-linux-arm64-gnu cache-miss
2541 http fetch GET 200 https://registry.npmjs.org/source-map-js 196ms (cache miss)
2542 silly packumentCache full:https://registry.npmjs.org/source-map-js set size:undefined disposed:false
2543 silly fetch manifest @rollup/rollup-linux-arm64-musl@4.62.2
2544 silly packumentCache full:https://registry.npmjs.org/@rollup%2frollup-linux-arm64-musl cache-miss
2545 http fetch GET 200 https://registry.npmjs.org/@esbuild%2fopenbsd-x64 350ms (cache miss)
2546 silly packumentCache full:https://registry.npmjs.org/@esbuild%2fopenbsd-x64 set size:undefined disposed:false
2547 silly fetch manifest @rollup/rollup-android-arm-eabi@4.62.2
2548 silly packumentCache full:https://registry.npmjs.org/@rollup%2frollup-android-arm-eabi cache-miss
2549 http fetch GET 200 https://registry.npmjs.org/@esbuild%2fandroid-arm64 285ms (cache miss)
2550 silly packumentCache full:https://registry.npmjs.org/@esbuild%2fandroid-arm64 set size:undefined disposed:false
2551 silly fetch manifest @rollup/rollup-linux-arm-gnueabihf@4.62.2
2552 silly packumentCache full:https://registry.npmjs.org/@rollup%2frollup-linux-arm-gnueabihf cache-miss
2553 http fetch GET 200 https://registry.npmjs.org/@esbuild%2fdarwin-arm64 302ms (cache miss)
2554 silly packumentCache full:https://registry.npmjs.org/@esbuild%2fdarwin-arm64 set size:undefined disposed:false
2555 silly fetch manifest @rollup/rollup-linux-arm-musleabihf@4.62.2
2556 silly packumentCache full:https://registry.npmjs.org/@rollup%2frollup-linux-arm-musleabihf cache-miss
2557 http fetch GET 200 https://registry.npmjs.org/@esbuild%2ffreebsd-arm64 302ms (cache miss)
2558 silly packumentCache full:https://registry.npmjs.org/@esbuild%2ffreebsd-arm64 set size:undefined disposed:false
2559 silly fetch manifest @rollup/rollup-win32-ia32-msvc@4.62.2
2560 silly packumentCache full:https://registry.npmjs.org/@rollup%2frollup-win32-ia32-msvc cache-miss
2561 http fetch GET 200 https://registry.npmjs.org/@esbuild%2fwin32-arm64 335ms (cache miss)
2562 silly packumentCache full:https://registry.npmjs.org/@esbuild%2fwin32-arm64 set size:undefined disposed:false
2563 silly fetch manifest @rollup/rollup-linux-loong64-gnu@4.62.2
2564 silly packumentCache full:https://registry.npmjs.org/@rollup%2frollup-linux-loong64-gnu cache-miss
2565 http fetch GET 200 https://registry.npmjs.org/@esbuild%2flinux-riscv64 320ms (cache miss)
2566 silly packumentCache full:https://registry.npmjs.org/@esbuild%2flinux-riscv64 set size:undefined disposed:false
2567 silly fetch manifest @rollup/rollup-linux-loong64-musl@4.62.2
2568 silly packumentCache full:https://registry.npmjs.org/@rollup%2frollup-linux-loong64-musl cache-miss
2569 http fetch GET 200 https://registry.npmjs.org/@esbuild%2flinux-loong64 357ms (cache miss)
2570 silly packumentCache full:https://registry.npmjs.org/@esbuild%2flinux-loong64 set size:undefined disposed:false
2571 silly fetch manifest @rollup/rollup-linux-riscv64-gnu@4.62.2
2572 silly packumentCache full:https://registry.npmjs.org/@rollup%2frollup-linux-riscv64-gnu cache-miss
2573 http fetch GET 200 https://registry.npmjs.org/@esbuild%2flinux-mips64el 354ms (cache miss)
2574 silly packumentCache full:https://registry.npmjs.org/@esbuild%2flinux-mips64el set size:undefined disposed:false
2575 silly fetch manifest @rollup/rollup-linux-riscv64-musl@4.62.2
2576 silly packumentCache full:https://registry.npmjs.org/@rollup%2frollup-linux-riscv64-musl cache-miss
2577 http fetch GET 200 https://registry.npmjs.org/nanoid 357ms (cache miss)
2578 silly packumentCache full:https://registry.npmjs.org/nanoid set size:undefined disposed:false
2579 silly fetch manifest @rollup/rollup-linux-ppc64-gnu@4.62.2
2580 silly packumentCache full:https://registry.npmjs.org/@rollup%2frollup-linux-ppc64-gnu cache-miss
2581 http fetch GET 200 https://registry.npmjs.org/@rollup%2frollup-win32-arm64-msvc 345ms (cache miss)
2582 silly packumentCache full:https://registry.npmjs.org/@rollup%2frollup-win32-arm64-msvc set size:undefined disposed:false
2583 silly fetch manifest @rollup/rollup-linux-ppc64-musl@4.62.2
2584 silly packumentCache full:https://registry.npmjs.org/@rollup%2frollup-linux-ppc64-musl cache-miss
2585 http fetch GET 200 https://registry.npmjs.org/@rollup%2frollup-android-arm64 361ms (cache miss)
2586 silly packumentCache full:https://registry.npmjs.org/@rollup%2frollup-android-arm64 set size:undefined disposed:false
2587 silly fetch manifest @rollup/rollup-linux-s390x-gnu@4.62.2
2588 silly packumentCache full:https://registry.npmjs.org/@rollup%2frollup-linux-s390x-gnu cache-miss
2589 http fetch GET 200 https://registry.npmjs.org/@rollup%2frollup-darwin-arm64 407ms (cache miss)
2590 silly packumentCache full:https://registry.npmjs.org/@rollup%2frollup-darwin-arm64 set size:undefined disposed:false
2591 silly fetch manifest @rollup/rollup-darwin-x64@4.62.2
2592 silly packumentCache full:https://registry.npmjs.org/@rollup%2frollup-darwin-x64 cache-miss
2593 http fetch GET 200 https://registry.npmjs.org/@rollup%2frollup-freebsd-arm64 376ms (cache miss)
2594 silly packumentCache full:https://registry.npmjs.org/@rollup%2frollup-freebsd-arm64 set size:undefined disposed:false
2595 silly fetch manifest @rollup/rollup-win32-x64-gnu@4.62.2
2596 silly packumentCache full:https://registry.npmjs.org/@rollup%2frollup-win32-x64-gnu cache-miss
2597 http fetch GET 200 https://registry.npmjs.org/@rollup%2frollup-linux-loong64-musl 198ms (cache miss)
2598 silly packumentCache full:https://registry.npmjs.org/@rollup%2frollup-linux-loong64-musl set size:undefined disposed:false
2599 silly fetch manifest @rollup/rollup-win32-x64-msvc@4.62.2
2600 silly packumentCache full:https://registry.npmjs.org/@rollup%2frollup-win32-x64-msvc cache-miss
2601 http fetch GET 200 https://registry.npmjs.org/@rollup%2frollup-linux-arm64-gnu 442ms (cache miss)
2602 silly packumentCache full:https://registry.npmjs.org/@rollup%2frollup-linux-arm64-gnu set size:undefined disposed:false
2603 silly fetch manifest @rollup/rollup-freebsd-x64@4.62.2
2604 silly packumentCache full:https://registry.npmjs.org/@rollup%2frollup-freebsd-x64 cache-miss
2605 http fetch GET 200 https://registry.npmjs.org/@rollup%2frollup-linux-loong64-gnu 250ms (cache miss)
2606 silly packumentCache full:https://registry.npmjs.org/@rollup%2frollup-linux-loong64-gnu set size:undefined disposed:false
2607 silly fetch manifest @rollup/rollup-linux-x64-gnu@4.62.2
2608 silly packumentCache full:https://registry.npmjs.org/@rollup%2frollup-linux-x64-gnu cache-miss
2609 http fetch GET 200 https://registry.npmjs.org/@rollup%2frollup-linux-arm64-musl 341ms (cache miss)
2610 silly packumentCache full:https://registry.npmjs.org/@rollup%2frollup-linux-arm64-musl set size:undefined disposed:false
2611 silly fetch manifest @rollup/rollup-linux-x64-musl@4.62.2
2612 silly packumentCache full:https://registry.npmjs.org/@rollup%2frollup-linux-x64-musl cache-miss
2613 http fetch GET 200 https://registry.npmjs.org/@rollup%2frollup-linux-arm-musleabihf 302ms (cache miss)
2614 silly packumentCache full:https://registry.npmjs.org/@rollup%2frollup-linux-arm-musleabihf set size:undefined disposed:false
2615 silly fetch manifest @rollup/rollup-openbsd-x64@4.62.2
2616 silly packumentCache full:https://registry.npmjs.org/@rollup%2frollup-openbsd-x64 cache-miss
2617 http fetch GET 200 https://registry.npmjs.org/@rollup%2frollup-linux-riscv64-musl 213ms (cache miss)
2618 silly packumentCache full:https://registry.npmjs.org/@rollup%2frollup-linux-riscv64-musl set size:undefined disposed:false
2619 silly fetch manifest @rollup/rollup-openharmony-arm64@4.62.2
2620 silly packumentCache full:https://registry.npmjs.org/@rollup%2frollup-openharmony-arm64 cache-miss
2621 http fetch GET 200 https://registry.npmjs.org/@rollup%2frollup-linux-ppc64-musl 202ms (cache miss)
2622 silly packumentCache full:https://registry.npmjs.org/@rollup%2frollup-linux-ppc64-musl set size:undefined disposed:false
2623 http fetch GET 200 https://registry.npmjs.org/@rollup%2frollup-android-arm-eabi 364ms (cache miss)
2624 silly packumentCache full:https://registry.npmjs.org/@rollup%2frollup-android-arm-eabi set size:undefined disposed:false
2625 http fetch GET 200 https://registry.npmjs.org/@rollup%2frollup-linux-ppc64-gnu 243ms (cache miss)
2626 silly packumentCache full:https://registry.npmjs.org/@rollup%2frollup-linux-ppc64-gnu set size:undefined disposed:false
2627 http fetch GET 200 https://registry.npmjs.org/@rollup%2frollup-linux-arm-gnueabihf 371ms (cache miss)
2628 silly packumentCache full:https://registry.npmjs.org/@rollup%2frollup-linux-arm-gnueabihf set size:undefined disposed:false
2629 http fetch GET 200 https://registry.npmjs.org/@rollup%2frollup-linux-riscv64-gnu 302ms (cache miss)
2630 silly packumentCache full:https://registry.npmjs.org/@rollup%2frollup-linux-riscv64-gnu set size:undefined disposed:false
2631 http fetch GET 200 https://registry.npmjs.org/@rollup%2frollup-win32-ia32-msvc 391ms (cache miss)
2632 silly packumentCache full:https://registry.npmjs.org/@rollup%2frollup-win32-ia32-msvc set size:undefined disposed:false
2633 http fetch GET 200 https://registry.npmjs.org/@rollup%2frollup-openbsd-x64 140ms (cache miss)
2634 silly packumentCache full:https://registry.npmjs.org/@rollup%2frollup-openbsd-x64 set size:undefined disposed:false
2635 http fetch GET 200 https://registry.npmjs.org/@rollup%2frollup-freebsd-x64 188ms (cache miss)
2636 silly packumentCache full:https://registry.npmjs.org/@rollup%2frollup-freebsd-x64 set size:undefined disposed:false
2637 http fetch GET 200 https://registry.npmjs.org/@rollup%2frollup-openharmony-arm64 153ms (cache miss)
2638 silly packumentCache full:https://registry.npmjs.org/@rollup%2frollup-openharmony-arm64 set size:undefined disposed:false
2639 http fetch GET 200 https://registry.npmjs.org/@rollup%2frollup-linux-x64-gnu 201ms (cache miss)
2640 silly packumentCache full:https://registry.npmjs.org/@rollup%2frollup-linux-x64-gnu set size:undefined disposed:false
2641 http fetch GET 200 https://registry.npmjs.org/@rollup%2frollup-win32-x64-msvc 247ms (cache miss)
2642 silly packumentCache full:https://registry.npmjs.org/@rollup%2frollup-win32-x64-msvc set size:undefined disposed:false
2643 http fetch GET 200 https://registry.npmjs.org/@rollup%2frollup-win32-x64-gnu 318ms (cache miss)
2644 silly packumentCache full:https://registry.npmjs.org/@rollup%2frollup-win32-x64-gnu set size:undefined disposed:false
2645 http fetch GET 200 https://registry.npmjs.org/@rollup%2frollup-linux-s390x-gnu 383ms (cache miss)
2646 silly packumentCache full:https://registry.npmjs.org/@rollup%2frollup-linux-s390x-gnu set size:undefined disposed:false
2647 http fetch GET 200 https://registry.npmjs.org/@rollup%2frollup-darwin-x64 357ms (cache miss)
2648 silly packumentCache full:https://registry.npmjs.org/@rollup%2frollup-darwin-x64 set size:undefined disposed:false
2649 http fetch GET 200 https://registry.npmjs.org/@rollup%2frollup-linux-x64-musl 288ms (cache miss)
2650 silly packumentCache full:https://registry.npmjs.org/@rollup%2frollup-linux-x64-musl set size:undefined disposed:false
2651 silly placeDep ROOT @esbuild/aix-ppc64@0.21.5 OK for: esbuild@0.21.5 want: 0.21.5
2652 silly placeDep ROOT @esbuild/android-arm@0.21.5 OK for: esbuild@0.21.5 want: 0.21.5
2653 silly placeDep ROOT @esbuild/android-arm64@0.21.5 OK for: esbuild@0.21.5 want: 0.21.5
2654 silly placeDep ROOT @esbuild/android-x64@0.21.5 OK for: esbuild@0.21.5 want: 0.21.5
2655 silly placeDep ROOT @esbuild/darwin-arm64@0.21.5 OK for: esbuild@0.21.5 want: 0.21.5
2656 silly placeDep ROOT @esbuild/darwin-x64@0.21.5 OK for: esbuild@0.21.5 want: 0.21.5
2657 silly placeDep ROOT @esbuild/freebsd-arm64@0.21.5 OK for: esbuild@0.21.5 want: 0.21.5
2658 silly placeDep ROOT @esbuild/freebsd-x64@0.21.5 OK for: esbuild@0.21.5 want: 0.21.5
2659 silly placeDep ROOT @esbuild/linux-arm@0.21.5 OK for: esbuild@0.21.5 want: 0.21.5
2660 silly placeDep ROOT @esbuild/linux-arm64@0.21.5 OK for: esbuild@0.21.5 want: 0.21.5
2661 silly placeDep ROOT @esbuild/linux-ia32@0.21.5 OK for: esbuild@0.21.5 want: 0.21.5
2662 silly placeDep ROOT @esbuild/linux-loong64@0.21.5 OK for: esbuild@0.21.5 want: 0.21.5
2663 silly placeDep ROOT @esbuild/linux-mips64el@0.21.5 OK for: esbuild@0.21.5 want: 0.21.5
2664 silly placeDep ROOT @esbuild/linux-ppc64@0.21.5 OK for: esbuild@0.21.5 want: 0.21.5
2665 silly placeDep ROOT @esbuild/linux-riscv64@0.21.5 OK for: esbuild@0.21.5 want: 0.21.5
2666 silly placeDep ROOT @esbuild/linux-s390x@0.21.5 OK for: esbuild@0.21.5 want: 0.21.5
2667 silly placeDep ROOT @esbuild/linux-x64@0.21.5 OK for: esbuild@0.21.5 want: 0.21.5
2668 silly placeDep ROOT @esbuild/netbsd-x64@0.21.5 OK for: esbuild@0.21.5 want: 0.21.5
2669 silly placeDep ROOT @esbuild/openbsd-x64@0.21.5 OK for: esbuild@0.21.5 want: 0.21.5
2670 silly placeDep ROOT @esbuild/sunos-x64@0.21.5 OK for: esbuild@0.21.5 want: 0.21.5
2671 silly placeDep ROOT @esbuild/win32-arm64@0.21.5 OK for: esbuild@0.21.5 want: 0.21.5
2672 silly placeDep ROOT @esbuild/win32-ia32@0.21.5 OK for: esbuild@0.21.5 want: 0.21.5
2673 silly placeDep ROOT @esbuild/win32-x64@0.21.5 OK for: esbuild@0.21.5 want: 0.21.5
2674 silly placeDep ROOT nanoid@3.3.15 OK for: postcss@8.5.16 want: ^3.3.12
2675 silly placeDep ROOT source-map-js@1.2.1 OK for: postcss@8.5.16 want: ^1.2.1
2676 silly placeDep ROOT @rollup/rollup-android-arm-eabi@4.62.2 OK for: rollup@4.62.2 want: 4.62.2
2677 silly placeDep ROOT @rollup/rollup-android-arm64@4.62.2 OK for: rollup@4.62.2 want: 4.62.2
2678 silly placeDep ROOT @rollup/rollup-darwin-arm64@4.62.2 OK for: rollup@4.62.2 want: 4.62.2
2679 silly placeDep ROOT @rollup/rollup-darwin-x64@4.62.2 OK for: rollup@4.62.2 want: 4.62.2
2680 silly placeDep ROOT @rollup/rollup-freebsd-arm64@4.62.2 OK for: rollup@4.62.2 want: 4.62.2
2681 silly placeDep ROOT @rollup/rollup-freebsd-x64@4.62.2 OK for: rollup@4.62.2 want: 4.62.2
2682 silly placeDep ROOT @rollup/rollup-linux-arm-gnueabihf@4.62.2 OK for: rollup@4.62.2 want: 4.62.2
2683 silly placeDep ROOT @rollup/rollup-linux-arm-musleabihf@4.62.2 OK for: rollup@4.62.2 want: 4.62.2
2684 silly placeDep ROOT @rollup/rollup-linux-arm64-gnu@4.62.2 OK for: rollup@4.62.2 want: 4.62.2
2685 silly placeDep ROOT @rollup/rollup-linux-arm64-musl@4.62.2 OK for: rollup@4.62.2 want: 4.62.2
2686 silly placeDep ROOT @rollup/rollup-linux-loong64-gnu@4.62.2 OK for: rollup@4.62.2 want: 4.62.2
2687 silly placeDep ROOT @rollup/rollup-linux-loong64-musl@4.62.2 OK for: rollup@4.62.2 want: 4.62.2
2688 silly placeDep ROOT @rollup/rollup-linux-ppc64-gnu@4.62.2 OK for: rollup@4.62.2 want: 4.62.2
2689 silly placeDep ROOT @rollup/rollup-linux-ppc64-musl@4.62.2 OK for: rollup@4.62.2 want: 4.62.2
2690 silly placeDep ROOT @rollup/rollup-linux-riscv64-gnu@4.62.2 OK for: rollup@4.62.2 want: 4.62.2
2691 silly placeDep ROOT @rollup/rollup-linux-riscv64-musl@4.62.2 OK for: rollup@4.62.2 want: 4.62.2
2692 silly placeDep ROOT @rollup/rollup-linux-s390x-gnu@4.62.2 OK for: rollup@4.62.2 want: 4.62.2
2693 silly placeDep ROOT @rollup/rollup-linux-x64-gnu@4.62.2 OK for: rollup@4.62.2 want: 4.62.2
2694 silly placeDep ROOT @rollup/rollup-linux-x64-musl@4.62.2 OK for: rollup@4.62.2 want: 4.62.2
2695 silly placeDep ROOT @rollup/rollup-openbsd-x64@4.62.2 OK for: rollup@4.62.2 want: 4.62.2
2696 silly placeDep ROOT @rollup/rollup-openharmony-arm64@4.62.2 OK for: rollup@4.62.2 want: 4.62.2
2697 silly placeDep ROOT @rollup/rollup-win32-arm64-msvc@4.62.2 OK for: rollup@4.62.2 want: 4.62.2
2698 silly placeDep ROOT @rollup/rollup-win32-ia32-msvc@4.62.2 OK for: rollup@4.62.2 want: 4.62.2
2699 silly placeDep ROOT @rollup/rollup-win32-x64-gnu@4.62.2 OK for: rollup@4.62.2 want: 4.62.2
2700 silly placeDep ROOT @rollup/rollup-win32-x64-msvc@4.62.2 OK for: rollup@4.62.2 want: 4.62.2
2701 silly placeDep ROOT http-parser-js@0.5.10 OK for: websocket-driver@0.7.5 want: >=0.5.1
2702 silly placeDep ROOT safe-buffer@5.2.1 OK for: websocket-driver@0.7.5 want: >=5.1.0
2703 silly placeDep ROOT websocket-extensions@0.1.4 OK for: websocket-driver@0.7.5 want: >=0.1.1
2704 silly placeDep ROOT isexe@2.0.0 OK for: which@2.0.2 want: ^2.0.0
2705 silly placeDep ROOT is-bigint@1.1.0 OK for: which-boxed-primitive@1.1.1 want: ^1.1.0
2706 silly placeDep ROOT is-boolean-object@1.2.2 OK for: which-boxed-primitive@1.1.1 want: ^1.2.1
2707 silly placeDep ROOT is-number-object@1.1.1 OK for: which-boxed-primitive@1.1.1 want: ^1.1.1
2708 silly placeDep ROOT is-async-function@2.1.1 OK for: which-builtin-type@1.2.1 want: ^2.0.0
2709 silly placeDep ROOT is-finalizationregistry@1.1.1 OK for: which-builtin-type@1.2.1 want: ^1.1.0
2710 silly placeDep ROOT is-generator-function@1.1.2 OK for: which-builtin-type@1.2.1 want: ^1.0.10
2711 silly placeDep ROOT which-collection@1.0.2 OK for: which-builtin-type@1.2.1 want: ^1.0.2
2712 silly fetch manifest async-function@^1.0.0
2713 silly packumentCache full:https://registry.npmjs.org/async-function cache-miss
2714 silly fetch manifest generator-function@^2.0.0
2715 silly packumentCache full:https://registry.npmjs.org/generator-function cache-miss
2716 silly fetch manifest is-map@^2.0.3
2717 silly packumentCache full:https://registry.npmjs.org/is-map cache-miss
2718 silly fetch manifest is-weakmap@^2.0.2
2719 silly packumentCache full:https://registry.npmjs.org/is-weakmap cache-miss
2720 silly fetch manifest is-weakset@^2.0.3
2721 silly packumentCache full:https://registry.npmjs.org/is-weakset cache-miss
2722 http fetch GET 200 https://registry.npmjs.org/async-function 86ms (cache miss)
2723 silly packumentCache full:https://registry.npmjs.org/async-function set size:undefined disposed:false
2724 http fetch GET 200 https://registry.npmjs.org/is-weakmap 95ms (cache miss)
2725 silly packumentCache full:https://registry.npmjs.org/is-weakmap set size:undefined disposed:false
2726 http fetch GET 200 https://registry.npmjs.org/generator-function 103ms (cache miss)
2727 silly packumentCache full:https://registry.npmjs.org/generator-function set size:undefined disposed:false
2728 http fetch GET 200 https://registry.npmjs.org/is-map 105ms (cache miss)
2729 silly packumentCache full:https://registry.npmjs.org/is-map set size:undefined disposed:false
2730 http fetch GET 200 https://registry.npmjs.org/is-weakset 108ms (cache miss)
2731 silly packumentCache full:https://registry.npmjs.org/is-weakset set size:undefined disposed:false
2732 silly placeDep ROOT async-function@1.0.0 OK for: is-async-function@2.1.1 want: ^1.0.0
2733 silly placeDep ROOT generator-function@2.0.1 OK for: is-generator-function@1.1.2 want: ^2.0.0
2734 silly placeDep ROOT is-map@2.0.3 OK for: which-collection@1.0.2 want: ^2.0.3
2735 silly placeDep ROOT is-weakmap@2.0.2 OK for: which-collection@1.0.2 want: ^2.0.2
2736 silly placeDep ROOT is-weakset@2.0.4 OK for: which-collection@1.0.2 want: ^2.0.3
2737 silly placeDep ROOT adler-32@1.3.1 OK for: xlsx@0.18.5 want: ~1.3.0
2738 silly placeDep ROOT cfb@1.2.2 OK for: xlsx@0.18.5 want: ~1.2.1
2739 silly placeDep ROOT codepage@1.15.0 OK for: xlsx@0.18.5 want: ~1.15.0
2740 silly placeDep ROOT crc-32@1.2.2 OK for: xlsx@0.18.5 want: ~1.2.1
2741 silly placeDep ROOT ssf@0.11.2 OK for: xlsx@0.18.5 want: ~0.11.2
2742 silly placeDep ROOT wmf@1.0.2 OK for: xlsx@0.18.5 want: ~1.0.1
2743 silly placeDep ROOT word@0.3.0 OK for: xlsx@0.18.5 want: ~0.3.0
2744 silly fetch manifest crc-32@~1.2.0
2745 silly packumentCache full:https://registry.npmjs.org/crc-32 cache-miss
2746 silly fetch manifest frac@~1.1.2
2747 silly packumentCache full:https://registry.npmjs.org/frac cache-miss
2748 http cache https://registry.npmjs.org/crc-32 23ms (cache hit)
2749 silly packumentCache full:https://registry.npmjs.org/crc-32 set size:32170 disposed:false
2750 http fetch GET 200 https://registry.npmjs.org/frac 216ms (cache miss)
2751 silly packumentCache full:https://registry.npmjs.org/frac set size:undefined disposed:false
2752 silly placeDep ROOT frac@1.1.2 OK for: ssf@0.11.2 want: ~1.1.2
2753 silly placeDep ROOT cliui@8.0.1 OK for: yargs@17.7.3 want: ^8.0.1
2754 silly placeDep ROOT get-caller-file@2.0.5 OK for: yargs@17.7.3 want: ^2.0.5
2755 silly placeDep ROOT require-directory@2.1.1 OK for: yargs@17.7.3 want: ^2.1.1
2756 silly placeDep ROOT string-width@4.2.3 OK for: yargs@17.7.3 want: ^4.2.3
2757 silly placeDep ROOT y18n@5.0.8 OK for: yargs@17.7.3 want: ^5.0.5
2758 silly placeDep ROOT yargs-parser@21.1.1 OK for: yargs@17.7.3 want: ^21.1.1
2759 silly fetch manifest wrap-ansi@^7.0.0
2760 silly packumentCache full:https://registry.npmjs.org/wrap-ansi cache-miss
2761 silly fetch manifest strip-ansi@^6.0.1
2762 silly packumentCache full:https://registry.npmjs.org/strip-ansi cache-miss
2763 silly fetch manifest string-width@^4.2.0
2764 silly packumentCache full:https://registry.npmjs.org/string-width cache-miss
2765 silly fetch manifest strip-ansi@^6.0.1
2766 silly packumentCache full:https://registry.npmjs.org/strip-ansi cache-miss
2767 silly fetch manifest emoji-regex@^8.0.0
2768 silly packumentCache full:https://registry.npmjs.org/emoji-regex cache-miss
2769 silly fetch manifest is-fullwidth-code-point@^3.0.0
2770 silly packumentCache full:https://registry.npmjs.org/is-fullwidth-code-point cache-miss
2771 http cache https://registry.npmjs.org/string-width 27ms (cache hit)
2772 silly packumentCache full:https://registry.npmjs.org/string-width set size:70381 disposed:false
2773 http fetch GET 200 https://registry.npmjs.org/is-fullwidth-code-point 57ms (cache miss)
2774 silly packumentCache full:https://registry.npmjs.org/is-fullwidth-code-point set size:undefined disposed:false
2775 http fetch GET 200 https://registry.npmjs.org/strip-ansi 63ms (cache miss)
2776 silly packumentCache full:https://registry.npmjs.org/strip-ansi set size:undefined disposed:false
2777 http fetch GET 200 https://registry.npmjs.org/wrap-ansi 71ms (cache miss)
2778 silly packumentCache full:https://registry.npmjs.org/wrap-ansi set size:undefined disposed:false
2779 http fetch GET 200 https://registry.npmjs.org/emoji-regex 73ms (cache miss)
2780 silly packumentCache full:https://registry.npmjs.org/emoji-regex set size:undefined disposed:false
2781 http fetch GET 200 https://registry.npmjs.org/strip-ansi 141ms (cache miss)
2782 silly packumentCache full:https://registry.npmjs.org/strip-ansi set size:undefined disposed:false
2783 silly placeDep ROOT strip-ansi@6.0.1 OK for: cliui@8.0.1 want: ^6.0.1
2784 silly placeDep ROOT wrap-ansi@7.0.0 OK for: cliui@8.0.1 want: ^7.0.0
2785 silly fetch manifest ansi-regex@^5.0.1
2786 silly packumentCache full:https://registry.npmjs.org/ansi-regex cache-miss
2787 http fetch GET 200 https://registry.npmjs.org/ansi-regex 67ms (cache miss)
2788 silly packumentCache full:https://registry.npmjs.org/ansi-regex set size:undefined disposed:false
2789 silly placeDep ROOT emoji-regex@8.0.0 OK for: string-width@4.2.3 want: ^8.0.0
2790 silly placeDep ROOT is-fullwidth-code-point@3.0.0 OK for: string-width@4.2.3 want: ^3.0.0
2791 silly placeDep ROOT ansi-regex@5.0.1 OK for: strip-ansi@6.0.1 want: ^5.0.1
2792 silly placeDep ROOT node-exports-info@1.6.2 OK for: resolve@2.0.0-next.7 want: ^1.6.0
2793 silly reify moves {}
2794 silly audit bulk request {
2794 silly audit   '@emotion/react': [ '11.14.0' ],
2794 silly audit   react: [ '18.3.1' ],
2794 silly audit   '@emotion/styled': [ '11.14.1' ],
2794 silly audit   '@eslint/js': [ '9.39.4' ],
2794 silly audit   '@mui/icons-material': [ '6.5.0' ],
2794 silly audit   '@mui/material': [ '6.5.0' ],
2794 silly audit   'react-dom': [ '18.3.1' ],
2794 silly audit   '@types/react': [ '18.3.31' ],
2794 silly audit   '@types/react-dom': [ '18.3.7' ],
2794 silly audit   '@vitejs/plugin-react': [ '4.7.0' ],
2794 silly audit   vite: [ '5.4.21' ],
2794 silly audit   'chart.js': [ '4.5.1' ],
2794 silly audit   eslint: [ '9.39.4' ],
2794 silly audit   'eslint-plugin-react': [ '7.37.5' ],
2794 silly audit   'eslint-plugin-react-hooks': [ '5.2.0' ],
2794 silly audit   'eslint-plugin-react-refresh': [ '0.4.26' ],
2794 silly audit   firebase: [ '11.10.0' ],
2794 silly audit   'react-chartjs-2': [ '5.3.1' ],
2794 silly audit   'react-router-dom': [ '6.30.4' ],
2794 silly audit   xlsx: [ '0.18.5' ],
2794 silly audit   '@babel/runtime': [ '7.29.7' ],
2794 silly audit   '@emotion/babel-plugin': [ '11.13.5' ],
2794 silly audit   '@emotion/cache': [ '11.14.0' ],
2794 silly audit   '@emotion/serialize': [ '1.3.3' ],
2794 silly audit   '@emotion/use-insertion-effect-with-fallbacks': [ '1.2.0' ],
2794 silly audit   '@emotion/utils': [ '1.4.2' ],
2794 silly audit   '@emotion/weak-memoize': [ '0.4.0' ],
2794 silly audit   'hoist-non-react-statics': [ '3.3.2' ],
2794 silly audit   '@babel/helper-module-imports': [ '7.29.7' ],
2794 silly audit   '@emotion/hash': [ '0.9.2' ],
2794 silly audit   '@emotion/memoize': [ '0.9.0' ],
2794 silly audit   'babel-plugin-macros': [ '3.1.0' ],
2794 silly audit   'convert-source-map': [ '1.9.0', '2.0.0' ],
2794 silly audit   'escape-string-regexp': [ '4.0.0' ],
2794 silly audit   'find-root': [ '1.1.0' ],
2794 silly audit   'source-map': [ '0.5.7' ],
2794 silly audit   stylis: [ '4.2.0' ],
2794 silly audit   '@babel/traverse': [ '7.29.7' ],
2794 silly audit   '@babel/types': [ '7.29.7' ],
2794 silly audit   '@babel/code-frame': [ '7.29.7' ],
2794 silly audit   '@babel/generator': [ '7.29.7' ],
2794 silly audit   '@babel/helper-globals': [ '7.29.7' ],
2794 silly audit   '@babel/parser': [ '7.29.7' ],
2794 silly audit   '@babel/template': [ '7.29.7' ],
2794 silly audit   debug: [ '4.4.3' ],
2794 silly audit   '@babel/helper-validator-identifier': [ '7.29.7' ],
2794 silly audit   'js-tokens': [ '4.0.0' ],
2794 silly audit   picocolors: [ '1.1.1' ],
2794 silly audit   '@jridgewell/gen-mapping': [ '0.3.13' ],
2794 silly audit   '@jridgewell/trace-mapping': [ '0.3.31' ],
2794 silly audit   jsesc: [ '3.1.0' ],
2794 silly audit   '@babel/helper-string-parser': [ '7.29.7' ],
2794 silly audit   '@emotion/sheet': [ '1.4.0' ],
2794 silly audit   '@emotion/unitless': [ '0.10.0' ],
2794 silly audit   csstype: [ '3.2.3' ],
2794 silly audit   '@emotion/is-prop-valid': [ '1.4.0' ],
2794 silly audit   '@jridgewell/sourcemap-codec': [ '1.5.5' ],
2794 silly audit   '@jridgewell/resolve-uri': [ '3.1.2' ],
2794 silly audit   '@mui/core-downloads-tracker': [ '6.5.0' ],
2794 silly audit   '@mui/system': [ '6.5.0' ],
2794 silly audit   '@mui/types': [ '7.2.24' ],
2794 silly audit   '@mui/utils': [ '6.4.9' ],
2794 silly audit   '@popperjs/core': [ '2.11.8' ],
2794 silly audit   '@types/react-transition-group': [ '4.4.12' ],
2794 silly audit   clsx: [ '2.1.1' ],
2794 silly audit   'prop-types': [ '15.8.1' ],
2794 silly audit   'react-is': [ '19.2.7', '16.13.1' ],
2794 silly audit   'react-transition-group': [ '4.4.5' ],
2794 silly audit   '@mui/private-theming': [ '6.4.9' ],
2794 silly audit   '@mui/styled-engine': [ '6.5.0' ],
2794 silly audit   '@types/prop-types': [ '15.7.15' ],
2794 silly audit   '@babel/core': [ '7.29.7' ],
2794 silly audit   '@babel/plugin-transform-react-jsx-self': [ '7.29.7' ],
2794 silly audit   '@babel/plugin-transform-react-jsx-source': [ '7.29.7' ],
2794 silly audit   '@rolldown/pluginutils': [ '1.0.0-beta.27' ],
2794 silly audit   '@types/babel__core': [ '7.20.5' ],
2794 silly audit   'react-refresh': [ '0.17.0' ],
2794 silly audit   '@babel/helper-compilation-targets': [ '7.29.7' ],
2794 silly audit   '@babel/helper-module-transforms': [ '7.29.7' ],
2794 silly audit   '@babel/helpers': [ '7.29.7' ],
2794 silly audit   '@jridgewell/remapping': [ '2.3.5' ],
2794 silly audit   gensync: [ '1.0.0-beta.2' ],
2794 silly audit   json5: [ '2.2.3' ],
2794 silly audit   semver: [ '6.3.1' ],
2794 silly audit   '@babel/compat-data': [ '7.29.7' ],
2794 silly audit   '@babel/helper-validator-option': [ '7.29.7' ],
2794 silly audit   browserslist: [ '4.28.4' ],
2794 silly audit   'lru-cache': [ '5.1.1' ],
2794 silly audit   '@babel/helper-plugin-utils': [ '7.29.7' ],
2794 silly audit   '@types/babel__generator': [ '7.27.0' ],
2794 silly audit   '@types/babel__template': [ '7.4.4' ],
2794 silly audit   '@types/babel__traverse': [ '7.28.0' ],
2794 silly audit   cosmiconfig: [ '7.1.0' ],
2794 silly audit   resolve: [ '1.22.12', '2.0.0-next.7' ],
2794 silly audit   'baseline-browser-mapping': [ '2.10.41' ],
2794 silly audit   'caniuse-lite': [ '1.0.30001800' ],
2794 silly audit   'electron-to-chromium': [ '1.5.384' ],
2794 silly audit   'node-releases': [ '2.0.50' ],
2794 silly audit   'update-browserslist-db': [ '1.2.3' ],
2794 silly audit   '@kurkle/color': [ '0.3.4' ],
2794 silly audit   '@types/parse-json': [ '4.0.2' ],
2794 silly audit   'import-fresh': [ '3.3.1' ],
2794 silly audit   'parse-json': [ '5.2.0' ],
2794 silly audit   'path-type': [ '4.0.0' ],
2794 silly audit   yaml: [ '1.10.3' ],
2794 silly audit   ms: [ '2.1.3' ],
2794 silly audit   '@eslint-community/eslint-utils': [ '4.9.1' ],
2794 silly audit   '@eslint-community/regexpp': [ '4.12.2' ],
2794 silly audit   '@eslint/config-array': [ '0.21.2' ],
2794 silly audit   '@eslint/config-helpers': [ '0.4.2' ],
2794 silly audit   '@eslint/core': [ '0.17.0' ],
2794 silly audit   '@eslint/eslintrc': [ '3.3.5' ],
2794 silly audit   '@eslint/plugin-kit': [ '0.4.1' ],
2794 silly audit   '@humanfs/node': [ '0.16.8' ],
2794 silly audit   '@humanwhocodes/module-importer': [ '1.0.1' ],
2794 silly audit   '@humanwhocodes/retry': [ '0.4.3' ],
2794 silly audit   '@types/estree': [ '1.0.9' ],
2794 silly audit   ajv: [ '6.15.0' ],
2794 silly audit   chalk: [ '4.1.2' ],
2794 silly audit   'cross-spawn': [ '7.0.6' ],
2794 silly audit   'eslint-scope': [ '8.4.0' ],
2794 silly audit   'eslint-visitor-keys': [ '4.2.1', '3.4.3' ],
2794 silly audit   espree: [ '10.4.0' ],
2794 silly audit   esquery: [ '1.7.0' ],
2794 silly audit   esutils: [ '2.0.3' ],
2794 silly audit   'fast-deep-equal': [ '3.1.3' ],
2794 silly audit   'file-entry-cache': [ '8.0.0' ],
2794 silly audit   'find-up': [ '5.0.0' ],
2794 silly audit   'glob-parent': [ '6.0.2' ],
2794 silly audit   ignore: [ '5.3.2' ],
2794 silly audit   imurmurhash: [ '0.1.4' ],
2794 silly audit   'is-glob': [ '4.0.3' ],
2794 silly audit   'json-stable-stringify-without-jsonify': [ '1.0.1' ],
2794 silly audit   'lodash.merge': [ '4.6.2' ],
2794 silly audit   minimatch: [ '3.1.5' ],
2794 silly audit   'natural-compare': [ '1.4.0' ],
2794 silly audit   optionator: [ '0.9.4' ],
2794 silly audit   '@eslint/object-schema': [ '2.1.7' ],
2794 silly audit   '@types/json-schema': [ '7.0.15' ],
2794 silly audit   globals: [ '14.0.0' ],
2794 silly audit   'js-yaml': [ '4.3.0' ],
2794 silly audit   'strip-json-comments': [ '3.1.1' ],
2794 silly audit   levn: [ '0.4.1' ],
2794 silly audit   '@humanfs/core': [ '0.19.2' ],
2794 silly audit   '@humanfs/types': [ '0.15.0' ],
2794 silly audit   'fast-json-stable-stringify': [ '2.1.0' ],
2794 silly audit   'json-schema-traverse': [ '0.4.1' ],
2794 silly audit   'uri-js': [ '4.4.1' ],
2794 silly audit   'ansi-styles': [ '4.3.0' ],
2794 silly audit   'supports-color': [ '7.2.0' ],
2794 silly audit   'color-convert': [ '2.0.1' ],
2794 silly audit   'color-name': [ '1.1.4' ],
2794 silly audit   'path-key': [ '3.1.1' ],
2794 silly audit   'shebang-command': [ '2.0.0' ],
2794 silly audit   which: [ '2.0.2' ],
2794 silly audit   'array-includes': [ '3.1.9' ],
2794 silly audit   'array.prototype.findlast': [ '1.2.5' ],
2794 silly audit   'array.prototype.flatmap': [ '1.3.3' ],
2794 silly audit   'array.prototype.tosorted': [ '1.1.4' ],
2794 silly audit   doctrine: [ '2.1.0' ],
2794 silly audit   'es-iterator-helpers': [ '1.3.3' ],
2794 silly audit   estraverse: [ '5.3.0' ],
2794 silly audit   hasown: [ '2.0.4' ],
2794 silly audit   'jsx-ast-utils': [ '3.3.5' ],
2794 silly audit   'object.entries': [ '1.1.9' ],
2794 silly audit   'object.fromentries': [ '2.0.8' ],
2794 silly audit   'object.values': [ '1.2.1' ],
2794 silly audit   'string.prototype.matchall': [ '4.0.12' ],
2794 silly audit   'string.prototype.repeat': [ '1.0.0' ],
2794 silly audit   'call-bind': [ '1.0.9' ],
2794 silly audit   'call-bound': [ '1.0.4' ],
2794 silly audit   'define-properties': [ '1.2.1' ],
2794 silly audit   'es-abstract': [ '1.24.2' ],
2794 silly audit   'es-object-atoms': [ '1.1.2' ],
2794 silly audit   'get-intrinsic': [ '1.3.0' ],
2794 silly audit   'is-string': [ '1.1.1' ],
2794 silly audit   'math-intrinsics': [ '1.1.0' ],
2794 silly audit   'es-errors': [ '1.3.0' ],
2794 silly audit   'es-shim-unscopables': [ '1.1.0' ],
2794 silly audit   'call-bind-apply-helpers': [ '1.0.2' ],
2794 silly audit   'es-define-property': [ '1.0.1' ],
2794 silly audit   'set-function-length': [ '1.2.2' ],
2794 silly audit   'function-bind': [ '1.1.2' ],
2794 silly audit   'define-data-property': [ '1.1.4' ],
2794 silly audit   'has-property-descriptors': [ '1.0.2' ],
2794 silly audit   'object-keys': [ '1.1.1' ],
2794 silly audit   gopd: [ '1.2.0' ],
2794 silly audit   'array-buffer-byte-length': [ '1.0.2' ],
2794 silly audit   'arraybuffer.prototype.slice': [ '1.0.4' ],
2794 silly audit   'available-typed-arrays': [ '1.0.7' ],
2794 silly audit   'data-view-buffer': [ '1.0.2' ],
2794 silly audit   'data-view-byte-length': [ '1.0.2' ],
2794 silly audit   'data-view-byte-offset': [ '1.0.1' ],
2794 silly audit   'es-set-tostringtag': [ '2.1.0' ],
2794 silly audit   'es-to-primitive': [ '1.3.4' ],
2794 silly audit   'function.prototype.name': [ '1.2.0' ],
2794 silly audit   'get-proto': [ '1.0.1' ],
2794 silly audit   'get-symbol-description': [ '1.1.0' ],
2794 silly audit   globalthis: [ '1.0.4' ],
2794 silly audit   'has-proto': [ '1.2.0' ],
2794 silly audit   'has-symbols': [ '1.1.0' ],
2794 silly audit   'internal-slot': [ '1.1.0' ],
2794 silly audit   'is-array-buffer': [ '3.0.5' ],
2794 silly audit   'is-callable': [ '1.2.7' ],
2794 silly audit   'is-data-view': [ '1.0.2' ],
2794 silly audit   'is-negative-zero': [ '2.0.3' ],
2794 silly audit   'is-regex': [ '1.2.1' ],
2794 silly audit   'is-set': [ '2.0.3' ],
2794 silly audit   'is-shared-array-buffer': [ '1.0.4' ],
2794 silly audit   'is-typed-array': [ '1.1.15' ],
2794 silly audit   'is-weakref': [ '1.1.1' ],
2794 silly audit   'object-inspect': [ '1.13.4' ],
2794 silly audit   'object.assign': [ '4.1.7' ],
2794 silly audit   'own-keys': [ '1.0.1' ],
2794 silly audit   'regexp.prototype.flags': [ '1.5.4' ],
2794 silly audit   'safe-array-concat': [ '1.1.4' ],
2794 silly audit   'safe-push-apply': [ '1.0.0' ],
2794 silly audit   'safe-regex-test': [ '1.1.0' ],
2794 silly audit   'set-proto': [ '1.0.0' ],
2794 silly audit   'stop-iteration-iterator': [ '1.1.0' ],
2794 silly audit   'string.prototype.trim': [ '1.2.11' ],
2794 silly audit   'string.prototype.trimend': [ '1.0.10' ],
2794 silly audit   'string.prototype.trimstart': [ '1.0.8' ],
2794 silly audit   'typed-array-buffer': [ '1.0.3' ],
2794 silly audit   'typed-array-byte-length': [ '1.0.3' ],
2794 silly audit   'typed-array-byte-offset': [ '1.0.4' ],
2794 silly audit   'typed-array-length': [ '1.0.8' ],
2794 silly audit   'unbox-primitive': [ '1.1.0' ],
2794 silly audit   'which-typed-array': [ '1.1.22' ],
2794 silly audit   'possible-typed-array-names': [ '1.1.0' ],
2794 silly audit   'iterator.prototype': [ '1.1.5' ],
2794 silly audit   'has-tostringtag': [ '1.0.2' ],
2794 silly audit   'es-abstract-get': [ '1.0.0' ],
2794 silly audit   'is-date-object': [ '1.1.0' ],
2794 silly audit   'is-symbol': [ '1.1.1' ],
2794 silly audit   esrecurse: [ '4.3.0' ],
2794 silly audit   acorn: [ '8.17.0' ],
2794 silly audit   'acorn-jsx': [ '5.3.2' ],
2794 silly audit   'flat-cache': [ '4.0.1' ],
2794 silly audit   'locate-path': [ '6.0.0' ],
2794 silly audit   'path-exists': [ '4.0.0' ],
2794 silly audit   '@firebase/ai': [ '1.4.1' ],
2794 silly audit   '@firebase/app': [ '0.13.2' ],
2794 silly audit   '@firebase/app-types': [ '0.9.3' ],
2794 silly audit   '@firebase/analytics': [ '0.10.17' ],
2794 silly audit   '@firebase/analytics-compat': [ '0.2.23' ],
2794 silly audit   '@firebase/app-compat': [ '0.4.2' ],
2794 silly audit   '@firebase/app-check': [ '0.10.1' ],
2794 silly audit   '@firebase/app-check-compat': [ '0.3.26' ],
2794 silly audit   '@firebase/auth': [ '1.10.8' ],
2794 silly audit   '@firebase/auth-compat': [ '0.5.28' ],
2794 silly audit   '@firebase/data-connect': [ '0.3.10' ],
2794 silly audit   '@firebase/database': [ '1.0.20' ],
2794 silly audit   '@firebase/database-compat': [ '2.0.11' ],
2794 silly audit   '@firebase/firestore': [ '4.8.0' ],
2794 silly audit   '@firebase/firestore-compat': [ '0.3.53' ],
2794 silly audit   '@firebase/functions': [ '0.12.9' ],
2794 silly audit   '@firebase/functions-compat': [ '0.3.26' ],
2794 silly audit   '@firebase/installations': [ '0.6.18' ],
2794 silly audit   '@firebase/installations-compat': [ '0.2.18' ],
2794 silly audit   '@firebase/messaging': [ '0.12.22' ],
2794 silly audit   '@firebase/messaging-compat': [ '0.2.22' ],
2794 silly audit   '@firebase/performance': [ '0.7.7' ],
2794 silly audit   '@firebase/performance-compat': [ '0.2.20' ],
2794 silly audit   '@firebase/remote-config': [ '0.6.5' ],
2794 silly audit   '@firebase/remote-config-compat': [ '0.2.18' ],
2794 silly audit   '@firebase/storage': [ '0.13.14' ],
2794 silly audit   '@firebase/storage-compat': [ '0.3.24' ],
2794 silly audit   '@firebase/util': [ '1.12.1' ],
2794 silly audit   '@firebase/app-check-interop-types': [ '0.3.3' ],
2794 silly audit   '@firebase/component': [ '0.6.18' ],
2794 silly audit   '@firebase/logger': [ '0.4.4' ],
2794 silly audit   tslib: [ '2.8.1' ],
2794 silly audit   '@firebase/analytics-types': [ '0.8.3' ],
2794 silly audit   idb: [ '7.1.1' ],
2794 silly audit   '@firebase/app-check-types': [ '0.5.3' ],
2794 silly audit   '@firebase/auth-types': [ '0.13.0' ],
2794 silly audit   '@firebase/auth-interop-types': [ '0.2.4' ],
2794 silly audit   'faye-websocket': [ '0.11.4' ],
2794 silly audit   '@firebase/database-types': [ '1.0.15' ],
2794 silly audit   '@firebase/webchannel-wrapper': [ '1.0.3' ],
2794 silly audit   '@grpc/grpc-js': [ '1.9.16' ],
2794 silly audit   '@grpc/proto-loader': [ '0.7.15' ],
2794 silly audit   '@firebase/firestore-types': [ '3.0.3' ],
2794 silly audit   '@firebase/messaging-interop-types': [ '0.2.3' ],
2794 silly audit   '@firebase/functions-types': [ '0.6.3' ],
2794 silly audit   '@firebase/installations-types': [ '0.5.3' ],
2794 silly audit   'web-vitals': [ '4.2.4' ],
2794 silly audit   '@firebase/performance-types': [ '0.2.3' ],
2794 silly audit   '@firebase/remote-config-types': [ '0.4.0' ],
2794 silly audit   '@firebase/storage-types': [ '0.8.3' ],
2794 silly audit   '@types/node': [ '26.1.0' ],
2794 silly audit   'lodash.camelcase': [ '4.3.0' ],
2794 silly audit   long: [ '5.3.2' ],
2794 silly audit   protobufjs: [ '7.6.4' ],
2794 silly audit   yargs: [ '17.7.3' ],
2794 silly audit   'undici-types': [ '8.3.0' ],
2794 silly audit   'websocket-driver': [ '0.7.5' ],
2794 silly audit   flatted: [ '3.4.2' ],
2794 silly audit   keyv: [ '4.5.4' ],
2794 silly audit   'functions-have-names': [ '1.2.3' ],
2794 silly audit   'is-document.all': [ '1.0.0' ],
2794 silly audit   'dunder-proto': [ '1.0.1' ],
2794 silly audit   'parent-module': [ '1.0.1' ],
2794 silly audit   'resolve-from': [ '4.0.0' ],
2794 silly audit   'side-channel': [ '1.1.1' ],
2794 silly audit   'is-extglob': [ '2.1.1' ],
2794 silly audit   'set-function-name': [ '2.0.2' ],
2794 silly audit   argparse: [ '2.0.1' ],
2794 silly audit   'array.prototype.flat': [ '1.3.3' ],
2794 silly audit   'json-buffer': [ '3.0.1' ],
2794 silly audit   'prelude-ls': [ '1.2.1' ],
2794 silly audit   'type-check': [ '0.4.0' ],
2794 silly audit   'p-locate': [ '5.0.0' ],
2794 silly audit   yallist: [ '3.1.1' ],
2794 silly audit   'brace-expansion': [ '1.1.15' ],
2794 silly audit   'balanced-match': [ '1.0.2' ],
2794 silly audit   'concat-map': [ '0.0.1' ],
2794 silly audit   'deep-is': [ '0.1.4' ],
2794 silly audit   'fast-levenshtein': [ '2.0.6' ],
2794 silly audit   'word-wrap': [ '1.2.5' ],
2794 silly audit   'p-limit': [ '3.1.0' ],
2794 silly audit   'yocto-queue': [ '0.1.0' ],
2794 silly audit   callsites: [ '3.1.0' ],
2794 silly audit   'error-ex': [ '1.3.4' ],
2794 silly audit   'json-parse-even-better-errors': [ '2.3.1' ],
2794 silly audit   'lines-and-columns': [ '1.2.4' ],
2794 silly audit   'is-arrayish': [ '0.2.1' ],
2794 silly audit   'loose-envify': [ '1.4.0' ],
2794 silly audit   'object-assign': [ '4.1.1' ],
2794 silly audit   '@protobufjs/aspromise': [ '1.1.2' ],
2794 silly audit   '@protobufjs/base64': [ '1.1.2' ],
2794 silly audit   '@protobufjs/codegen': [ '2.0.5' ],
2794 silly audit   '@protobufjs/eventemitter': [ '1.1.1' ],
2794 silly audit   '@protobufjs/fetch': [ '1.1.1' ],
2794 silly audit   '@protobufjs/float': [ '1.0.2' ],
2794 silly audit   '@protobufjs/path': [ '1.1.2' ],
2794 silly audit   '@protobufjs/pool': [ '1.1.0' ],
2794 silly audit   '@protobufjs/utf8': [ '1.1.1' ],
2794 silly audit   scheduler: [ '0.23.2' ],
2794 silly audit   '@remix-run/router': [ '1.23.3' ],
2794 silly audit   'react-router': [ '6.30.4' ],
2794 silly audit   'dom-helpers': [ '5.2.1' ],
2794 silly audit   'is-core-module': [ '2.16.2' ],
2794 silly audit   'path-parse': [ '1.0.7' ],
2794 silly audit   'supports-preserve-symlinks-flag': [ '1.0.0' ],
2794 silly audit   isarray: [ '2.0.5' ],
2794 silly audit   'shebang-regex': [ '3.0.0' ],
2794 silly audit   'side-channel-list': [ '1.0.1' ],
2794 silly audit   'side-channel-map': [ '1.0.1' ],
2794 silly audit   'side-channel-weakmap': [ '1.0.2' ],
2794 silly audit   'has-flag': [ '4.0.0' ],
2794 silly audit   'for-each': [ '0.3.5' ],
2794 silly audit   'reflect.getprototypeof': [ '1.0.10' ],
2794 silly audit   'which-builtin-type': [ '1.2.1' ],
2794 silly audit   'has-bigints': [ '1.1.0' ],
2794 silly audit   'which-boxed-primitive': [ '1.1.1' ],
2794 silly audit   escalade: [ '3.2.0' ],
2794 silly audit   punycode: [ '2.3.1' ],
2794 silly audit   esbuild: [ '0.21.5' ],
2794 silly audit   fsevents: [ '2.3.3' ],
2794 silly audit   postcss: [ '8.5.16' ],
2794 silly audit   rollup: [ '4.62.2' ],
2794 silly audit   '@esbuild/aix-ppc64': [ '0.21.5' ],
2794 silly audit   '@esbuild/android-arm': [ '0.21.5' ],
2794 silly audit   '@esbuild/android-arm64': [ '0.21.5' ],
2794 silly audit   '@esbuild/android-x64': [ '0.21.5' ],
2794 silly audit   '@esbuild/darwin-arm64': [ '0.21.5' ],
2794 silly audit   '@esbuild/darwin-x64': [ '0.21.5' ],
2794 silly audit   '@esbuild/freebsd-arm64': [ '0.21.5' ],
2794 silly audit   '@esbuild/freebsd-x64': [ '0.21.5' ],
2794 silly audit   '@esbuild/linux-arm': [ '0.21.5' ],
2794 silly audit   '@esbuild/linux-arm64': [ '0.21.5' ],
2794 silly audit   '@esbuild/linux-ia32': [ '0.21.5' ],
2794 silly audit   '@esbuild/linux-loong64': [ '0.21.5' ],
2794 silly audit   '@esbuild/linux-mips64el': [ '0.21.5' ],
2794 silly audit   '@esbuild/linux-ppc64': [ '0.21.5' ],
2794 silly audit   '@esbuild/linux-riscv64': [ '0.21.5' ],
2794 silly audit   '@esbuild/linux-s390x': [ '0.21.5' ],
2794 silly audit   '@esbuild/linux-x64': [ '0.21.5' ],
2794 silly audit   '@esbuild/netbsd-x64': [ '0.21.5' ],
2794 silly audit   '@esbuild/openbsd-x64': [ '0.21.5' ],
2794 silly audit   '@esbuild/sunos-x64': [ '0.21.5' ],
2794 silly audit   '@esbuild/win32-arm64': [ '0.21.5' ],
2794 silly audit   '@esbuild/win32-ia32': [ '0.21.5' ],
2794 silly audit   '@esbuild/win32-x64': [ '0.21.5' ],
2794 silly audit   nanoid: [ '3.3.15' ],
2794 silly audit   'source-map-js': [ '1.2.1' ],
2794 silly audit   '@rollup/rollup-android-arm-eabi': [ '4.62.2' ],
2794 silly audit   '@rollup/rollup-android-arm64': [ '4.62.2' ],
2794 silly audit   '@rollup/rollup-darwin-arm64': [ '4.62.2' ],
2794 silly audit   '@rollup/rollup-darwin-x64': [ '4.62.2' ],
2794 silly audit   '@rollup/rollup-freebsd-arm64': [ '4.62.2' ],
2794 silly audit   '@rollup/rollup-freebsd-x64': [ '4.62.2' ],
2794 silly audit   '@rollup/rollup-linux-arm-gnueabihf': [ '4.62.2' ],
2794 silly audit   '@rollup/rollup-linux-arm-musleabihf': [ '4.62.2' ],
2794 silly audit   '@rollup/rollup-linux-arm64-gnu': [ '4.62.2' ],
2794 silly audit   '@rollup/rollup-linux-arm64-musl': [ '4.62.2' ],
2794 silly audit   '@rollup/rollup-linux-loong64-gnu': [ '4.62.2' ],
2794 silly audit   '@rollup/rollup-linux-loong64-musl': [ '4.62.2' ],
2794 silly audit   '@rollup/rollup-linux-ppc64-gnu': [ '4.62.2' ],
2794 silly audit   '@rollup/rollup-linux-ppc64-musl': [ '4.62.2' ],
2794 silly audit   '@rollup/rollup-linux-riscv64-gnu': [ '4.62.2' ],
2794 silly audit   '@rollup/rollup-linux-riscv64-musl': [ '4.62.2' ],
2794 silly audit   '@rollup/rollup-linux-s390x-gnu': [ '4.62.2' ],
2794 silly audit   '@rollup/rollup-linux-x64-gnu': [ '4.62.2' ],
2794 silly audit   '@rollup/rollup-linux-x64-musl': [ '4.62.2' ],
2794 silly audit   '@rollup/rollup-openbsd-x64': [ '4.62.2' ],
2794 silly audit   '@rollup/rollup-openharmony-arm64': [ '4.62.2' ],
2794 silly audit   '@rollup/rollup-win32-arm64-msvc': [ '4.62.2' ],
2794 silly audit   '@rollup/rollup-win32-ia32-msvc': [ '4.62.2' ],
2794 silly audit   '@rollup/rollup-win32-x64-gnu': [ '4.62.2' ],
2794 silly audit   '@rollup/rollup-win32-x64-msvc': [ '4.62.2' ],
2794 silly audit   'http-parser-js': [ '0.5.10' ],
2794 silly audit   'safe-buffer': [ '5.2.1' ],
2794 silly audit   'websocket-extensions': [ '0.1.4' ],
2794 silly audit   isexe: [ '2.0.0' ],
2794 silly audit   'is-bigint': [ '1.1.0' ],
2794 silly audit   'is-boolean-object': [ '1.2.2' ],
2794 silly audit   'is-number-object': [ '1.1.1' ],
2794 silly audit   'is-async-function': [ '2.1.1' ],
2794 silly audit   'is-finalizationregistry': [ '1.1.1' ],
2794 silly audit   'is-generator-function': [ '1.1.2' ],
2794 silly audit   'which-collection': [ '1.0.2' ],
2794 silly audit   'async-function': [ '1.0.0' ],
2794 silly audit   'generator-function': [ '2.0.1' ],
2794 silly audit   'is-map': [ '2.0.3' ],
2794 silly audit   'is-weakmap': [ '2.0.2' ],
2794 silly audit   'is-weakset': [ '2.0.4' ],
2794 silly audit   'adler-32': [ '1.3.1' ],
2794 silly audit   cfb: [ '1.2.2' ],
2794 silly audit   codepage: [ '1.15.0' ],
2794 silly audit   'crc-32': [ '1.2.2' ],
2794 silly audit   ssf: [ '0.11.2' ],
2794 silly audit   wmf: [ '1.0.2' ],
2794 silly audit   word: [ '0.3.0' ],
2794 silly audit   frac: [ '1.1.2' ],
2794 silly audit   cliui: [ '8.0.1' ],
2794 silly audit   'get-caller-file': [ '2.0.5' ],
2794 silly audit   'require-directory': [ '2.1.1' ],
2794 silly audit   'string-width': [ '4.2.3' ],
2794 silly audit   y18n: [ '5.0.8' ],
2794 silly audit   'yargs-parser': [ '21.1.1' ],
2794 silly audit   'strip-ansi': [ '6.0.1' ],
2794 silly audit   'wrap-ansi': [ '7.0.0' ],
2794 silly audit   'emoji-regex': [ '8.0.0' ],
2794 silly audit   'is-fullwidth-code-point': [ '3.0.0' ],
2794 silly audit   'ansi-regex': [ '5.0.1' ],
2794 silly audit   'node-exports-info': [ '1.6.2' ]
2794 silly audit }
2795 http cache ansi-regex@https://registry.npmjs.org/ansi-regex/-/ansi-regex-5.0.1.tgz 0ms (cache hit)
2796 http cache node-exports-info@https://registry.npmjs.org/node-exports-info/-/node-exports-info-1.6.2.tgz 0ms (cache hit)
2797 http cache emoji-regex@https://registry.npmjs.org/emoji-regex/-/emoji-regex-8.0.0.tgz 0ms (cache hit)
2798 http cache yargs-parser@https://registry.npmjs.org/yargs-parser/-/yargs-parser-21.1.1.tgz 0ms (cache hit)
2799 http cache is-fullwidth-code-point@https://registry.npmjs.org/is-fullwidth-code-point/-/is-fullwidth-code-point-3.0.0.tgz 0ms (cache hit)
2800 http cache require-directory@https://registry.npmjs.org/require-directory/-/require-directory-2.1.1.tgz 0ms (cache hit)
2801 http cache wrap-ansi@https://registry.npmjs.org/wrap-ansi/-/wrap-ansi-7.0.0.tgz 0ms (cache hit)
2802 http cache strip-ansi@https://registry.npmjs.org/strip-ansi/-/strip-ansi-6.0.1.tgz 0ms (cache hit)
2803 http cache y18n@https://registry.npmjs.org/y18n/-/y18n-5.0.8.tgz 0ms (cache hit)
2804 http cache string-width@https://registry.npmjs.org/string-width/-/string-width-4.2.3.tgz 0ms (cache hit)
2805 http cache get-caller-file@https://registry.npmjs.org/get-caller-file/-/get-caller-file-2.0.5.tgz 0ms (cache hit)
2806 http cache frac@https://registry.npmjs.org/frac/-/frac-1.1.2.tgz 0ms (cache hit)
2807 http cache word@https://registry.npmjs.org/word/-/word-0.3.0.tgz 0ms (cache hit)
2808 http cache cliui@https://registry.npmjs.org/cliui/-/cliui-8.0.1.tgz 0ms (cache hit)
2809 http cache crc-32@https://registry.npmjs.org/crc-32/-/crc-32-1.2.2.tgz 0ms (cache hit)
2810 http cache wmf@https://registry.npmjs.org/wmf/-/wmf-1.0.2.tgz 0ms (cache hit)
2811 http cache codepage@https://registry.npmjs.org/codepage/-/codepage-1.15.0.tgz 0ms (cache hit)
2812 http cache adler-32@https://registry.npmjs.org/adler-32/-/adler-32-1.3.1.tgz 0ms (cache hit)
2813 http cache cfb@https://registry.npmjs.org/cfb/-/cfb-1.2.2.tgz 0ms (cache hit)
2814 http cache is-weakset@https://registry.npmjs.org/is-weakset/-/is-weakset-2.0.4.tgz 0ms (cache hit)
2815 http cache is-map@https://registry.npmjs.org/is-map/-/is-map-2.0.3.tgz 0ms (cache hit)
2816 http cache ssf@https://registry.npmjs.org/ssf/-/ssf-0.11.2.tgz 0ms (cache hit)
2817 http cache generator-function@https://registry.npmjs.org/generator-function/-/generator-function-2.0.1.tgz 0ms (cache hit)
2818 http cache is-generator-function@https://registry.npmjs.org/is-generator-function/-/is-generator-function-1.1.2.tgz 0ms (cache hit)
2819 http cache is-weakmap@https://registry.npmjs.org/is-weakmap/-/is-weakmap-2.0.2.tgz 0ms (cache hit)
2820 http cache which-collection@https://registry.npmjs.org/which-collection/-/which-collection-1.0.2.tgz 0ms (cache hit)
2821 http cache async-function@https://registry.npmjs.org/async-function/-/async-function-1.0.0.tgz 0ms (cache hit)
2822 http cache is-async-function@https://registry.npmjs.org/is-async-function/-/is-async-function-2.1.1.tgz 1ms (cache hit)
2823 http cache is-bigint@https://registry.npmjs.org/is-bigint/-/is-bigint-1.1.0.tgz 0ms (cache hit)
2824 http cache is-boolean-object@https://registry.npmjs.org/is-boolean-object/-/is-boolean-object-1.2.2.tgz 0ms (cache hit)
2825 http cache is-finalizationregistry@https://registry.npmjs.org/is-finalizationregistry/-/is-finalizationregistry-1.1.1.tgz 0ms (cache hit)
2826 http cache http-parser-js@https://registry.npmjs.org/http-parser-js/-/http-parser-js-0.5.10.tgz 0ms (cache hit)
2827 http cache websocket-extensions@https://registry.npmjs.org/websocket-extensions/-/websocket-extensions-0.1.4.tgz 0ms (cache hit)
2828 http cache isexe@https://registry.npmjs.org/isexe/-/isexe-2.0.0.tgz 0ms (cache hit)
2829 http cache is-number-object@https://registry.npmjs.org/is-number-object/-/is-number-object-1.1.1.tgz 0ms (cache hit)
2830 http cache safe-buffer@https://registry.npmjs.org/safe-buffer/-/safe-buffer-5.2.1.tgz 0ms (cache hit)
2831 http cache nanoid@https://registry.npmjs.org/nanoid/-/nanoid-3.3.15.tgz 0ms (cache hit)
2832 http cache source-map-js@https://registry.npmjs.org/source-map-js/-/source-map-js-1.2.1.tgz 0ms (cache hit)
2833 http cache @rollup/rollup-win32-x64-msvc@https://registry.npmjs.org/@rollup/rollup-win32-x64-msvc/-/rollup-win32-x64-msvc-4.62.2.tgz 0ms (cache hit)
2834 http cache rollup@https://registry.npmjs.org/rollup/-/rollup-4.62.2.tgz 0ms (cache hit)
2835 http cache @esbuild/win32-x64@https://registry.npmjs.org/@esbuild/win32-x64/-/win32-x64-0.21.5.tgz 0ms (cache hit)
2836 http cache esbuild@https://registry.npmjs.org/esbuild/-/esbuild-0.21.5.tgz 0ms (cache hit)
2837 http cache @rollup/rollup-win32-x64-gnu@https://registry.npmjs.org/@rollup/rollup-win32-x64-gnu/-/rollup-win32-x64-gnu-4.62.2.tgz 1ms (cache hit)
2838 http cache which-boxed-primitive@https://registry.npmjs.org/which-boxed-primitive/-/which-boxed-primitive-1.1.1.tgz 0ms (cache hit)
2839 http cache escalade@https://registry.npmjs.org/escalade/-/escalade-3.2.0.tgz 1ms (cache hit)
2840 http cache postcss@https://registry.npmjs.org/postcss/-/postcss-8.5.16.tgz 0ms (cache hit)
2841 http cache punycode@https://registry.npmjs.org/punycode/-/punycode-2.3.1.tgz 0ms (cache hit)
2842 http cache has-bigints@https://registry.npmjs.org/has-bigints/-/has-bigints-1.1.0.tgz 0ms (cache hit)
2843 http cache for-each@https://registry.npmjs.org/for-each/-/for-each-0.3.5.tgz 0ms (cache hit)
2844 http cache side-channel-weakmap@https://registry.npmjs.org/side-channel-weakmap/-/side-channel-weakmap-1.0.2.tgz 0ms (cache hit)
2845 http cache which-builtin-type@https://registry.npmjs.org/which-builtin-type/-/which-builtin-type-1.2.1.tgz 0ms (cache hit)
2846 http cache side-channel-map@https://registry.npmjs.org/side-channel-map/-/side-channel-map-1.0.1.tgz 0ms (cache hit)
2847 http cache reflect.getprototypeof@https://registry.npmjs.org/reflect.getprototypeof/-/reflect.getprototypeof-1.0.10.tgz 0ms (cache hit)
2848 http cache shebang-regex@https://registry.npmjs.org/shebang-regex/-/shebang-regex-3.0.0.tgz 0ms (cache hit)
2849 http cache has-flag@https://registry.npmjs.org/has-flag/-/has-flag-4.0.0.tgz 0ms (cache hit)
2850 http cache side-channel-list@https://registry.npmjs.org/side-channel-list/-/side-channel-list-1.0.1.tgz 0ms (cache hit)
2851 http cache supports-preserve-symlinks-flag@https://registry.npmjs.org/supports-preserve-symlinks-flag/-/supports-preserve-symlinks-flag-1.0.0.tgz 0ms (cache hit)
2852 http cache path-parse@https://registry.npmjs.org/path-parse/-/path-parse-1.0.7.tgz 0ms (cache hit)
2853 http cache isarray@https://registry.npmjs.org/isarray/-/isarray-2.0.5.tgz 0ms (cache hit)
2854 http cache dom-helpers@https://registry.npmjs.org/dom-helpers/-/dom-helpers-5.2.1.tgz 0ms (cache hit)
2855 http cache is-core-module@https://registry.npmjs.org/is-core-module/-/is-core-module-2.16.2.tgz 0ms (cache hit)
2856 http cache react-router@https://registry.npmjs.org/react-router/-/react-router-6.30.4.tgz 0ms (cache hit)
2857 http cache @remix-run/router@https://registry.npmjs.org/@remix-run/router/-/router-1.23.3.tgz 1ms (cache hit)
2858 http cache @protobufjs/path@https://registry.npmjs.org/@protobufjs/path/-/path-1.1.2.tgz 0ms (cache hit)
2859 http cache scheduler@https://registry.npmjs.org/scheduler/-/scheduler-0.23.2.tgz 0ms (cache hit)
2860 http cache @protobufjs/utf8@https://registry.npmjs.org/@protobufjs/utf8/-/utf8-1.1.1.tgz 0ms (cache hit)
2861 http cache @protobufjs/eventemitter@https://registry.npmjs.org/@protobufjs/eventemitter/-/eventemitter-1.1.1.tgz 0ms (cache hit)
2862 http cache @protobufjs/fetch@https://registry.npmjs.org/@protobufjs/fetch/-/fetch-1.1.1.tgz 0ms (cache hit)
2863 http cache @protobufjs/float@https://registry.npmjs.org/@protobufjs/float/-/float-1.0.2.tgz 0ms (cache hit)
2864 http cache @protobufjs/codegen@https://registry.npmjs.org/@protobufjs/codegen/-/codegen-2.0.5.tgz 0ms (cache hit)
2865 http cache @protobufjs/pool@https://registry.npmjs.org/@protobufjs/pool/-/pool-1.1.0.tgz 0ms (cache hit)
2866 http cache @protobufjs/base64@https://registry.npmjs.org/@protobufjs/base64/-/base64-1.1.2.tgz 0ms (cache hit)
2867 http cache is-arrayish@https://registry.npmjs.org/is-arrayish/-/is-arrayish-0.2.1.tgz 0ms (cache hit)
2868 http cache @protobufjs/aspromise@https://registry.npmjs.org/@protobufjs/aspromise/-/aspromise-1.1.2.tgz 0ms (cache hit)
2869 http cache object-assign@https://registry.npmjs.org/object-assign/-/object-assign-4.1.1.tgz 0ms (cache hit)
2870 http cache lines-and-columns@https://registry.npmjs.org/lines-and-columns/-/lines-and-columns-1.2.4.tgz 0ms (cache hit)
2871 http cache loose-envify@https://registry.npmjs.org/loose-envify/-/loose-envify-1.4.0.tgz 0ms (cache hit)
2872 http cache json-parse-even-better-errors@https://registry.npmjs.org/json-parse-even-better-errors/-/json-parse-even-better-errors-2.3.1.tgz 0ms (cache hit)
2873 http cache callsites@https://registry.npmjs.org/callsites/-/callsites-3.1.0.tgz 0ms (cache hit)
2874 http cache error-ex@https://registry.npmjs.org/error-ex/-/error-ex-1.3.4.tgz 0ms (cache hit)
2875 http cache yocto-queue@https://registry.npmjs.org/yocto-queue/-/yocto-queue-0.1.0.tgz 0ms (cache hit)
2876 http cache p-limit@https://registry.npmjs.org/p-limit/-/p-limit-3.1.0.tgz 0ms (cache hit)
2877 http cache word-wrap@https://registry.npmjs.org/word-wrap/-/word-wrap-1.2.5.tgz 0ms (cache hit)
2878 http cache fast-levenshtein@https://registry.npmjs.org/fast-levenshtein/-/fast-levenshtein-2.0.6.tgz 0ms (cache hit)
2879 http cache concat-map@https://registry.npmjs.org/concat-map/-/concat-map-0.0.1.tgz 0ms (cache hit)
2880 http cache brace-expansion@https://registry.npmjs.org/brace-expansion/-/brace-expansion-1.1.15.tgz 0ms (cache hit)
2881 http cache deep-is@https://registry.npmjs.org/deep-is/-/deep-is-0.1.4.tgz 0ms (cache hit)
2882 http cache balanced-match@https://registry.npmjs.org/balanced-match/-/balanced-match-1.0.2.tgz 0ms (cache hit)
2883 http cache yallist@https://registry.npmjs.org/yallist/-/yallist-3.1.1.tgz 0ms (cache hit)
2884 http cache p-locate@https://registry.npmjs.org/p-locate/-/p-locate-5.0.0.tgz 0ms (cache hit)
2885 http cache type-check@https://registry.npmjs.org/type-check/-/type-check-0.4.0.tgz 0ms (cache hit)
2886 http cache json-buffer@https://registry.npmjs.org/json-buffer/-/json-buffer-3.0.1.tgz 0ms (cache hit)
2887 http cache prelude-ls@https://registry.npmjs.org/prelude-ls/-/prelude-ls-1.2.1.tgz 0ms (cache hit)
2888 http cache argparse@https://registry.npmjs.org/argparse/-/argparse-2.0.1.tgz 0ms (cache hit)
2889 http cache is-extglob@https://registry.npmjs.org/is-extglob/-/is-extglob-2.1.1.tgz 0ms (cache hit)
2890 http cache set-function-name@https://registry.npmjs.org/set-function-name/-/set-function-name-2.0.2.tgz 0ms (cache hit)
2891 http cache array.prototype.flat@https://registry.npmjs.org/array.prototype.flat/-/array.prototype.flat-1.3.3.tgz 0ms (cache hit)
2892 http cache side-channel@https://registry.npmjs.org/side-channel/-/side-channel-1.1.1.tgz 0ms (cache hit)
2893 http cache parent-module@https://registry.npmjs.org/parent-module/-/parent-module-1.0.1.tgz 0ms (cache hit)
2894 http cache resolve-from@https://registry.npmjs.org/resolve-from/-/resolve-from-4.0.0.tgz 0ms (cache hit)
2895 http cache keyv@https://registry.npmjs.org/keyv/-/keyv-4.5.4.tgz 0ms (cache hit)
2896 http cache dunder-proto@https://registry.npmjs.org/dunder-proto/-/dunder-proto-1.0.1.tgz 0ms (cache hit)
2897 http cache websocket-driver@https://registry.npmjs.org/websocket-driver/-/websocket-driver-0.7.5.tgz 0ms (cache hit)
2898 http cache is-document.all@https://registry.npmjs.org/is-document.all/-/is-document.all-1.0.0.tgz 0ms (cache hit)
2899 http cache flatted@https://registry.npmjs.org/flatted/-/flatted-3.4.2.tgz 0ms (cache hit)
2900 http cache undici-types@https://registry.npmjs.org/undici-types/-/undici-types-8.3.0.tgz 0ms (cache hit)
2901 http cache functions-have-names@https://registry.npmjs.org/functions-have-names/-/functions-have-names-1.2.3.tgz 0ms (cache hit)
2902 http cache protobufjs@https://registry.npmjs.org/protobufjs/-/protobufjs-7.6.4.tgz 0ms (cache hit)
2903 http cache yargs@https://registry.npmjs.org/yargs/-/yargs-17.7.3.tgz 0ms (cache hit)
2904 http cache @firebase/storage-types@https://registry.npmjs.org/@firebase/storage-types/-/storage-types-0.8.3.tgz 0ms (cache hit)
2905 http cache long@https://registry.npmjs.org/long/-/long-5.3.2.tgz 0ms (cache hit)
2906 http cache web-vitals@https://registry.npmjs.org/web-vitals/-/web-vitals-4.2.4.tgz 0ms (cache hit)
2907 http cache @types/node@https://registry.npmjs.org/@types/node/-/node-26.1.0.tgz 0ms (cache hit)
2908 http cache lodash.camelcase@https://registry.npmjs.org/lodash.camelcase/-/lodash.camelcase-4.3.0.tgz 0ms (cache hit)
2909 http cache @firebase/performance-types@https://registry.npmjs.org/@firebase/performance-types/-/performance-types-0.2.3.tgz 0ms (cache hit)
2910 http cache @firebase/remote-config-types@https://registry.npmjs.org/@firebase/remote-config-types/-/remote-config-types-0.4.0.tgz 0ms (cache hit)
2911 http cache @firebase/functions-types@https://registry.npmjs.org/@firebase/functions-types/-/functions-types-0.6.3.tgz 0ms (cache hit)
2912 http cache @grpc/grpc-js@https://registry.npmjs.org/@grpc/grpc-js/-/grpc-js-1.9.16.tgz 0ms (cache hit)
2913 http cache @firebase/installations-types@https://registry.npmjs.org/@firebase/installations-types/-/installations-types-0.5.3.tgz 0ms (cache hit)
2914 http cache faye-websocket@https://registry.npmjs.org/faye-websocket/-/faye-websocket-0.11.4.tgz 0ms (cache hit)
2915 http cache @firebase/firestore-types@https://registry.npmjs.org/@firebase/firestore-types/-/firestore-types-3.0.3.tgz 0ms (cache hit)
2916 http cache @grpc/proto-loader@https://registry.npmjs.org/@grpc/proto-loader/-/proto-loader-0.7.15.tgz 0ms (cache hit)
2917 http cache @firebase/webchannel-wrapper@https://registry.npmjs.org/@firebase/webchannel-wrapper/-/webchannel-wrapper-1.0.3.tgz 0ms (cache hit)
2918 http cache @firebase/messaging-interop-types@https://registry.npmjs.org/@firebase/messaging-interop-types/-/messaging-interop-types-0.2.3.tgz 0ms (cache hit)
2919 http cache idb@https://registry.npmjs.org/idb/-/idb-7.1.1.tgz 0ms (cache hit)
2920 http cache @firebase/auth-interop-types@https://registry.npmjs.org/@firebase/auth-interop-types/-/auth-interop-types-0.2.4.tgz 0ms (cache hit)
2921 http cache @firebase/database-types@https://registry.npmjs.org/@firebase/database-types/-/database-types-1.0.15.tgz 0ms (cache hit)
2922 http cache @firebase/auth-types@https://registry.npmjs.org/@firebase/auth-types/-/auth-types-0.13.0.tgz 0ms (cache hit)
2923 http cache tslib@https://registry.npmjs.org/tslib/-/tslib-2.8.1.tgz 0ms (cache hit)
2924 http cache @firebase/app-check-types@https://registry.npmjs.org/@firebase/app-check-types/-/app-check-types-0.5.3.tgz 0ms (cache hit)
2925 http cache @firebase/logger@https://registry.npmjs.org/@firebase/logger/-/logger-0.4.4.tgz 0ms (cache hit)
2926 http cache @firebase/analytics-types@https://registry.npmjs.org/@firebase/analytics-types/-/analytics-types-0.8.3.tgz 0ms (cache hit)
2927 http cache @firebase/app-check-interop-types@https://registry.npmjs.org/@firebase/app-check-interop-types/-/app-check-interop-types-0.3.3.tgz 0ms (cache hit)
2928 http cache @firebase/component@https://registry.npmjs.org/@firebase/component/-/component-0.6.18.tgz 0ms (cache hit)
2929 http cache @firebase/remote-config-compat@https://registry.npmjs.org/@firebase/remote-config-compat/-/remote-config-compat-0.2.18.tgz 0ms (cache hit)
2930 http cache @firebase/util@https://registry.npmjs.org/@firebase/util/-/util-1.12.1.tgz 0ms (cache hit)
2931 http cache @firebase/storage@https://registry.npmjs.org/@firebase/storage/-/storage-0.13.14.tgz 0ms (cache hit)
2932 http cache @firebase/storage-compat@https://registry.npmjs.org/@firebase/storage-compat/-/storage-compat-0.3.24.tgz 0ms (cache hit)
2933 http cache @firebase/remote-config@https://registry.npmjs.org/@firebase/remote-config/-/remote-config-0.6.5.tgz 0ms (cache hit)
2934 http cache @firebase/performance-compat@https://registry.npmjs.org/@firebase/performance-compat/-/performance-compat-0.2.20.tgz 0ms (cache hit)
2935 http cache @firebase/messaging-compat@https://registry.npmjs.org/@firebase/messaging-compat/-/messaging-compat-0.2.22.tgz 0ms (cache hit)
2936 http cache @firebase/installations-compat@https://registry.npmjs.org/@firebase/installations-compat/-/installations-compat-0.2.18.tgz 0ms (cache hit)
2937 http cache @firebase/performance@https://registry.npmjs.org/@firebase/performance/-/performance-0.7.7.tgz 0ms (cache hit)
2938 http cache @firebase/functions-compat@https://registry.npmjs.org/@firebase/functions-compat/-/functions-compat-0.3.26.tgz 0ms (cache hit)
2939 http cache @firebase/installations@https://registry.npmjs.org/@firebase/installations/-/installations-0.6.18.tgz 0ms (cache hit)
2940 http cache @firebase/messaging@https://registry.npmjs.org/@firebase/messaging/-/messaging-0.12.22.tgz 0ms (cache hit)
2941 http cache @firebase/firestore-compat@https://registry.npmjs.org/@firebase/firestore-compat/-/firestore-compat-0.3.53.tgz 0ms (cache hit)
2942 http cache @firebase/data-connect@https://registry.npmjs.org/@firebase/data-connect/-/data-connect-0.3.10.tgz 0ms (cache hit)
2943 http cache @firebase/functions@https://registry.npmjs.org/@firebase/functions/-/functions-0.12.9.tgz 0ms (cache hit)
2944 http cache @firebase/firestore@https://registry.npmjs.org/@firebase/firestore/-/firestore-4.8.0.tgz 0ms (cache hit)
2945 http cache @firebase/database-compat@https://registry.npmjs.org/@firebase/database-compat/-/database-compat-2.0.11.tgz 0ms (cache hit)
2946 http cache @firebase/database@https://registry.npmjs.org/@firebase/database/-/database-1.0.20.tgz 0ms (cache hit)
2947 http cache @firebase/auth-compat@https://registry.npmjs.org/@firebase/auth-compat/-/auth-compat-0.5.28.tgz 0ms (cache hit)
2948 http cache @firebase/app-check@https://registry.npmjs.org/@firebase/app-check/-/app-check-0.10.1.tgz 0ms (cache hit)
2949 http cache @firebase/app-compat@https://registry.npmjs.org/@firebase/app-compat/-/app-compat-0.4.2.tgz 0ms (cache hit)
2950 http cache @firebase/app-check-compat@https://registry.npmjs.org/@firebase/app-check-compat/-/app-check-compat-0.3.26.tgz 0ms (cache hit)
2951 http cache @firebase/analytics-compat@https://registry.npmjs.org/@firebase/analytics-compat/-/analytics-compat-0.2.23.tgz 0ms (cache hit)
2952 http cache path-exists@https://registry.npmjs.org/path-exists/-/path-exists-4.0.0.tgz 0ms (cache hit)
2953 http cache @firebase/analytics@https://registry.npmjs.org/@firebase/analytics/-/analytics-0.10.17.tgz 0ms (cache hit)
2954 http cache @firebase/app-types@https://registry.npmjs.org/@firebase/app-types/-/app-types-0.9.3.tgz 0ms (cache hit)
2955 http cache @firebase/app@https://registry.npmjs.org/@firebase/app/-/app-0.13.2.tgz 0ms (cache hit)
2956 http cache @firebase/ai@https://registry.npmjs.org/@firebase/ai/-/ai-1.4.1.tgz 0ms (cache hit)
2957 http cache acorn-jsx@https://registry.npmjs.org/acorn-jsx/-/acorn-jsx-5.3.2.tgz 0ms (cache hit)
2958 http cache locate-path@https://registry.npmjs.org/locate-path/-/locate-path-6.0.0.tgz 0ms (cache hit)
2959 http cache flat-cache@https://registry.npmjs.org/flat-cache/-/flat-cache-4.0.1.tgz 0ms (cache hit)
2960 http cache acorn@https://registry.npmjs.org/acorn/-/acorn-8.17.0.tgz 0ms (cache hit)
2961 http cache esrecurse@https://registry.npmjs.org/esrecurse/-/esrecurse-4.3.0.tgz 0ms (cache hit)
2962 http cache is-symbol@https://registry.npmjs.org/is-symbol/-/is-symbol-1.1.1.tgz 0ms (cache hit)
2963 http cache is-date-object@https://registry.npmjs.org/is-date-object/-/is-date-object-1.1.0.tgz 0ms (cache hit)
2964 http cache es-abstract-get@https://registry.npmjs.org/es-abstract-get/-/es-abstract-get-1.0.0.tgz 0ms (cache hit)
2965 http cache possible-typed-array-names@https://registry.npmjs.org/possible-typed-array-names/-/possible-typed-array-names-1.1.0.tgz 0ms (cache hit)
2966 http cache has-tostringtag@https://registry.npmjs.org/has-tostringtag/-/has-tostringtag-1.0.2.tgz 0ms (cache hit)
2967 http cache which-typed-array@https://registry.npmjs.org/which-typed-array/-/which-typed-array-1.1.22.tgz 0ms (cache hit)
2968 http cache typed-array-length@https://registry.npmjs.org/typed-array-length/-/typed-array-length-1.0.8.tgz 0ms (cache hit)
2969 http cache iterator.prototype@https://registry.npmjs.org/iterator.prototype/-/iterator.prototype-1.1.5.tgz 0ms (cache hit)
2970 http cache typed-array-byte-offset@https://registry.npmjs.org/typed-array-byte-offset/-/typed-array-byte-offset-1.0.4.tgz 0ms (cache hit)
2971 http cache unbox-primitive@https://registry.npmjs.org/unbox-primitive/-/unbox-primitive-1.1.0.tgz 0ms (cache hit)
2972 http cache typed-array-byte-length@https://registry.npmjs.org/typed-array-byte-length/-/typed-array-byte-length-1.0.3.tgz 0ms (cache hit)
2973 http cache string.prototype.trimstart@https://registry.npmjs.org/string.prototype.trimstart/-/string.prototype.trimstart-1.0.8.tgz 0ms (cache hit)
2974 http cache typed-array-buffer@https://registry.npmjs.org/typed-array-buffer/-/typed-array-buffer-1.0.3.tgz 0ms (cache hit)
2975 http cache string.prototype.trim@https://registry.npmjs.org/string.prototype.trim/-/string.prototype.trim-1.2.11.tgz 0ms (cache hit)
2976 http cache stop-iteration-iterator@https://registry.npmjs.org/stop-iteration-iterator/-/stop-iteration-iterator-1.1.0.tgz 0ms (cache hit)
2977 http cache set-proto@https://registry.npmjs.org/set-proto/-/set-proto-1.0.0.tgz 0ms (cache hit)
2978 http cache safe-regex-test@https://registry.npmjs.org/safe-regex-test/-/safe-regex-test-1.1.0.tgz 0ms (cache hit)
2979 http cache string.prototype.trimend@https://registry.npmjs.org/string.prototype.trimend/-/string.prototype.trimend-1.0.10.tgz 0ms (cache hit)
2980 http cache safe-push-apply@https://registry.npmjs.org/safe-push-apply/-/safe-push-apply-1.0.0.tgz 0ms (cache hit)
2981 http cache regexp.prototype.flags@https://registry.npmjs.org/regexp.prototype.flags/-/regexp.prototype.flags-1.5.4.tgz 0ms (cache hit)
2982 http cache object.assign@https://registry.npmjs.org/object.assign/-/object.assign-4.1.7.tgz 0ms (cache hit)
2983 http cache safe-array-concat@https://registry.npmjs.org/safe-array-concat/-/safe-array-concat-1.1.4.tgz 0ms (cache hit)
2984 http cache own-keys@https://registry.npmjs.org/own-keys/-/own-keys-1.0.1.tgz 0ms (cache hit)
2985 http cache is-weakref@https://registry.npmjs.org/is-weakref/-/is-weakref-1.1.1.tgz 0ms (cache hit)
2986 http cache is-typed-array@https://registry.npmjs.org/is-typed-array/-/is-typed-array-1.1.15.tgz 0ms (cache hit)
2987 http cache is-shared-array-buffer@https://registry.npmjs.org/is-shared-array-buffer/-/is-shared-array-buffer-1.0.4.tgz 0ms (cache hit)
2988 http cache object-inspect@https://registry.npmjs.org/object-inspect/-/object-inspect-1.13.4.tgz 0ms (cache hit)
2989 http cache is-set@https://registry.npmjs.org/is-set/-/is-set-2.0.3.tgz 0ms (cache hit)
2990 http cache is-regex@https://registry.npmjs.org/is-regex/-/is-regex-1.2.1.tgz 0ms (cache hit)
2991 http cache is-negative-zero@https://registry.npmjs.org/is-negative-zero/-/is-negative-zero-2.0.3.tgz 0ms (cache hit)
2992 http cache is-callable@https://registry.npmjs.org/is-callable/-/is-callable-1.2.7.tgz 0ms (cache hit)
2993 http cache is-array-buffer@https://registry.npmjs.org/is-array-buffer/-/is-array-buffer-3.0.5.tgz 0ms (cache hit)
2994 http cache internal-slot@https://registry.npmjs.org/internal-slot/-/internal-slot-1.1.0.tgz 0ms (cache hit)
2995 http cache has-symbols@https://registry.npmjs.org/has-symbols/-/has-symbols-1.1.0.tgz 0ms (cache hit)
2996 http cache is-data-view@https://registry.npmjs.org/is-data-view/-/is-data-view-1.0.2.tgz 0ms (cache hit)
2997 http cache has-proto@https://registry.npmjs.org/has-proto/-/has-proto-1.2.0.tgz 0ms (cache hit)
2998 http cache get-symbol-description@https://registry.npmjs.org/get-symbol-description/-/get-symbol-description-1.1.0.tgz 0ms (cache hit)
2999 http cache function.prototype.name@https://registry.npmjs.org/function.prototype.name/-/function.prototype.name-1.2.0.tgz 0ms (cache hit)
3000 http cache globalthis@https://registry.npmjs.org/globalthis/-/globalthis-1.0.4.tgz 0ms (cache hit)
3001 http cache es-to-primitive@https://registry.npmjs.org/es-to-primitive/-/es-to-primitive-1.3.4.tgz 0ms (cache hit)
3002 http cache get-proto@https://registry.npmjs.org/get-proto/-/get-proto-1.0.1.tgz 0ms (cache hit)
3003 http cache es-set-tostringtag@https://registry.npmjs.org/es-set-tostringtag/-/es-set-tostringtag-2.1.0.tgz 0ms (cache hit)
3004 http cache data-view-byte-offset@https://registry.npmjs.org/data-view-byte-offset/-/data-view-byte-offset-1.0.1.tgz 0ms (cache hit)
3005 http cache data-view-buffer@https://registry.npmjs.org/data-view-buffer/-/data-view-buffer-1.0.2.tgz 0ms (cache hit)
3006 http cache data-view-byte-length@https://registry.npmjs.org/data-view-byte-length/-/data-view-byte-length-1.0.2.tgz 0ms (cache hit)
3007 http cache arraybuffer.prototype.slice@https://registry.npmjs.org/arraybuffer.prototype.slice/-/arraybuffer.prototype.slice-1.0.4.tgz 0ms (cache hit)
3008 http cache array-buffer-byte-length@https://registry.npmjs.org/array-buffer-byte-length/-/array-buffer-byte-length-1.0.2.tgz 0ms (cache hit)
3009 http cache gopd@https://registry.npmjs.org/gopd/-/gopd-1.2.0.tgz 0ms (cache hit)
3010 http cache available-typed-arrays@https://registry.npmjs.org/available-typed-arrays/-/available-typed-arrays-1.0.7.tgz 0ms (cache hit)
3011 http cache has-property-descriptors@https://registry.npmjs.org/has-property-descriptors/-/has-property-descriptors-1.0.2.tgz 0ms (cache hit)
3012 http cache define-data-property@https://registry.npmjs.org/define-data-property/-/define-data-property-1.1.4.tgz 0ms (cache hit)
3013 http cache set-function-length@https://registry.npmjs.org/set-function-length/-/set-function-length-1.2.2.tgz 0ms (cache hit)
3014 http cache object-keys@https://registry.npmjs.org/object-keys/-/object-keys-1.1.1.tgz 0ms (cache hit)
3015 http cache es-define-property@https://registry.npmjs.org/es-define-property/-/es-define-property-1.0.1.tgz 0ms (cache hit)
3016 http cache call-bind-apply-helpers@https://registry.npmjs.org/call-bind-apply-helpers/-/call-bind-apply-helpers-1.0.2.tgz 0ms (cache hit)
3017 http cache function-bind@https://registry.npmjs.org/function-bind/-/function-bind-1.1.2.tgz 0ms (cache hit)
3018 http cache math-intrinsics@https://registry.npmjs.org/math-intrinsics/-/math-intrinsics-1.1.0.tgz 0ms (cache hit)
3019 http cache es-shim-unscopables@https://registry.npmjs.org/es-shim-unscopables/-/es-shim-unscopables-1.1.0.tgz 0ms (cache hit)
3020 http cache es-errors@https://registry.npmjs.org/es-errors/-/es-errors-1.3.0.tgz 0ms (cache hit)
3021 http cache is-string@https://registry.npmjs.org/is-string/-/is-string-1.1.1.tgz 0ms (cache hit)
3022 http cache get-intrinsic@https://registry.npmjs.org/get-intrinsic/-/get-intrinsic-1.3.0.tgz 0ms (cache hit)
3023 http cache es-object-atoms@https://registry.npmjs.org/es-object-atoms/-/es-object-atoms-1.1.2.tgz 0ms (cache hit)
3024 http cache es-abstract@https://registry.npmjs.org/es-abstract/-/es-abstract-1.24.2.tgz 0ms (cache hit)
3025 http cache define-properties@https://registry.npmjs.org/define-properties/-/define-properties-1.2.1.tgz 0ms (cache hit)
3026 http cache call-bound@https://registry.npmjs.org/call-bound/-/call-bound-1.0.4.tgz 0ms (cache hit)
3027 http cache call-bind@https://registry.npmjs.org/call-bind/-/call-bind-1.0.9.tgz 0ms (cache hit)
3028 http cache object.fromentries@https://registry.npmjs.org/object.fromentries/-/object.fromentries-2.0.8.tgz 0ms (cache hit)
3029 http cache string.prototype.matchall@https://registry.npmjs.org/string.prototype.matchall/-/string.prototype.matchall-4.0.12.tgz 0ms (cache hit)
3030 http cache string.prototype.repeat@https://registry.npmjs.org/string.prototype.repeat/-/string.prototype.repeat-1.0.0.tgz 0ms (cache hit)
3031 http cache object.entries@https://registry.npmjs.org/object.entries/-/object.entries-1.1.9.tgz 0ms (cache hit)
3032 http cache jsx-ast-utils@https://registry.npmjs.org/jsx-ast-utils/-/jsx-ast-utils-3.3.5.tgz 0ms (cache hit)
3033 http cache object.values@https://registry.npmjs.org/object.values/-/object.values-1.2.1.tgz 0ms (cache hit)
3034 http cache estraverse@https://registry.npmjs.org/estraverse/-/estraverse-5.3.0.tgz 0ms (cache hit)
3035 http cache es-iterator-helpers@https://registry.npmjs.org/es-iterator-helpers/-/es-iterator-helpers-1.3.3.tgz 0ms (cache hit)
3036 http cache hasown@https://registry.npmjs.org/hasown/-/hasown-2.0.4.tgz 0ms (cache hit)
3037 http cache array.prototype.flatmap@https://registry.npmjs.org/array.prototype.flatmap/-/array.prototype.flatmap-1.3.3.tgz 0ms (cache hit)
3038 http cache doctrine@https://registry.npmjs.org/doctrine/-/doctrine-2.1.0.tgz 0ms (cache hit)
3039 http cache array.prototype.findlast@https://registry.npmjs.org/array.prototype.findlast/-/array.prototype.findlast-1.2.5.tgz 0ms (cache hit)
3040 http cache array.prototype.tosorted@https://registry.npmjs.org/array.prototype.tosorted/-/array.prototype.tosorted-1.1.4.tgz 0ms (cache hit)
3041 http cache which@https://registry.npmjs.org/which/-/which-2.0.2.tgz 0ms (cache hit)
3042 http cache array-includes@https://registry.npmjs.org/array-includes/-/array-includes-3.1.9.tgz 0ms (cache hit)
3043 http cache shebang-command@https://registry.npmjs.org/shebang-command/-/shebang-command-2.0.0.tgz 0ms (cache hit)
3044 http cache path-key@https://registry.npmjs.org/path-key/-/path-key-3.1.1.tgz 0ms (cache hit)
3045 http cache color-convert@https://registry.npmjs.org/color-convert/-/color-convert-2.0.1.tgz 0ms (cache hit)
3046 http cache color-name@https://registry.npmjs.org/color-name/-/color-name-1.1.4.tgz 0ms (cache hit)
3047 http cache supports-color@https://registry.npmjs.org/supports-color/-/supports-color-7.2.0.tgz 0ms (cache hit)
3048 http cache ansi-styles@https://registry.npmjs.org/ansi-styles/-/ansi-styles-4.3.0.tgz 0ms (cache hit)
3049 http cache fast-json-stable-stringify@https://registry.npmjs.org/fast-json-stable-stringify/-/fast-json-stable-stringify-2.1.0.tgz 0ms (cache hit)
3050 http cache uri-js@https://registry.npmjs.org/uri-js/-/uri-js-4.4.1.tgz 0ms (cache hit)
3051 http cache json-schema-traverse@https://registry.npmjs.org/json-schema-traverse/-/json-schema-traverse-0.4.1.tgz 0ms (cache hit)
3052 http cache @humanfs/core@https://registry.npmjs.org/@humanfs/core/-/core-0.19.2.tgz 0ms (cache hit)
3053 http cache levn@https://registry.npmjs.org/levn/-/levn-0.4.1.tgz 0ms (cache hit)
3054 http cache globals@https://registry.npmjs.org/globals/-/globals-14.0.0.tgz 0ms (cache hit)
3055 http cache strip-json-comments@https://registry.npmjs.org/strip-json-comments/-/strip-json-comments-3.1.1.tgz 0ms (cache hit)
3056 http cache js-yaml@https://registry.npmjs.org/js-yaml/-/js-yaml-4.3.0.tgz 0ms (cache hit)
3057 http cache @eslint/object-schema@https://registry.npmjs.org/@eslint/object-schema/-/object-schema-2.1.7.tgz 0ms (cache hit)
3058 http cache @types/json-schema@https://registry.npmjs.org/@types/json-schema/-/json-schema-7.0.15.tgz 0ms (cache hit)
3059 http cache optionator@https://registry.npmjs.org/optionator/-/optionator-0.9.4.tgz 0ms (cache hit)
3060 http cache minimatch@https://registry.npmjs.org/minimatch/-/minimatch-3.1.5.tgz 0ms (cache hit)
3061 http cache natural-compare@https://registry.npmjs.org/natural-compare/-/natural-compare-1.4.0.tgz 0ms (cache hit)
3062 http cache lodash.merge@https://registry.npmjs.org/lodash.merge/-/lodash.merge-4.6.2.tgz 0ms (cache hit)
3063 http cache @humanfs/types@https://registry.npmjs.org/@humanfs/types/-/types-0.15.0.tgz 0ms (cache hit)
3064 http cache ignore@https://registry.npmjs.org/ignore/-/ignore-5.3.2.tgz 0ms (cache hit)
3065 http cache is-glob@https://registry.npmjs.org/is-glob/-/is-glob-4.0.3.tgz 0ms (cache hit)
3066 http cache json-stable-stringify-without-jsonify@https://registry.npmjs.org/json-stable-stringify-without-jsonify/-/json-stable-stringify-without-jsonify-1.0.1.tgz 0ms (cache hit)
3067 http cache glob-parent@https://registry.npmjs.org/glob-parent/-/glob-parent-6.0.2.tgz 0ms (cache hit)
3068 http cache find-up@https://registry.npmjs.org/find-up/-/find-up-5.0.0.tgz 0ms (cache hit)
3069 http cache fast-deep-equal@https://registry.npmjs.org/fast-deep-equal/-/fast-deep-equal-3.1.3.tgz 0ms (cache hit)
3070 http cache file-entry-cache@https://registry.npmjs.org/file-entry-cache/-/file-entry-cache-8.0.0.tgz 0ms (cache hit)
3071 http cache esutils@https://registry.npmjs.org/esutils/-/esutils-2.0.3.tgz 0ms (cache hit)
3072 http cache espree@https://registry.npmjs.org/espree/-/espree-10.4.0.tgz 0ms (cache hit)
3073 http cache imurmurhash@https://registry.npmjs.org/imurmurhash/-/imurmurhash-0.1.4.tgz 0ms (cache hit)
3074 http cache eslint-visitor-keys@https://registry.npmjs.org/eslint-visitor-keys/-/eslint-visitor-keys-4.2.1.tgz 0ms (cache hit)
3075 http cache eslint-scope@https://registry.npmjs.org/eslint-scope/-/eslint-scope-8.4.0.tgz 0ms (cache hit)
3076 http cache esquery@https://registry.npmjs.org/esquery/-/esquery-1.7.0.tgz 0ms (cache hit)
3077 http cache chalk@https://registry.npmjs.org/chalk/-/chalk-4.1.2.tgz 0ms (cache hit)
3078 http cache cross-spawn@https://registry.npmjs.org/cross-spawn/-/cross-spawn-7.0.6.tgz 0ms (cache hit)
3079 http cache ajv@https://registry.npmjs.org/ajv/-/ajv-6.15.0.tgz 0ms (cache hit)
3080 http cache @humanwhocodes/retry@https://registry.npmjs.org/@humanwhocodes/retry/-/retry-0.4.3.tgz 0ms (cache hit)
3081 http cache @humanfs/node@https://registry.npmjs.org/@humanfs/node/-/node-0.16.8.tgz 0ms (cache hit)
3082 http cache @types/estree@https://registry.npmjs.org/@types/estree/-/estree-1.0.9.tgz 0ms (cache hit)
3083 http cache @humanwhocodes/module-importer@https://registry.npmjs.org/@humanwhocodes/module-importer/-/module-importer-1.0.1.tgz 0ms (cache hit)
3084 http cache @eslint/eslintrc@https://registry.npmjs.org/@eslint/eslintrc/-/eslintrc-3.3.5.tgz 0ms (cache hit)
3085 http cache @eslint-community/regexpp@https://registry.npmjs.org/@eslint-community/regexpp/-/regexpp-4.12.2.tgz 0ms (cache hit)
3086 http cache @eslint/plugin-kit@https://registry.npmjs.org/@eslint/plugin-kit/-/plugin-kit-0.4.1.tgz 0ms (cache hit)
3087 http cache @eslint/core@https://registry.npmjs.org/@eslint/core/-/core-0.17.0.tgz 0ms (cache hit)
3088 http cache @eslint/config-array@https://registry.npmjs.org/@eslint/config-array/-/config-array-0.21.2.tgz 0ms (cache hit)
3089 http cache @eslint/config-helpers@https://registry.npmjs.org/@eslint/config-helpers/-/config-helpers-0.4.2.tgz 0ms (cache hit)
3090 http cache @eslint-community/eslint-utils@https://registry.npmjs.org/@eslint-community/eslint-utils/-/eslint-utils-4.9.1.tgz 0ms (cache hit)
3091 http cache yaml@https://registry.npmjs.org/yaml/-/yaml-1.10.3.tgz 0ms (cache hit)
3092 http cache parse-json@https://registry.npmjs.org/parse-json/-/parse-json-5.2.0.tgz 0ms (cache hit)
3093 http cache path-type@https://registry.npmjs.org/path-type/-/path-type-4.0.0.tgz 0ms (cache hit)
3094 http cache @types/parse-json@https://registry.npmjs.org/@types/parse-json/-/parse-json-4.0.2.tgz 0ms (cache hit)
3095 http cache ms@https://registry.npmjs.org/ms/-/ms-2.1.3.tgz 0ms (cache hit)
3096 http cache import-fresh@https://registry.npmjs.org/import-fresh/-/import-fresh-3.3.1.tgz 0ms (cache hit)
3097 http cache @kurkle/color@https://registry.npmjs.org/@kurkle/color/-/color-0.3.4.tgz 0ms (cache hit)
3098 http cache update-browserslist-db@https://registry.npmjs.org/update-browserslist-db/-/update-browserslist-db-1.2.3.tgz 0ms (cache hit)
3099 http cache node-releases@https://registry.npmjs.org/node-releases/-/node-releases-2.0.50.tgz 0ms (cache hit)
3100 http cache baseline-browser-mapping@https://registry.npmjs.org/baseline-browser-mapping/-/baseline-browser-mapping-2.10.41.tgz 0ms (cache hit)
3101 http cache electron-to-chromium@https://registry.npmjs.org/electron-to-chromium/-/electron-to-chromium-1.5.384.tgz 0ms (cache hit)
3102 http cache @types/babel__template@https://registry.npmjs.org/@types/babel__template/-/babel__template-7.4.4.tgz 0ms (cache hit)
3103 http cache @types/babel__traverse@https://registry.npmjs.org/@types/babel__traverse/-/babel__traverse-7.28.0.tgz 0ms (cache hit)
3104 http cache @types/babel__generator@https://registry.npmjs.org/@types/babel__generator/-/babel__generator-7.27.0.tgz 0ms (cache hit)
3105 http cache resolve@https://registry.npmjs.org/resolve/-/resolve-1.22.12.tgz 1ms (cache hit)
3106 http cache caniuse-lite@https://registry.npmjs.org/caniuse-lite/-/caniuse-lite-1.0.30001800.tgz 0ms (cache hit)
3107 http cache @babel/helper-plugin-utils@https://registry.npmjs.org/@babel/helper-plugin-utils/-/helper-plugin-utils-7.29.7.tgz 0ms (cache hit)
3108 http cache cosmiconfig@https://registry.npmjs.org/cosmiconfig/-/cosmiconfig-7.1.0.tgz 0ms (cache hit)
3109 http cache @babel/helper-validator-option@https://registry.npmjs.org/@babel/helper-validator-option/-/helper-validator-option-7.29.7.tgz 0ms (cache hit)
3110 http cache lru-cache@https://registry.npmjs.org/lru-cache/-/lru-cache-5.1.1.tgz 0ms (cache hit)
3111 http cache browserslist@https://registry.npmjs.org/browserslist/-/browserslist-4.28.4.tgz 0ms (cache hit)
3112 http cache @jridgewell/remapping@https://registry.npmjs.org/@jridgewell/remapping/-/remapping-2.3.5.tgz 0ms (cache hit)
3113 http cache @babel/compat-data@https://registry.npmjs.org/@babel/compat-data/-/compat-data-7.29.7.tgz 0ms (cache hit)
3114 http cache json5@https://registry.npmjs.org/json5/-/json5-2.2.3.tgz 0ms (cache hit)
3115 http cache semver@https://registry.npmjs.org/semver/-/semver-6.3.1.tgz 1ms (cache hit)
3116 http cache gensync@https://registry.npmjs.org/gensync/-/gensync-1.0.0-beta.2.tgz 0ms (cache hit)
3117 http cache @babel/helpers@https://registry.npmjs.org/@babel/helpers/-/helpers-7.29.7.tgz 0ms (cache hit)
3118 http cache react-refresh@https://registry.npmjs.org/react-refresh/-/react-refresh-0.17.0.tgz 0ms (cache hit)
3119 http cache @rolldown/pluginutils@https://registry.npmjs.org/@rolldown/pluginutils/-/pluginutils-1.0.0-beta.27.tgz 0ms (cache hit)
3120 http cache @babel/helper-module-transforms@https://registry.npmjs.org/@babel/helper-module-transforms/-/helper-module-transforms-7.29.7.tgz 0ms (cache hit)
3121 http cache @types/babel__core@https://registry.npmjs.org/@types/babel__core/-/babel__core-7.20.5.tgz 0ms (cache hit)
3122 http cache @babel/helper-compilation-targets@https://registry.npmjs.org/@babel/helper-compilation-targets/-/helper-compilation-targets-7.29.7.tgz 0ms (cache hit)
3123 http cache @types/prop-types@https://registry.npmjs.org/@types/prop-types/-/prop-types-15.7.15.tgz 0ms (cache hit)
3124 http cache @babel/plugin-transform-react-jsx-source@https://registry.npmjs.org/@babel/plugin-transform-react-jsx-source/-/plugin-transform-react-jsx-source-7.29.7.tgz 0ms (cache hit)
3125 http cache @babel/core@https://registry.npmjs.org/@babel/core/-/core-7.29.7.tgz 0ms (cache hit)
3126 http cache @babel/plugin-transform-react-jsx-self@https://registry.npmjs.org/@babel/plugin-transform-react-jsx-self/-/plugin-transform-react-jsx-self-7.29.7.tgz 0ms (cache hit)
3127 http cache @mui/styled-engine@https://registry.npmjs.org/@mui/styled-engine/-/styled-engine-6.5.0.tgz 0ms (cache hit)
3128 http cache react-transition-group@https://registry.npmjs.org/react-transition-group/-/react-transition-group-4.4.5.tgz 0ms (cache hit)
3129 http cache @popperjs/core@https://registry.npmjs.org/@popperjs/core/-/core-2.11.8.tgz 0ms (cache hit)
3130 http cache @types/react-transition-group@https://registry.npmjs.org/@types/react-transition-group/-/react-transition-group-4.4.12.tgz 0ms (cache hit)
3131 http cache @mui/private-theming@https://registry.npmjs.org/@mui/private-theming/-/private-theming-6.4.9.tgz 0ms (cache hit)
3132 http cache @mui/types@https://registry.npmjs.org/@mui/types/-/types-7.2.24.tgz 0ms (cache hit)
3133 http cache @mui/utils@https://registry.npmjs.org/@mui/utils/-/utils-6.4.9.tgz 1ms (cache hit)
3134 http cache @mui/core-downloads-tracker@https://registry.npmjs.org/@mui/core-downloads-tracker/-/core-downloads-tracker-6.5.0.tgz 0ms (cache hit)
3135 http cache prop-types@https://registry.npmjs.org/prop-types/-/prop-types-15.8.1.tgz 0ms (cache hit)
3136 http cache react-is@https://registry.npmjs.org/react-is/-/react-is-19.2.7.tgz 0ms (cache hit)
3137 http cache clsx@https://registry.npmjs.org/clsx/-/clsx-2.1.1.tgz 0ms (cache hit)
3138 http cache @mui/system@https://registry.npmjs.org/@mui/system/-/system-6.5.0.tgz 0ms (cache hit)
3139 http cache @emotion/is-prop-valid@https://registry.npmjs.org/@emotion/is-prop-valid/-/is-prop-valid-1.4.0.tgz 0ms (cache hit)
3140 http cache @jridgewell/sourcemap-codec@https://registry.npmjs.org/@jridgewell/sourcemap-codec/-/sourcemap-codec-1.5.5.tgz 0ms (cache hit)
3141 http cache @babel/helper-string-parser@https://registry.npmjs.org/@babel/helper-string-parser/-/helper-string-parser-7.29.7.tgz 0ms (cache hit)
3142 http cache @jridgewell/resolve-uri@https://registry.npmjs.org/@jridgewell/resolve-uri/-/resolve-uri-3.1.2.tgz 0ms (cache hit)
3143 http cache csstype@https://registry.npmjs.org/csstype/-/csstype-3.2.3.tgz 0ms (cache hit)
3144 http cache @emotion/unitless@https://registry.npmjs.org/@emotion/unitless/-/unitless-0.10.0.tgz 0ms (cache hit)
3145 http cache jsesc@https://registry.npmjs.org/jsesc/-/jsesc-3.1.0.tgz 0ms (cache hit)
3146 http cache @emotion/sheet@https://registry.npmjs.org/@emotion/sheet/-/sheet-1.4.0.tgz 0ms (cache hit)
3147 http cache @jridgewell/gen-mapping@https://registry.npmjs.org/@jridgewell/gen-mapping/-/gen-mapping-0.3.13.tgz 0ms (cache hit)
3148 http cache picocolors@https://registry.npmjs.org/picocolors/-/picocolors-1.1.1.tgz 0ms (cache hit)
3149 http cache js-tokens@https://registry.npmjs.org/js-tokens/-/js-tokens-4.0.0.tgz 0ms (cache hit)
3150 http cache @jridgewell/trace-mapping@https://registry.npmjs.org/@jridgewell/trace-mapping/-/trace-mapping-0.3.31.tgz 0ms (cache hit)
3151 http cache @babel/template@https://registry.npmjs.org/@babel/template/-/template-7.29.7.tgz 0ms (cache hit)
3152 http cache debug@https://registry.npmjs.org/debug/-/debug-4.4.3.tgz 0ms (cache hit)
3153 http cache @babel/helper-validator-identifier@https://registry.npmjs.org/@babel/helper-validator-identifier/-/helper-validator-identifier-7.29.7.tgz 0ms (cache hit)
3154 http cache @babel/parser@https://registry.npmjs.org/@babel/parser/-/parser-7.29.7.tgz 0ms (cache hit)
3155 http cache @babel/code-frame@https://registry.npmjs.org/@babel/code-frame/-/code-frame-7.29.7.tgz 0ms (cache hit)
3156 http cache @babel/generator@https://registry.npmjs.org/@babel/generator/-/generator-7.29.7.tgz 0ms (cache hit)
3157 http cache @babel/types@https://registry.npmjs.org/@babel/types/-/types-7.29.7.tgz 0ms (cache hit)
3158 http cache @babel/helper-globals@https://registry.npmjs.org/@babel/helper-globals/-/helper-globals-7.29.7.tgz 0ms (cache hit)
3159 http cache @babel/traverse@https://registry.npmjs.org/@babel/traverse/-/traverse-7.29.7.tgz 0ms (cache hit)
3160 http cache stylis@https://registry.npmjs.org/stylis/-/stylis-4.2.0.tgz 0ms (cache hit)
3161 http cache escape-string-regexp@https://registry.npmjs.org/escape-string-regexp/-/escape-string-regexp-4.0.0.tgz 0ms (cache hit)
3162 http cache convert-source-map@https://registry.npmjs.org/convert-source-map/-/convert-source-map-1.9.0.tgz 0ms (cache hit)
3163 http cache source-map@https://registry.npmjs.org/source-map/-/source-map-0.5.7.tgz 0ms (cache hit)
3164 http cache find-root@https://registry.npmjs.org/find-root/-/find-root-1.1.0.tgz 0ms (cache hit)
3165 http cache hoist-non-react-statics@https://registry.npmjs.org/hoist-non-react-statics/-/hoist-non-react-statics-3.3.2.tgz 0ms (cache hit)
3166 http cache @babel/helper-module-imports@https://registry.npmjs.org/@babel/helper-module-imports/-/helper-module-imports-7.29.7.tgz 0ms (cache hit)
3167 http cache babel-plugin-macros@https://registry.npmjs.org/babel-plugin-macros/-/babel-plugin-macros-3.1.0.tgz 0ms (cache hit)
3168 http cache @emotion/hash@https://registry.npmjs.org/@emotion/hash/-/hash-0.9.2.tgz 0ms (cache hit)
3169 http cache @emotion/memoize@https://registry.npmjs.org/@emotion/memoize/-/memoize-0.9.0.tgz 0ms (cache hit)
3170 http cache @emotion/weak-memoize@https://registry.npmjs.org/@emotion/weak-memoize/-/weak-memoize-0.4.0.tgz 0ms (cache hit)
3171 http cache @emotion/utils@https://registry.npmjs.org/@emotion/utils/-/utils-1.4.2.tgz 0ms (cache hit)
3172 http cache xlsx@https://registry.npmjs.org/xlsx/-/xlsx-0.18.5.tgz 0ms (cache hit)
3173 http cache @emotion/use-insertion-effect-with-fallbacks@https://registry.npmjs.org/@emotion/use-insertion-effect-with-fallbacks/-/use-insertion-effect-with-fallbacks-1.2.0.tgz 0ms (cache hit)
3174 http cache @babel/runtime@https://registry.npmjs.org/@babel/runtime/-/runtime-7.29.7.tgz 0ms (cache hit)
3175 http cache @emotion/babel-plugin@https://registry.npmjs.org/@emotion/babel-plugin/-/babel-plugin-11.13.5.tgz 0ms (cache hit)
3176 http cache @emotion/cache@https://registry.npmjs.org/@emotion/cache/-/cache-11.14.0.tgz 0ms (cache hit)
3177 http cache @emotion/serialize@https://registry.npmjs.org/@emotion/serialize/-/serialize-1.3.3.tgz 0ms (cache hit)
3178 http cache firebase@https://registry.npmjs.org/firebase/-/firebase-11.10.0.tgz 0ms (cache hit)
3179 http cache react-router-dom@https://registry.npmjs.org/react-router-dom/-/react-router-dom-6.30.4.tgz 0ms (cache hit)
3180 http cache react-chartjs-2@https://registry.npmjs.org/react-chartjs-2/-/react-chartjs-2-5.3.1.tgz 0ms (cache hit)
3181 http cache eslint-plugin-react-refresh@https://registry.npmjs.org/eslint-plugin-react-refresh/-/eslint-plugin-react-refresh-0.4.26.tgz 0ms (cache hit)
3182 http cache eslint-plugin-react@https://registry.npmjs.org/eslint-plugin-react/-/eslint-plugin-react-7.37.5.tgz 0ms (cache hit)
3183 http cache eslint-plugin-react-hooks@https://registry.npmjs.org/eslint-plugin-react-hooks/-/eslint-plugin-react-hooks-5.2.0.tgz 0ms (cache hit)
3184 http cache @vitejs/plugin-react@https://registry.npmjs.org/@vitejs/plugin-react/-/plugin-react-4.7.0.tgz 0ms (cache hit)
3185 http cache @mui/material@https://registry.npmjs.org/@mui/material/-/material-6.5.0.tgz 0ms (cache hit)
3186 http cache eslint@https://registry.npmjs.org/eslint/-/eslint-9.39.4.tgz 0ms (cache hit)
3187 http cache chart.js@https://registry.npmjs.org/chart.js/-/chart.js-4.5.1.tgz 0ms (cache hit)
3188 http cache vite@https://registry.npmjs.org/vite/-/vite-5.4.21.tgz 0ms (cache hit)
3189 http cache react-dom@https://registry.npmjs.org/react-dom/-/react-dom-18.3.1.tgz 0ms (cache hit)
3190 http cache @types/react-dom@https://registry.npmjs.org/@types/react-dom/-/react-dom-18.3.7.tgz 0ms (cache hit)
3191 http cache @types/react@https://registry.npmjs.org/@types/react/-/react-18.3.31.tgz 0ms (cache hit)
3192 http cache @eslint/js@https://registry.npmjs.org/@eslint/js/-/js-9.39.4.tgz 0ms (cache hit)
3193 http cache react@https://registry.npmjs.org/react/-/react-18.3.1.tgz 0ms (cache hit)
3194 http cache @mui/icons-material@https://registry.npmjs.org/@mui/icons-material/-/icons-material-6.5.0.tgz 0ms (cache hit)
3195 http cache @emotion/react@https://registry.npmjs.org/@emotion/react/-/react-11.14.0.tgz 0ms (cache hit)
3196 http cache @firebase/auth@https://registry.npmjs.org/@firebase/auth/-/auth-1.10.8.tgz 0ms (cache hit)
3197 http cache @emotion/styled@https://registry.npmjs.org/@emotion/styled/-/styled-11.14.1.tgz 0ms (cache hit)
3198 http cache convert-source-map@https://registry.npmjs.org/convert-source-map/-/convert-source-map-2.0.0.tgz 0ms (cache hit)
3199 http cache eslint-visitor-keys@https://registry.npmjs.org/eslint-visitor-keys/-/eslint-visitor-keys-3.4.3.tgz 0ms (cache hit)
3200 http cache react-is@https://registry.npmjs.org/react-is/-/react-is-16.13.1.tgz 0ms (cache hit)
3201 http cache resolve@https://registry.npmjs.org/resolve/-/resolve-2.0.0-next.7.tgz 1ms (cache hit)
3202 http cache @firebase/auth@https://registry.npmjs.org/@firebase/auth/-/auth-1.10.8.tgz 0ms (cache hit)
3203 silly tarball no local data for ansi-regex@https://registry.npmjs.org/ansi-regex/-/ansi-regex-5.0.1.tgz. Extracting by manifest.
3204 silly tarball no local data for node-exports-info@https://registry.npmjs.org/node-exports-info/-/node-exports-info-1.6.2.tgz. Extracting by manifest.
3205 http cache react-is@https://registry.npmjs.org/react-is/-/react-is-16.13.1.tgz 0ms (cache hit)
3206 silly tarball no local data for yargs-parser@https://registry.npmjs.org/yargs-parser/-/yargs-parser-21.1.1.tgz. Extracting by manifest.
3207 silly tarball no local data for emoji-regex@https://registry.npmjs.org/emoji-regex/-/emoji-regex-8.0.0.tgz. Extracting by manifest.
3208 silly tarball no local data for is-fullwidth-code-point@https://registry.npmjs.org/is-fullwidth-code-point/-/is-fullwidth-code-point-3.0.0.tgz. Extracting by manifest.
3209 silly tarball no local data for wrap-ansi@https://registry.npmjs.org/wrap-ansi/-/wrap-ansi-7.0.0.tgz. Extracting by manifest.
3210 silly tarball no local data for strip-ansi@https://registry.npmjs.org/strip-ansi/-/strip-ansi-6.0.1.tgz. Extracting by manifest.
3211 silly tarball no local data for require-directory@https://registry.npmjs.org/require-directory/-/require-directory-2.1.1.tgz. Extracting by manifest.
3212 silly tarball no local data for y18n@https://registry.npmjs.org/y18n/-/y18n-5.0.8.tgz. Extracting by manifest.
3213 silly tarball no local data for string-width@https://registry.npmjs.org/string-width/-/string-width-4.2.3.tgz. Extracting by manifest.
3214 silly tarball no local data for get-caller-file@https://registry.npmjs.org/get-caller-file/-/get-caller-file-2.0.5.tgz. Extracting by manifest.
3215 silly tarball no local data for frac@https://registry.npmjs.org/frac/-/frac-1.1.2.tgz. Extracting by manifest.
3216 silly tarball no local data for word@https://registry.npmjs.org/word/-/word-0.3.0.tgz. Extracting by manifest.
3217 silly tarball no local data for cliui@https://registry.npmjs.org/cliui/-/cliui-8.0.1.tgz. Extracting by manifest.
3218 silly tarball no local data for crc-32@https://registry.npmjs.org/crc-32/-/crc-32-1.2.2.tgz. Extracting by manifest.
3219 silly tarball no local data for wmf@https://registry.npmjs.org/wmf/-/wmf-1.0.2.tgz. Extracting by manifest.
3220 silly tarball no local data for codepage@https://registry.npmjs.org/codepage/-/codepage-1.15.0.tgz. Extracting by manifest.
3221 silly tarball no local data for adler-32@https://registry.npmjs.org/adler-32/-/adler-32-1.3.1.tgz. Extracting by manifest.
3222 silly tarball no local data for cfb@https://registry.npmjs.org/cfb/-/cfb-1.2.2.tgz. Extracting by manifest.
3223 silly tarball no local data for is-weakset@https://registry.npmjs.org/is-weakset/-/is-weakset-2.0.4.tgz. Extracting by manifest.
3224 silly tarball no local data for is-map@https://registry.npmjs.org/is-map/-/is-map-2.0.3.tgz. Extracting by manifest.
3225 silly tarball no local data for ssf@https://registry.npmjs.org/ssf/-/ssf-0.11.2.tgz. Extracting by manifest.
3226 silly tarball no local data for generator-function@https://registry.npmjs.org/generator-function/-/generator-function-2.0.1.tgz. Extracting by manifest.
3227 silly tarball no local data for is-generator-function@https://registry.npmjs.org/is-generator-function/-/is-generator-function-1.1.2.tgz. Extracting by manifest.
3228 silly tarball no local data for is-weakmap@https://registry.npmjs.org/is-weakmap/-/is-weakmap-2.0.2.tgz. Extracting by manifest.
3229 silly tarball no local data for which-collection@https://registry.npmjs.org/which-collection/-/which-collection-1.0.2.tgz. Extracting by manifest.
3230 silly tarball no local data for async-function@https://registry.npmjs.org/async-function/-/async-function-1.0.0.tgz. Extracting by manifest.
3231 silly tarball no local data for is-async-function@https://registry.npmjs.org/is-async-function/-/is-async-function-2.1.1.tgz. Extracting by manifest.
3232 silly tarball no local data for is-bigint@https://registry.npmjs.org/is-bigint/-/is-bigint-1.1.0.tgz. Extracting by manifest.
3233 silly tarball no local data for is-boolean-object@https://registry.npmjs.org/is-boolean-object/-/is-boolean-object-1.2.2.tgz. Extracting by manifest.
3234 silly tarball no local data for is-finalizationregistry@https://registry.npmjs.org/is-finalizationregistry/-/is-finalizationregistry-1.1.1.tgz. Extracting by manifest.
3235 silly tarball no local data for http-parser-js@https://registry.npmjs.org/http-parser-js/-/http-parser-js-0.5.10.tgz. Extracting by manifest.
3236 silly tarball no local data for websocket-extensions@https://registry.npmjs.org/websocket-extensions/-/websocket-extensions-0.1.4.tgz. Extracting by manifest.
3237 silly tarball no local data for isexe@https://registry.npmjs.org/isexe/-/isexe-2.0.0.tgz. Extracting by manifest.
3238 silly tarball no local data for is-number-object@https://registry.npmjs.org/is-number-object/-/is-number-object-1.1.1.tgz. Extracting by manifest.
3239 silly tarball no local data for safe-buffer@https://registry.npmjs.org/safe-buffer/-/safe-buffer-5.2.1.tgz. Extracting by manifest.
3240 silly tarball no local data for nanoid@https://registry.npmjs.org/nanoid/-/nanoid-3.3.15.tgz. Extracting by manifest.
3241 silly tarball no local data for source-map-js@https://registry.npmjs.org/source-map-js/-/source-map-js-1.2.1.tgz. Extracting by manifest.
3242 silly tarball no local data for @rollup/rollup-win32-x64-msvc@https://registry.npmjs.org/@rollup/rollup-win32-x64-msvc/-/rollup-win32-x64-msvc-4.62.2.tgz. Extracting by manifest.
3243 silly tarball no local data for rollup@https://registry.npmjs.org/rollup/-/rollup-4.62.2.tgz. Extracting by manifest.
3244 silly tarball no local data for @esbuild/win32-x64@https://registry.npmjs.org/@esbuild/win32-x64/-/win32-x64-0.21.5.tgz. Extracting by manifest.
3245 silly tarball no local data for esbuild@https://registry.npmjs.org/esbuild/-/esbuild-0.21.5.tgz. Extracting by manifest.
3246 silly tarball no local data for @rollup/rollup-win32-x64-gnu@https://registry.npmjs.org/@rollup/rollup-win32-x64-gnu/-/rollup-win32-x64-gnu-4.62.2.tgz. Extracting by manifest.
3247 silly tarball no local data for which-boxed-primitive@https://registry.npmjs.org/which-boxed-primitive/-/which-boxed-primitive-1.1.1.tgz. Extracting by manifest.
3248 silly tarball no local data for escalade@https://registry.npmjs.org/escalade/-/escalade-3.2.0.tgz. Extracting by manifest.
3249 silly tarball no local data for postcss@https://registry.npmjs.org/postcss/-/postcss-8.5.16.tgz. Extracting by manifest.
3250 silly tarball no local data for punycode@https://registry.npmjs.org/punycode/-/punycode-2.3.1.tgz. Extracting by manifest.
3251 silly tarball no local data for has-bigints@https://registry.npmjs.org/has-bigints/-/has-bigints-1.1.0.tgz. Extracting by manifest.
3252 silly tarball no local data for for-each@https://registry.npmjs.org/for-each/-/for-each-0.3.5.tgz. Extracting by manifest.
3253 silly tarball no local data for side-channel-weakmap@https://registry.npmjs.org/side-channel-weakmap/-/side-channel-weakmap-1.0.2.tgz. Extracting by manifest.
3254 silly tarball no local data for which-builtin-type@https://registry.npmjs.org/which-builtin-type/-/which-builtin-type-1.2.1.tgz. Extracting by manifest.
3255 silly tarball no local data for side-channel-map@https://registry.npmjs.org/side-channel-map/-/side-channel-map-1.0.1.tgz. Extracting by manifest.
3256 silly tarball no local data for reflect.getprototypeof@https://registry.npmjs.org/reflect.getprototypeof/-/reflect.getprototypeof-1.0.10.tgz. Extracting by manifest.
3257 silly tarball no local data for shebang-regex@https://registry.npmjs.org/shebang-regex/-/shebang-regex-3.0.0.tgz. Extracting by manifest.
3258 silly tarball no local data for has-flag@https://registry.npmjs.org/has-flag/-/has-flag-4.0.0.tgz. Extracting by manifest.
3259 silly tarball no local data for side-channel-list@https://registry.npmjs.org/side-channel-list/-/side-channel-list-1.0.1.tgz. Extracting by manifest.
3260 silly tarball no local data for supports-preserve-symlinks-flag@https://registry.npmjs.org/supports-preserve-symlinks-flag/-/supports-preserve-symlinks-flag-1.0.0.tgz. Extracting by manifest.
3261 silly tarball no local data for path-parse@https://registry.npmjs.org/path-parse/-/path-parse-1.0.7.tgz. Extracting by manifest.
3262 silly tarball no local data for isarray@https://registry.npmjs.org/isarray/-/isarray-2.0.5.tgz. Extracting by manifest.
3263 silly tarball no local data for dom-helpers@https://registry.npmjs.org/dom-helpers/-/dom-helpers-5.2.1.tgz. Extracting by manifest.
3264 silly tarball no local data for is-core-module@https://registry.npmjs.org/is-core-module/-/is-core-module-2.16.2.tgz. Extracting by manifest.
3265 silly tarball no local data for react-router@https://registry.npmjs.org/react-router/-/react-router-6.30.4.tgz. Extracting by manifest.
3266 silly tarball no local data for @remix-run/router@https://registry.npmjs.org/@remix-run/router/-/router-1.23.3.tgz. Extracting by manifest.
3267 silly tarball no local data for @protobufjs/path@https://registry.npmjs.org/@protobufjs/path/-/path-1.1.2.tgz. Extracting by manifest.
3268 silly tarball no local data for scheduler@https://registry.npmjs.org/scheduler/-/scheduler-0.23.2.tgz. Extracting by manifest.
3269 silly tarball no local data for @protobufjs/utf8@https://registry.npmjs.org/@protobufjs/utf8/-/utf8-1.1.1.tgz. Extracting by manifest.
3270 silly tarball no local data for @protobufjs/eventemitter@https://registry.npmjs.org/@protobufjs/eventemitter/-/eventemitter-1.1.1.tgz. Extracting by manifest.
3271 silly tarball no local data for @protobufjs/fetch@https://registry.npmjs.org/@protobufjs/fetch/-/fetch-1.1.1.tgz. Extracting by manifest.
3272 silly tarball no local data for @protobufjs/float@https://registry.npmjs.org/@protobufjs/float/-/float-1.0.2.tgz. Extracting by manifest.
3273 silly tarball no local data for @protobufjs/codegen@https://registry.npmjs.org/@protobufjs/codegen/-/codegen-2.0.5.tgz. Extracting by manifest.
3274 silly tarball no local data for @protobufjs/pool@https://registry.npmjs.org/@protobufjs/pool/-/pool-1.1.0.tgz. Extracting by manifest.
3275 silly tarball no local data for @protobufjs/base64@https://registry.npmjs.org/@protobufjs/base64/-/base64-1.1.2.tgz. Extracting by manifest.
3276 silly tarball no local data for is-arrayish@https://registry.npmjs.org/is-arrayish/-/is-arrayish-0.2.1.tgz. Extracting by manifest.
3277 silly tarball no local data for @protobufjs/aspromise@https://registry.npmjs.org/@protobufjs/aspromise/-/aspromise-1.1.2.tgz. Extracting by manifest.
3278 silly tarball no local data for object-assign@https://registry.npmjs.org/object-assign/-/object-assign-4.1.1.tgz. Extracting by manifest.
3279 silly tarball no local data for lines-and-columns@https://registry.npmjs.org/lines-and-columns/-/lines-and-columns-1.2.4.tgz. Extracting by manifest.
3280 silly tarball no local data for loose-envify@https://registry.npmjs.org/loose-envify/-/loose-envify-1.4.0.tgz. Extracting by manifest.
3281 silly tarball no local data for json-parse-even-better-errors@https://registry.npmjs.org/json-parse-even-better-errors/-/json-parse-even-better-errors-2.3.1.tgz. Extracting by manifest.
3282 silly tarball no local data for callsites@https://registry.npmjs.org/callsites/-/callsites-3.1.0.tgz. Extracting by manifest.
3283 silly tarball no local data for error-ex@https://registry.npmjs.org/error-ex/-/error-ex-1.3.4.tgz. Extracting by manifest.
3284 silly tarball no local data for yocto-queue@https://registry.npmjs.org/yocto-queue/-/yocto-queue-0.1.0.tgz. Extracting by manifest.
3285 silly tarball no local data for p-limit@https://registry.npmjs.org/p-limit/-/p-limit-3.1.0.tgz. Extracting by manifest.
3286 silly tarball no local data for word-wrap@https://registry.npmjs.org/word-wrap/-/word-wrap-1.2.5.tgz. Extracting by manifest.
3287 silly tarball no local data for fast-levenshtein@https://registry.npmjs.org/fast-levenshtein/-/fast-levenshtein-2.0.6.tgz. Extracting by manifest.
3288 silly tarball no local data for concat-map@https://registry.npmjs.org/concat-map/-/concat-map-0.0.1.tgz. Extracting by manifest.
3289 silly tarball no local data for brace-expansion@https://registry.npmjs.org/brace-expansion/-/brace-expansion-1.1.15.tgz. Extracting by manifest.
3290 silly tarball no local data for deep-is@https://registry.npmjs.org/deep-is/-/deep-is-0.1.4.tgz. Extracting by manifest.
3291 silly tarball no local data for balanced-match@https://registry.npmjs.org/balanced-match/-/balanced-match-1.0.2.tgz. Extracting by manifest.
3292 silly tarball no local data for yallist@https://registry.npmjs.org/yallist/-/yallist-3.1.1.tgz. Extracting by manifest.
3293 silly tarball no local data for p-locate@https://registry.npmjs.org/p-locate/-/p-locate-5.0.0.tgz. Extracting by manifest.
3294 silly tarball no local data for type-check@https://registry.npmjs.org/type-check/-/type-check-0.4.0.tgz. Extracting by manifest.
3295 silly tarball no local data for json-buffer@https://registry.npmjs.org/json-buffer/-/json-buffer-3.0.1.tgz. Extracting by manifest.
3296 silly tarball no local data for prelude-ls@https://registry.npmjs.org/prelude-ls/-/prelude-ls-1.2.1.tgz. Extracting by manifest.
3297 silly tarball no local data for argparse@https://registry.npmjs.org/argparse/-/argparse-2.0.1.tgz. Extracting by manifest.
3298 silly tarball no local data for is-extglob@https://registry.npmjs.org/is-extglob/-/is-extglob-2.1.1.tgz. Extracting by manifest.
3299 silly tarball no local data for set-function-name@https://registry.npmjs.org/set-function-name/-/set-function-name-2.0.2.tgz. Extracting by manifest.
3300 silly tarball no local data for array.prototype.flat@https://registry.npmjs.org/array.prototype.flat/-/array.prototype.flat-1.3.3.tgz. Extracting by manifest.
3301 silly tarball no local data for side-channel@https://registry.npmjs.org/side-channel/-/side-channel-1.1.1.tgz. Extracting by manifest.
3302 silly tarball no local data for parent-module@https://registry.npmjs.org/parent-module/-/parent-module-1.0.1.tgz. Extracting by manifest.
3303 silly tarball no local data for resolve-from@https://registry.npmjs.org/resolve-from/-/resolve-from-4.0.0.tgz. Extracting by manifest.
3304 silly tarball no local data for keyv@https://registry.npmjs.org/keyv/-/keyv-4.5.4.tgz. Extracting by manifest.
3305 silly tarball no local data for dunder-proto@https://registry.npmjs.org/dunder-proto/-/dunder-proto-1.0.1.tgz. Extracting by manifest.
3306 silly tarball no local data for websocket-driver@https://registry.npmjs.org/websocket-driver/-/websocket-driver-0.7.5.tgz. Extracting by manifest.
3307 silly tarball no local data for is-document.all@https://registry.npmjs.org/is-document.all/-/is-document.all-1.0.0.tgz. Extracting by manifest.
3308 silly tarball no local data for flatted@https://registry.npmjs.org/flatted/-/flatted-3.4.2.tgz. Extracting by manifest.
3309 silly tarball no local data for undici-types@https://registry.npmjs.org/undici-types/-/undici-types-8.3.0.tgz. Extracting by manifest.
3310 silly tarball no local data for functions-have-names@https://registry.npmjs.org/functions-have-names/-/functions-have-names-1.2.3.tgz. Extracting by manifest.
3311 silly tarball no local data for protobufjs@https://registry.npmjs.org/protobufjs/-/protobufjs-7.6.4.tgz. Extracting by manifest.
3312 silly tarball no local data for yargs@https://registry.npmjs.org/yargs/-/yargs-17.7.3.tgz. Extracting by manifest.
3313 silly tarball no local data for @firebase/storage-types@https://registry.npmjs.org/@firebase/storage-types/-/storage-types-0.8.3.tgz. Extracting by manifest.
3314 silly tarball no local data for long@https://registry.npmjs.org/long/-/long-5.3.2.tgz. Extracting by manifest.
3315 silly tarball no local data for web-vitals@https://registry.npmjs.org/web-vitals/-/web-vitals-4.2.4.tgz. Extracting by manifest.
3316 silly tarball no local data for @types/node@https://registry.npmjs.org/@types/node/-/node-26.1.0.tgz. Extracting by manifest.
3317 silly tarball no local data for lodash.camelcase@https://registry.npmjs.org/lodash.camelcase/-/lodash.camelcase-4.3.0.tgz. Extracting by manifest.
3318 silly tarball no local data for @firebase/performance-types@https://registry.npmjs.org/@firebase/performance-types/-/performance-types-0.2.3.tgz. Extracting by manifest.
3319 silly tarball no local data for @firebase/remote-config-types@https://registry.npmjs.org/@firebase/remote-config-types/-/remote-config-types-0.4.0.tgz. Extracting by manifest.
3320 silly tarball no local data for @firebase/functions-types@https://registry.npmjs.org/@firebase/functions-types/-/functions-types-0.6.3.tgz. Extracting by manifest.
3321 silly tarball no local data for @grpc/grpc-js@https://registry.npmjs.org/@grpc/grpc-js/-/grpc-js-1.9.16.tgz. Extracting by manifest.
3322 silly tarball no local data for @firebase/installations-types@https://registry.npmjs.org/@firebase/installations-types/-/installations-types-0.5.3.tgz. Extracting by manifest.
3323 silly tarball no local data for faye-websocket@https://registry.npmjs.org/faye-websocket/-/faye-websocket-0.11.4.tgz. Extracting by manifest.
3324 silly tarball no local data for @firebase/firestore-types@https://registry.npmjs.org/@firebase/firestore-types/-/firestore-types-3.0.3.tgz. Extracting by manifest.
3325 silly tarball no local data for @grpc/proto-loader@https://registry.npmjs.org/@grpc/proto-loader/-/proto-loader-0.7.15.tgz. Extracting by manifest.
3326 silly tarball no local data for @firebase/webchannel-wrapper@https://registry.npmjs.org/@firebase/webchannel-wrapper/-/webchannel-wrapper-1.0.3.tgz. Extracting by manifest.
3327 silly tarball no local data for @firebase/messaging-interop-types@https://registry.npmjs.org/@firebase/messaging-interop-types/-/messaging-interop-types-0.2.3.tgz. Extracting by manifest.
3328 silly tarball no local data for idb@https://registry.npmjs.org/idb/-/idb-7.1.1.tgz. Extracting by manifest.
3329 http fetch POST 200 https://registry.npmjs.org/-/npm/v1/security/advisories/bulk 1139ms
3330 silly audit report {
3330 silly audit report   vite: [
3330 silly audit report     {
3330 silly audit report       id: 1120784,
3330 silly audit report       url: 'https://github.com/advisories/GHSA-v6wh-96g9-6wx3',
3330 silly audit report       title: 'launch-editor: NTLMv2 hash disclosure via UNC path handling on Windows',
3330 silly audit report       severity: 'moderate',
3330 silly audit report       vulnerable_versions: '<=6.4.2',
3330 silly audit report       cwe: [Array],
3330 silly audit report       cvss: [Object]
3330 silly audit report     },
3330 silly audit report     {
3330 silly audit report       id: 1120789,
3330 silly audit report       url: 'https://github.com/advisories/GHSA-fx2h-pf6j-xcff',
3330 silly audit report       title: 'vite: `server.fs.deny` bypass on Windows alternate paths',
3330 silly audit report       severity: 'high',
3330 silly audit report       vulnerable_versions: '<=6.4.2',
3330 silly audit report       cwe: [Array],
3330 silly audit report       cvss: [Object]
3330 silly audit report     },
3330 silly audit report     {
3330 silly audit report       id: 1116229,
3330 silly audit report       url: 'https://github.com/advisories/GHSA-4w7w-66w2-5vf9',
3330 silly audit report       title: 'Vite Vulnerable to Path Traversal in Optimized Deps `.map` Handling',
3330 silly audit report       severity: 'moderate',
3330 silly audit report       vulnerable_versions: '<=6.4.1',
3330 silly audit report       cwe: [Array],
3330 silly audit report       cvss: [Object]
3330 silly audit report     }
3330 silly audit report   ],
3330 silly audit report   xlsx: [
3330 silly audit report     {
3330 silly audit report       id: 1108110,
3330 silly audit report       url: 'https://github.com/advisories/GHSA-4r6h-8v6p-xvw6',
3330 silly audit report       title: 'Prototype Pollution in sheetJS',
3330 silly audit report       severity: 'high',
3330 silly audit report       vulnerable_versions: '<0.19.3',
3330 silly audit report       cwe: [Array],
3330 silly audit report       cvss: [Object]
3330 silly audit report     },
3330 silly audit report     {
3330 silly audit report       id: 1108111,
3330 silly audit report       url: 'https://github.com/advisories/GHSA-5pgg-2g8v-p4x9',
3330 silly audit report       title: 'SheetJS Regular Expression Denial of Service (ReDoS)',
3330 silly audit report       severity: 'high',
3330 silly audit report       vulnerable_versions: '<0.20.2',
3330 silly audit report       cwe: [Array],
3330 silly audit report       cvss: [Object]
3330 silly audit report     }
3330 silly audit report   ],
3330 silly audit report   esbuild: [
3330 silly audit report     {
3330 silly audit report       id: 1102341,
3330 silly audit report       url: 'https://github.com/advisories/GHSA-67mh-4wv8-2f99',
3330 silly audit report       title: 'esbuild enables any website to send any requests to the development server and read the response',
3330 silly audit report       severity: 'moderate',
3330 silly audit report       vulnerable_versions: '<=0.24.2',
3330 silly audit report       cwe: [Array],
3330 silly audit report       cvss: [Object]
3330 silly audit report     }
3330 silly audit report   ]
3330 silly audit report }
3331 silly packumentCache corgi:https://registry.npmjs.org/vite cache-miss
3332 silly packumentCache corgi:https://registry.npmjs.org/xlsx cache-miss
3333 silly packumentCache corgi:https://registry.npmjs.org/esbuild cache-miss
3334 silly tarball no local data for @firebase/auth-interop-types@https://registry.npmjs.org/@firebase/auth-interop-types/-/auth-interop-types-0.2.4.tgz. Extracting by manifest.
3335 silly tarball no local data for @firebase/database-types@https://registry.npmjs.org/@firebase/database-types/-/database-types-1.0.15.tgz. Extracting by manifest.
3336 silly tarball no local data for @firebase/auth-types@https://registry.npmjs.org/@firebase/auth-types/-/auth-types-0.13.0.tgz. Extracting by manifest.
3337 silly tarball no local data for tslib@https://registry.npmjs.org/tslib/-/tslib-2.8.1.tgz. Extracting by manifest.
3338 silly tarball no local data for @firebase/app-check-types@https://registry.npmjs.org/@firebase/app-check-types/-/app-check-types-0.5.3.tgz. Extracting by manifest.
3339 silly tarball no local data for @firebase/logger@https://registry.npmjs.org/@firebase/logger/-/logger-0.4.4.tgz. Extracting by manifest.
3340 silly tarball no local data for @firebase/analytics-types@https://registry.npmjs.org/@firebase/analytics-types/-/analytics-types-0.8.3.tgz. Extracting by manifest.
3341 silly tarball no local data for @firebase/app-check-interop-types@https://registry.npmjs.org/@firebase/app-check-interop-types/-/app-check-interop-types-0.3.3.tgz. Extracting by manifest.
3342 silly tarball no local data for @firebase/component@https://registry.npmjs.org/@firebase/component/-/component-0.6.18.tgz. Extracting by manifest.
3343 silly tarball no local data for @firebase/remote-config-compat@https://registry.npmjs.org/@firebase/remote-config-compat/-/remote-config-compat-0.2.18.tgz. Extracting by manifest.
3344 silly tarball no local data for @firebase/util@https://registry.npmjs.org/@firebase/util/-/util-1.12.1.tgz. Extracting by manifest.
3345 silly tarball no local data for @firebase/storage@https://registry.npmjs.org/@firebase/storage/-/storage-0.13.14.tgz. Extracting by manifest.
3346 silly tarball no local data for @firebase/storage-compat@https://registry.npmjs.org/@firebase/storage-compat/-/storage-compat-0.3.24.tgz. Extracting by manifest.
3347 silly tarball no local data for @firebase/remote-config@https://registry.npmjs.org/@firebase/remote-config/-/remote-config-0.6.5.tgz. Extracting by manifest.
3348 silly tarball no local data for @firebase/performance-compat@https://registry.npmjs.org/@firebase/performance-compat/-/performance-compat-0.2.20.tgz. Extracting by manifest.
3349 silly tarball no local data for @firebase/messaging-compat@https://registry.npmjs.org/@firebase/messaging-compat/-/messaging-compat-0.2.22.tgz. Extracting by manifest.
3350 silly tarball no local data for @firebase/installations-compat@https://registry.npmjs.org/@firebase/installations-compat/-/installations-compat-0.2.18.tgz. Extracting by manifest.
3351 silly tarball no local data for @firebase/performance@https://registry.npmjs.org/@firebase/performance/-/performance-0.7.7.tgz. Extracting by manifest.
3352 silly tarball no local data for @firebase/functions-compat@https://registry.npmjs.org/@firebase/functions-compat/-/functions-compat-0.3.26.tgz. Extracting by manifest.
3353 silly tarball no local data for @firebase/installations@https://registry.npmjs.org/@firebase/installations/-/installations-0.6.18.tgz. Extracting by manifest.
3354 silly tarball no local data for @firebase/messaging@https://registry.npmjs.org/@firebase/messaging/-/messaging-0.12.22.tgz. Extracting by manifest.
3355 silly tarball no local data for @firebase/firestore-compat@https://registry.npmjs.org/@firebase/firestore-compat/-/firestore-compat-0.3.53.tgz. Extracting by manifest.
3356 silly tarball no local data for @firebase/data-connect@https://registry.npmjs.org/@firebase/data-connect/-/data-connect-0.3.10.tgz. Extracting by manifest.
3357 silly tarball no local data for @firebase/functions@https://registry.npmjs.org/@firebase/functions/-/functions-0.12.9.tgz. Extracting by manifest.
3358 silly tarball no local data for @firebase/firestore@https://registry.npmjs.org/@firebase/firestore/-/firestore-4.8.0.tgz. Extracting by manifest.
3359 silly tarball no local data for @firebase/database-compat@https://registry.npmjs.org/@firebase/database-compat/-/database-compat-2.0.11.tgz. Extracting by manifest.
3360 silly tarball no local data for @firebase/database@https://registry.npmjs.org/@firebase/database/-/database-1.0.20.tgz. Extracting by manifest.
3361 silly tarball no local data for @firebase/auth-compat@https://registry.npmjs.org/@firebase/auth-compat/-/auth-compat-0.5.28.tgz. Extracting by manifest.
3362 silly tarball no local data for @firebase/app-check@https://registry.npmjs.org/@firebase/app-check/-/app-check-0.10.1.tgz. Extracting by manifest.
3363 silly tarball no local data for @firebase/app-compat@https://registry.npmjs.org/@firebase/app-compat/-/app-compat-0.4.2.tgz. Extracting by manifest.
3364 silly tarball no local data for @firebase/app-check-compat@https://registry.npmjs.org/@firebase/app-check-compat/-/app-check-compat-0.3.26.tgz. Extracting by manifest.
3365 silly tarball no local data for @firebase/analytics-compat@https://registry.npmjs.org/@firebase/analytics-compat/-/analytics-compat-0.2.23.tgz. Extracting by manifest.
3366 silly tarball no local data for path-exists@https://registry.npmjs.org/path-exists/-/path-exists-4.0.0.tgz. Extracting by manifest.
3367 silly tarball no local data for @firebase/analytics@https://registry.npmjs.org/@firebase/analytics/-/analytics-0.10.17.tgz. Extracting by manifest.
3368 silly tarball no local data for @firebase/app-types@https://registry.npmjs.org/@firebase/app-types/-/app-types-0.9.3.tgz. Extracting by manifest.
3369 silly tarball no local data for @firebase/app@https://registry.npmjs.org/@firebase/app/-/app-0.13.2.tgz. Extracting by manifest.
3370 silly tarball no local data for @firebase/ai@https://registry.npmjs.org/@firebase/ai/-/ai-1.4.1.tgz. Extracting by manifest.
3371 silly tarball no local data for acorn-jsx@https://registry.npmjs.org/acorn-jsx/-/acorn-jsx-5.3.2.tgz. Extracting by manifest.
3372 silly tarball no local data for locate-path@https://registry.npmjs.org/locate-path/-/locate-path-6.0.0.tgz. Extracting by manifest.
3373 silly tarball no local data for flat-cache@https://registry.npmjs.org/flat-cache/-/flat-cache-4.0.1.tgz. Extracting by manifest.
3374 silly tarball no local data for acorn@https://registry.npmjs.org/acorn/-/acorn-8.17.0.tgz. Extracting by manifest.
3375 silly tarball no local data for esrecurse@https://registry.npmjs.org/esrecurse/-/esrecurse-4.3.0.tgz. Extracting by manifest.
3376 silly tarball no local data for is-symbol@https://registry.npmjs.org/is-symbol/-/is-symbol-1.1.1.tgz. Extracting by manifest.
3377 silly tarball no local data for is-date-object@https://registry.npmjs.org/is-date-object/-/is-date-object-1.1.0.tgz. Extracting by manifest.
3378 silly tarball no local data for es-abstract-get@https://registry.npmjs.org/es-abstract-get/-/es-abstract-get-1.0.0.tgz. Extracting by manifest.
3379 silly tarball no local data for possible-typed-array-names@https://registry.npmjs.org/possible-typed-array-names/-/possible-typed-array-names-1.1.0.tgz. Extracting by manifest.
3380 silly tarball no local data for has-tostringtag@https://registry.npmjs.org/has-tostringtag/-/has-tostringtag-1.0.2.tgz. Extracting by manifest.
3381 silly tarball no local data for which-typed-array@https://registry.npmjs.org/which-typed-array/-/which-typed-array-1.1.22.tgz. Extracting by manifest.
3382 silly tarball no local data for typed-array-length@https://registry.npmjs.org/typed-array-length/-/typed-array-length-1.0.8.tgz. Extracting by manifest.
3383 silly tarball no local data for iterator.prototype@https://registry.npmjs.org/iterator.prototype/-/iterator.prototype-1.1.5.tgz. Extracting by manifest.
3384 silly tarball no local data for typed-array-byte-offset@https://registry.npmjs.org/typed-array-byte-offset/-/typed-array-byte-offset-1.0.4.tgz. Extracting by manifest.
3385 silly tarball no local data for unbox-primitive@https://registry.npmjs.org/unbox-primitive/-/unbox-primitive-1.1.0.tgz. Extracting by manifest.
3386 silly tarball no local data for typed-array-byte-length@https://registry.npmjs.org/typed-array-byte-length/-/typed-array-byte-length-1.0.3.tgz. Extracting by manifest.
3387 silly tarball no local data for string.prototype.trimstart@https://registry.npmjs.org/string.prototype.trimstart/-/string.prototype.trimstart-1.0.8.tgz. Extracting by manifest.
3388 silly tarball no local data for typed-array-buffer@https://registry.npmjs.org/typed-array-buffer/-/typed-array-buffer-1.0.3.tgz. Extracting by manifest.
3389 silly tarball no local data for string.prototype.trim@https://registry.npmjs.org/string.prototype.trim/-/string.prototype.trim-1.2.11.tgz. Extracting by manifest.
3390 silly tarball no local data for stop-iteration-iterator@https://registry.npmjs.org/stop-iteration-iterator/-/stop-iteration-iterator-1.1.0.tgz. Extracting by manifest.
3391 silly tarball no local data for set-proto@https://registry.npmjs.org/set-proto/-/set-proto-1.0.0.tgz. Extracting by manifest.
3392 silly tarball no local data for safe-regex-test@https://registry.npmjs.org/safe-regex-test/-/safe-regex-test-1.1.0.tgz. Extracting by manifest.
3393 silly tarball no local data for string.prototype.trimend@https://registry.npmjs.org/string.prototype.trimend/-/string.prototype.trimend-1.0.10.tgz. Extracting by manifest.
3394 silly tarball no local data for safe-push-apply@https://registry.npmjs.org/safe-push-apply/-/safe-push-apply-1.0.0.tgz. Extracting by manifest.
3395 silly tarball no local data for regexp.prototype.flags@https://registry.npmjs.org/regexp.prototype.flags/-/regexp.prototype.flags-1.5.4.tgz. Extracting by manifest.
3396 silly tarball no local data for object.assign@https://registry.npmjs.org/object.assign/-/object.assign-4.1.7.tgz. Extracting by manifest.
3397 silly tarball no local data for safe-array-concat@https://registry.npmjs.org/safe-array-concat/-/safe-array-concat-1.1.4.tgz. Extracting by manifest.
3398 silly tarball no local data for own-keys@https://registry.npmjs.org/own-keys/-/own-keys-1.0.1.tgz. Extracting by manifest.
3399 silly tarball no local data for is-weakref@https://registry.npmjs.org/is-weakref/-/is-weakref-1.1.1.tgz. Extracting by manifest.
3400 silly tarball no local data for is-typed-array@https://registry.npmjs.org/is-typed-array/-/is-typed-array-1.1.15.tgz. Extracting by manifest.
3401 silly tarball no local data for is-shared-array-buffer@https://registry.npmjs.org/is-shared-array-buffer/-/is-shared-array-buffer-1.0.4.tgz. Extracting by manifest.
3402 silly tarball no local data for object-inspect@https://registry.npmjs.org/object-inspect/-/object-inspect-1.13.4.tgz. Extracting by manifest.
3403 silly tarball no local data for is-set@https://registry.npmjs.org/is-set/-/is-set-2.0.3.tgz. Extracting by manifest.
3404 silly tarball no local data for is-regex@https://registry.npmjs.org/is-regex/-/is-regex-1.2.1.tgz. Extracting by manifest.
3405 silly tarball no local data for is-negative-zero@https://registry.npmjs.org/is-negative-zero/-/is-negative-zero-2.0.3.tgz. Extracting by manifest.
3406 silly tarball no local data for is-callable@https://registry.npmjs.org/is-callable/-/is-callable-1.2.7.tgz. Extracting by manifest.
3407 silly tarball no local data for is-array-buffer@https://registry.npmjs.org/is-array-buffer/-/is-array-buffer-3.0.5.tgz. Extracting by manifest.
3408 silly tarball no local data for internal-slot@https://registry.npmjs.org/internal-slot/-/internal-slot-1.1.0.tgz. Extracting by manifest.
3409 silly tarball no local data for has-symbols@https://registry.npmjs.org/has-symbols/-/has-symbols-1.1.0.tgz. Extracting by manifest.
3410 silly tarball no local data for is-data-view@https://registry.npmjs.org/is-data-view/-/is-data-view-1.0.2.tgz. Extracting by manifest.
3411 silly tarball no local data for has-proto@https://registry.npmjs.org/has-proto/-/has-proto-1.2.0.tgz. Extracting by manifest.
3412 silly tarball no local data for get-symbol-description@https://registry.npmjs.org/get-symbol-description/-/get-symbol-description-1.1.0.tgz. Extracting by manifest.
3413 silly tarball no local data for function.prototype.name@https://registry.npmjs.org/function.prototype.name/-/function.prototype.name-1.2.0.tgz. Extracting by manifest.
3414 silly tarball no local data for globalthis@https://registry.npmjs.org/globalthis/-/globalthis-1.0.4.tgz. Extracting by manifest.
3415 silly tarball no local data for es-to-primitive@https://registry.npmjs.org/es-to-primitive/-/es-to-primitive-1.3.4.tgz. Extracting by manifest.
3416 silly tarball no local data for get-proto@https://registry.npmjs.org/get-proto/-/get-proto-1.0.1.tgz. Extracting by manifest.
3417 silly tarball no local data for es-set-tostringtag@https://registry.npmjs.org/es-set-tostringtag/-/es-set-tostringtag-2.1.0.tgz. Extracting by manifest.
3418 silly tarball no local data for data-view-byte-offset@https://registry.npmjs.org/data-view-byte-offset/-/data-view-byte-offset-1.0.1.tgz. Extracting by manifest.
3419 silly tarball no local data for data-view-buffer@https://registry.npmjs.org/data-view-buffer/-/data-view-buffer-1.0.2.tgz. Extracting by manifest.
3420 silly tarball no local data for data-view-byte-length@https://registry.npmjs.org/data-view-byte-length/-/data-view-byte-length-1.0.2.tgz. Extracting by manifest.
3421 silly tarball no local data for arraybuffer.prototype.slice@https://registry.npmjs.org/arraybuffer.prototype.slice/-/arraybuffer.prototype.slice-1.0.4.tgz. Extracting by manifest.
3422 silly tarball no local data for array-buffer-byte-length@https://registry.npmjs.org/array-buffer-byte-length/-/array-buffer-byte-length-1.0.2.tgz. Extracting by manifest.
3423 silly tarball no local data for gopd@https://registry.npmjs.org/gopd/-/gopd-1.2.0.tgz. Extracting by manifest.
3424 silly tarball no local data for available-typed-arrays@https://registry.npmjs.org/available-typed-arrays/-/available-typed-arrays-1.0.7.tgz. Extracting by manifest.
3425 silly tarball no local data for has-property-descriptors@https://registry.npmjs.org/has-property-descriptors/-/has-property-descriptors-1.0.2.tgz. Extracting by manifest.
3426 silly tarball no local data for define-data-property@https://registry.npmjs.org/define-data-property/-/define-data-property-1.1.4.tgz. Extracting by manifest.
3427 silly tarball no local data for set-function-length@https://registry.npmjs.org/set-function-length/-/set-function-length-1.2.2.tgz. Extracting by manifest.
3428 silly tarball no local data for object-keys@https://registry.npmjs.org/object-keys/-/object-keys-1.1.1.tgz. Extracting by manifest.
3429 silly tarball no local data for es-define-property@https://registry.npmjs.org/es-define-property/-/es-define-property-1.0.1.tgz. Extracting by manifest.
3430 silly tarball no local data for call-bind-apply-helpers@https://registry.npmjs.org/call-bind-apply-helpers/-/call-bind-apply-helpers-1.0.2.tgz. Extracting by manifest.
3431 silly tarball no local data for function-bind@https://registry.npmjs.org/function-bind/-/function-bind-1.1.2.tgz. Extracting by manifest.
3432 silly tarball no local data for math-intrinsics@https://registry.npmjs.org/math-intrinsics/-/math-intrinsics-1.1.0.tgz. Extracting by manifest.
3433 silly tarball no local data for es-shim-unscopables@https://registry.npmjs.org/es-shim-unscopables/-/es-shim-unscopables-1.1.0.tgz. Extracting by manifest.
3434 silly tarball no local data for es-errors@https://registry.npmjs.org/es-errors/-/es-errors-1.3.0.tgz. Extracting by manifest.
3435 silly tarball no local data for is-string@https://registry.npmjs.org/is-string/-/is-string-1.1.1.tgz. Extracting by manifest.
3436 silly tarball no local data for get-intrinsic@https://registry.npmjs.org/get-intrinsic/-/get-intrinsic-1.3.0.tgz. Extracting by manifest.
3437 silly tarball no local data for es-object-atoms@https://registry.npmjs.org/es-object-atoms/-/es-object-atoms-1.1.2.tgz. Extracting by manifest.
3438 silly tarball no local data for es-abstract@https://registry.npmjs.org/es-abstract/-/es-abstract-1.24.2.tgz. Extracting by manifest.
3439 silly tarball no local data for define-properties@https://registry.npmjs.org/define-properties/-/define-properties-1.2.1.tgz. Extracting by manifest.
3440 silly tarball no local data for call-bound@https://registry.npmjs.org/call-bound/-/call-bound-1.0.4.tgz. Extracting by manifest.
3441 silly tarball no local data for call-bind@https://registry.npmjs.org/call-bind/-/call-bind-1.0.9.tgz. Extracting by manifest.
3442 silly tarball no local data for object.fromentries@https://registry.npmjs.org/object.fromentries/-/object.fromentries-2.0.8.tgz. Extracting by manifest.
3443 silly tarball no local data for string.prototype.matchall@https://registry.npmjs.org/string.prototype.matchall/-/string.prototype.matchall-4.0.12.tgz. Extracting by manifest.
3444 silly tarball no local data for string.prototype.repeat@https://registry.npmjs.org/string.prototype.repeat/-/string.prototype.repeat-1.0.0.tgz. Extracting by manifest.
3445 silly tarball no local data for object.entries@https://registry.npmjs.org/object.entries/-/object.entries-1.1.9.tgz. Extracting by manifest.
3446 silly tarball no local data for jsx-ast-utils@https://registry.npmjs.org/jsx-ast-utils/-/jsx-ast-utils-3.3.5.tgz. Extracting by manifest.
3447 silly tarball no local data for object.values@https://registry.npmjs.org/object.values/-/object.values-1.2.1.tgz. Extracting by manifest.
3448 silly tarball no local data for estraverse@https://registry.npmjs.org/estraverse/-/estraverse-5.3.0.tgz. Extracting by manifest.
3449 silly tarball no local data for es-iterator-helpers@https://registry.npmjs.org/es-iterator-helpers/-/es-iterator-helpers-1.3.3.tgz. Extracting by manifest.
3450 silly tarball no local data for hasown@https://registry.npmjs.org/hasown/-/hasown-2.0.4.tgz. Extracting by manifest.
3451 silly tarball no local data for array.prototype.flatmap@https://registry.npmjs.org/array.prototype.flatmap/-/array.prototype.flatmap-1.3.3.tgz. Extracting by manifest.
3452 silly tarball no local data for doctrine@https://registry.npmjs.org/doctrine/-/doctrine-2.1.0.tgz. Extracting by manifest.
3453 silly tarball no local data for array.prototype.findlast@https://registry.npmjs.org/array.prototype.findlast/-/array.prototype.findlast-1.2.5.tgz. Extracting by manifest.
3454 silly tarball no local data for array.prototype.tosorted@https://registry.npmjs.org/array.prototype.tosorted/-/array.prototype.tosorted-1.1.4.tgz. Extracting by manifest.
3455 silly tarball no local data for which@https://registry.npmjs.org/which/-/which-2.0.2.tgz. Extracting by manifest.
3456 silly tarball no local data for array-includes@https://registry.npmjs.org/array-includes/-/array-includes-3.1.9.tgz. Extracting by manifest.
3457 silly tarball no local data for shebang-command@https://registry.npmjs.org/shebang-command/-/shebang-command-2.0.0.tgz. Extracting by manifest.
3458 silly tarball no local data for path-key@https://registry.npmjs.org/path-key/-/path-key-3.1.1.tgz. Extracting by manifest.
3459 silly tarball no local data for color-convert@https://registry.npmjs.org/color-convert/-/color-convert-2.0.1.tgz. Extracting by manifest.
3460 silly tarball no local data for color-name@https://registry.npmjs.org/color-name/-/color-name-1.1.4.tgz. Extracting by manifest.
3461 silly tarball no local data for supports-color@https://registry.npmjs.org/supports-color/-/supports-color-7.2.0.tgz. Extracting by manifest.
3462 silly tarball no local data for ansi-styles@https://registry.npmjs.org/ansi-styles/-/ansi-styles-4.3.0.tgz. Extracting by manifest.
3463 silly tarball no local data for fast-json-stable-stringify@https://registry.npmjs.org/fast-json-stable-stringify/-/fast-json-stable-stringify-2.1.0.tgz. Extracting by manifest.
3464 silly tarball no local data for uri-js@https://registry.npmjs.org/uri-js/-/uri-js-4.4.1.tgz. Extracting by manifest.
3465 silly tarball no local data for json-schema-traverse@https://registry.npmjs.org/json-schema-traverse/-/json-schema-traverse-0.4.1.tgz. Extracting by manifest.
3466 silly tarball no local data for @humanfs/core@https://registry.npmjs.org/@humanfs/core/-/core-0.19.2.tgz. Extracting by manifest.
3467 silly tarball no local data for levn@https://registry.npmjs.org/levn/-/levn-0.4.1.tgz. Extracting by manifest.
3468 silly tarball no local data for globals@https://registry.npmjs.org/globals/-/globals-14.0.0.tgz. Extracting by manifest.
3469 silly tarball no local data for strip-json-comments@https://registry.npmjs.org/strip-json-comments/-/strip-json-comments-3.1.1.tgz. Extracting by manifest.
3470 silly tarball no local data for js-yaml@https://registry.npmjs.org/js-yaml/-/js-yaml-4.3.0.tgz. Extracting by manifest.
3471 silly tarball no local data for @eslint/object-schema@https://registry.npmjs.org/@eslint/object-schema/-/object-schema-2.1.7.tgz. Extracting by manifest.
3472 silly tarball no local data for @types/json-schema@https://registry.npmjs.org/@types/json-schema/-/json-schema-7.0.15.tgz. Extracting by manifest.
3473 silly tarball no local data for optionator@https://registry.npmjs.org/optionator/-/optionator-0.9.4.tgz. Extracting by manifest.
3474 silly tarball no local data for minimatch@https://registry.npmjs.org/minimatch/-/minimatch-3.1.5.tgz. Extracting by manifest.
3475 silly tarball no local data for natural-compare@https://registry.npmjs.org/natural-compare/-/natural-compare-1.4.0.tgz. Extracting by manifest.
3476 silly tarball no local data for lodash.merge@https://registry.npmjs.org/lodash.merge/-/lodash.merge-4.6.2.tgz. Extracting by manifest.
3477 silly tarball no local data for @humanfs/types@https://registry.npmjs.org/@humanfs/types/-/types-0.15.0.tgz. Extracting by manifest.
3478 silly tarball no local data for ignore@https://registry.npmjs.org/ignore/-/ignore-5.3.2.tgz. Extracting by manifest.
3479 silly tarball no local data for is-glob@https://registry.npmjs.org/is-glob/-/is-glob-4.0.3.tgz. Extracting by manifest.
3480 silly tarball no local data for json-stable-stringify-without-jsonify@https://registry.npmjs.org/json-stable-stringify-without-jsonify/-/json-stable-stringify-without-jsonify-1.0.1.tgz. Extracting by manifest.
3481 silly tarball no local data for glob-parent@https://registry.npmjs.org/glob-parent/-/glob-parent-6.0.2.tgz. Extracting by manifest.
3482 silly tarball no local data for find-up@https://registry.npmjs.org/find-up/-/find-up-5.0.0.tgz. Extracting by manifest.
3483 silly tarball no local data for fast-deep-equal@https://registry.npmjs.org/fast-deep-equal/-/fast-deep-equal-3.1.3.tgz. Extracting by manifest.
3484 silly tarball no local data for file-entry-cache@https://registry.npmjs.org/file-entry-cache/-/file-entry-cache-8.0.0.tgz. Extracting by manifest.
3485 silly tarball no local data for esutils@https://registry.npmjs.org/esutils/-/esutils-2.0.3.tgz. Extracting by manifest.
3486 silly tarball no local data for espree@https://registry.npmjs.org/espree/-/espree-10.4.0.tgz. Extracting by manifest.
3487 silly tarball no local data for imurmurhash@https://registry.npmjs.org/imurmurhash/-/imurmurhash-0.1.4.tgz. Extracting by manifest.
3488 silly tarball no local data for eslint-visitor-keys@https://registry.npmjs.org/eslint-visitor-keys/-/eslint-visitor-keys-4.2.1.tgz. Extracting by manifest.
3489 silly tarball no local data for eslint-scope@https://registry.npmjs.org/eslint-scope/-/eslint-scope-8.4.0.tgz. Extracting by manifest.
3490 silly tarball no local data for esquery@https://registry.npmjs.org/esquery/-/esquery-1.7.0.tgz. Extracting by manifest.
3491 silly tarball no local data for chalk@https://registry.npmjs.org/chalk/-/chalk-4.1.2.tgz. Extracting by manifest.
3492 silly tarball no local data for cross-spawn@https://registry.npmjs.org/cross-spawn/-/cross-spawn-7.0.6.tgz. Extracting by manifest.
3493 silly tarball no local data for ajv@https://registry.npmjs.org/ajv/-/ajv-6.15.0.tgz. Extracting by manifest.
3494 silly tarball no local data for @humanwhocodes/retry@https://registry.npmjs.org/@humanwhocodes/retry/-/retry-0.4.3.tgz. Extracting by manifest.
3495 silly tarball no local data for @humanfs/node@https://registry.npmjs.org/@humanfs/node/-/node-0.16.8.tgz. Extracting by manifest.
3496 silly tarball no local data for @types/estree@https://registry.npmjs.org/@types/estree/-/estree-1.0.9.tgz. Extracting by manifest.
3497 silly tarball no local data for @humanwhocodes/module-importer@https://registry.npmjs.org/@humanwhocodes/module-importer/-/module-importer-1.0.1.tgz. Extracting by manifest.
3498 silly tarball no local data for @eslint/eslintrc@https://registry.npmjs.org/@eslint/eslintrc/-/eslintrc-3.3.5.tgz. Extracting by manifest.
3499 silly tarball no local data for @eslint-community/regexpp@https://registry.npmjs.org/@eslint-community/regexpp/-/regexpp-4.12.2.tgz. Extracting by manifest.
3500 silly tarball no local data for @eslint/plugin-kit@https://registry.npmjs.org/@eslint/plugin-kit/-/plugin-kit-0.4.1.tgz. Extracting by manifest.
3501 silly tarball no local data for @eslint/core@https://registry.npmjs.org/@eslint/core/-/core-0.17.0.tgz. Extracting by manifest.
3502 silly tarball no local data for @eslint/config-array@https://registry.npmjs.org/@eslint/config-array/-/config-array-0.21.2.tgz. Extracting by manifest.
3503 silly tarball no local data for @eslint/config-helpers@https://registry.npmjs.org/@eslint/config-helpers/-/config-helpers-0.4.2.tgz. Extracting by manifest.
3504 silly tarball no local data for @eslint-community/eslint-utils@https://registry.npmjs.org/@eslint-community/eslint-utils/-/eslint-utils-4.9.1.tgz. Extracting by manifest.
3505 silly tarball no local data for yaml@https://registry.npmjs.org/yaml/-/yaml-1.10.3.tgz. Extracting by manifest.
3506 silly tarball no local data for parse-json@https://registry.npmjs.org/parse-json/-/parse-json-5.2.0.tgz. Extracting by manifest.
3507 silly tarball no local data for path-type@https://registry.npmjs.org/path-type/-/path-type-4.0.0.tgz. Extracting by manifest.
3508 silly tarball no local data for @types/parse-json@https://registry.npmjs.org/@types/parse-json/-/parse-json-4.0.2.tgz. Extracting by manifest.
3509 silly tarball no local data for ms@https://registry.npmjs.org/ms/-/ms-2.1.3.tgz. Extracting by manifest.
3510 silly tarball no local data for import-fresh@https://registry.npmjs.org/import-fresh/-/import-fresh-3.3.1.tgz. Extracting by manifest.
3511 silly tarball no local data for @kurkle/color@https://registry.npmjs.org/@kurkle/color/-/color-0.3.4.tgz. Extracting by manifest.
3512 silly tarball no local data for update-browserslist-db@https://registry.npmjs.org/update-browserslist-db/-/update-browserslist-db-1.2.3.tgz. Extracting by manifest.
3513 silly tarball no local data for node-releases@https://registry.npmjs.org/node-releases/-/node-releases-2.0.50.tgz. Extracting by manifest.
3514 silly tarball no local data for baseline-browser-mapping@https://registry.npmjs.org/baseline-browser-mapping/-/baseline-browser-mapping-2.10.41.tgz. Extracting by manifest.
3515 silly tarball no local data for electron-to-chromium@https://registry.npmjs.org/electron-to-chromium/-/electron-to-chromium-1.5.384.tgz. Extracting by manifest.
3516 silly tarball no local data for @types/babel__template@https://registry.npmjs.org/@types/babel__template/-/babel__template-7.4.4.tgz. Extracting by manifest.
3517 silly tarball no local data for @types/babel__traverse@https://registry.npmjs.org/@types/babel__traverse/-/babel__traverse-7.28.0.tgz. Extracting by manifest.
3518 silly tarball no local data for @types/babel__generator@https://registry.npmjs.org/@types/babel__generator/-/babel__generator-7.27.0.tgz. Extracting by manifest.
3519 silly tarball no local data for resolve@https://registry.npmjs.org/resolve/-/resolve-1.22.12.tgz. Extracting by manifest.
3520 silly tarball no local data for caniuse-lite@https://registry.npmjs.org/caniuse-lite/-/caniuse-lite-1.0.30001800.tgz. Extracting by manifest.
3521 silly tarball no local data for @babel/helper-plugin-utils@https://registry.npmjs.org/@babel/helper-plugin-utils/-/helper-plugin-utils-7.29.7.tgz. Extracting by manifest.
3522 silly tarball no local data for cosmiconfig@https://registry.npmjs.org/cosmiconfig/-/cosmiconfig-7.1.0.tgz. Extracting by manifest.
3523 silly tarball no local data for @babel/helper-validator-option@https://registry.npmjs.org/@babel/helper-validator-option/-/helper-validator-option-7.29.7.tgz. Extracting by manifest.
3524 silly tarball no local data for lru-cache@https://registry.npmjs.org/lru-cache/-/lru-cache-5.1.1.tgz. Extracting by manifest.
3525 silly tarball no local data for browserslist@https://registry.npmjs.org/browserslist/-/browserslist-4.28.4.tgz. Extracting by manifest.
3526 silly tarball no local data for @jridgewell/remapping@https://registry.npmjs.org/@jridgewell/remapping/-/remapping-2.3.5.tgz. Extracting by manifest.
3527 silly tarball no local data for @babel/compat-data@https://registry.npmjs.org/@babel/compat-data/-/compat-data-7.29.7.tgz. Extracting by manifest.
3528 silly tarball no local data for json5@https://registry.npmjs.org/json5/-/json5-2.2.3.tgz. Extracting by manifest.
3529 silly tarball no local data for semver@https://registry.npmjs.org/semver/-/semver-6.3.1.tgz. Extracting by manifest.
3530 silly tarball no local data for gensync@https://registry.npmjs.org/gensync/-/gensync-1.0.0-beta.2.tgz. Extracting by manifest.
3531 silly tarball no local data for @babel/helpers@https://registry.npmjs.org/@babel/helpers/-/helpers-7.29.7.tgz. Extracting by manifest.
3532 silly tarball no local data for react-refresh@https://registry.npmjs.org/react-refresh/-/react-refresh-0.17.0.tgz. Extracting by manifest.
3533 silly tarball no local data for @rolldown/pluginutils@https://registry.npmjs.org/@rolldown/pluginutils/-/pluginutils-1.0.0-beta.27.tgz. Extracting by manifest.
3534 silly tarball no local data for @babel/helper-module-transforms@https://registry.npmjs.org/@babel/helper-module-transforms/-/helper-module-transforms-7.29.7.tgz. Extracting by manifest.
3535 silly tarball no local data for @types/babel__core@https://registry.npmjs.org/@types/babel__core/-/babel__core-7.20.5.tgz. Extracting by manifest.
3536 silly tarball no local data for @babel/helper-compilation-targets@https://registry.npmjs.org/@babel/helper-compilation-targets/-/helper-compilation-targets-7.29.7.tgz. Extracting by manifest.
3537 silly tarball no local data for @types/prop-types@https://registry.npmjs.org/@types/prop-types/-/prop-types-15.7.15.tgz. Extracting by manifest.
3538 silly tarball no local data for @babel/plugin-transform-react-jsx-source@https://registry.npmjs.org/@babel/plugin-transform-react-jsx-source/-/plugin-transform-react-jsx-source-7.29.7.tgz. Extracting by manifest.
3539 silly tarball no local data for @babel/core@https://registry.npmjs.org/@babel/core/-/core-7.29.7.tgz. Extracting by manifest.
3540 silly tarball no local data for @babel/plugin-transform-react-jsx-self@https://registry.npmjs.org/@babel/plugin-transform-react-jsx-self/-/plugin-transform-react-jsx-self-7.29.7.tgz. Extracting by manifest.
3541 silly tarball no local data for @mui/styled-engine@https://registry.npmjs.org/@mui/styled-engine/-/styled-engine-6.5.0.tgz. Extracting by manifest.
3542 silly tarball no local data for react-transition-group@https://registry.npmjs.org/react-transition-group/-/react-transition-group-4.4.5.tgz. Extracting by manifest.
3543 silly tarball no local data for @popperjs/core@https://registry.npmjs.org/@popperjs/core/-/core-2.11.8.tgz. Extracting by manifest.
3544 silly tarball no local data for @types/react-transition-group@https://registry.npmjs.org/@types/react-transition-group/-/react-transition-group-4.4.12.tgz. Extracting by manifest.
3545 silly tarball no local data for @mui/private-theming@https://registry.npmjs.org/@mui/private-theming/-/private-theming-6.4.9.tgz. Extracting by manifest.
3546 silly tarball no local data for @mui/types@https://registry.npmjs.org/@mui/types/-/types-7.2.24.tgz. Extracting by manifest.
3547 silly tarball no local data for @mui/utils@https://registry.npmjs.org/@mui/utils/-/utils-6.4.9.tgz. Extracting by manifest.
3548 silly tarball no local data for @mui/core-downloads-tracker@https://registry.npmjs.org/@mui/core-downloads-tracker/-/core-downloads-tracker-6.5.0.tgz. Extracting by manifest.
3549 silly tarball no local data for prop-types@https://registry.npmjs.org/prop-types/-/prop-types-15.8.1.tgz. Extracting by manifest.
3550 silly tarball no local data for react-is@https://registry.npmjs.org/react-is/-/react-is-19.2.7.tgz. Extracting by manifest.
3551 silly tarball no local data for clsx@https://registry.npmjs.org/clsx/-/clsx-2.1.1.tgz. Extracting by manifest.
3552 silly tarball no local data for @mui/system@https://registry.npmjs.org/@mui/system/-/system-6.5.0.tgz. Extracting by manifest.
3553 silly tarball no local data for @emotion/is-prop-valid@https://registry.npmjs.org/@emotion/is-prop-valid/-/is-prop-valid-1.4.0.tgz. Extracting by manifest.
3554 silly tarball no local data for @jridgewell/sourcemap-codec@https://registry.npmjs.org/@jridgewell/sourcemap-codec/-/sourcemap-codec-1.5.5.tgz. Extracting by manifest.
3555 silly tarball no local data for @babel/helper-string-parser@https://registry.npmjs.org/@babel/helper-string-parser/-/helper-string-parser-7.29.7.tgz. Extracting by manifest.
3556 silly tarball no local data for @jridgewell/resolve-uri@https://registry.npmjs.org/@jridgewell/resolve-uri/-/resolve-uri-3.1.2.tgz. Extracting by manifest.
3557 silly tarball no local data for csstype@https://registry.npmjs.org/csstype/-/csstype-3.2.3.tgz. Extracting by manifest.
3558 silly tarball no local data for @emotion/unitless@https://registry.npmjs.org/@emotion/unitless/-/unitless-0.10.0.tgz. Extracting by manifest.
3559 silly tarball no local data for jsesc@https://registry.npmjs.org/jsesc/-/jsesc-3.1.0.tgz. Extracting by manifest.
3560 silly tarball no local data for @emotion/sheet@https://registry.npmjs.org/@emotion/sheet/-/sheet-1.4.0.tgz. Extracting by manifest.
3561 silly tarball no local data for @jridgewell/gen-mapping@https://registry.npmjs.org/@jridgewell/gen-mapping/-/gen-mapping-0.3.13.tgz. Extracting by manifest.
3562 silly tarball no local data for picocolors@https://registry.npmjs.org/picocolors/-/picocolors-1.1.1.tgz. Extracting by manifest.
3563 silly tarball no local data for js-tokens@https://registry.npmjs.org/js-tokens/-/js-tokens-4.0.0.tgz. Extracting by manifest.
3564 silly tarball no local data for @jridgewell/trace-mapping@https://registry.npmjs.org/@jridgewell/trace-mapping/-/trace-mapping-0.3.31.tgz. Extracting by manifest.
3565 silly tarball no local data for @babel/template@https://registry.npmjs.org/@babel/template/-/template-7.29.7.tgz. Extracting by manifest.
3566 silly tarball no local data for debug@https://registry.npmjs.org/debug/-/debug-4.4.3.tgz. Extracting by manifest.
3567 silly tarball no local data for @babel/helper-validator-identifier@https://registry.npmjs.org/@babel/helper-validator-identifier/-/helper-validator-identifier-7.29.7.tgz. Extracting by manifest.
3568 silly tarball no local data for @babel/parser@https://registry.npmjs.org/@babel/parser/-/parser-7.29.7.tgz. Extracting by manifest.
3569 silly tarball no local data for @babel/code-frame@https://registry.npmjs.org/@babel/code-frame/-/code-frame-7.29.7.tgz. Extracting by manifest.
3570 silly tarball no local data for @babel/generator@https://registry.npmjs.org/@babel/generator/-/generator-7.29.7.tgz. Extracting by manifest.
3571 silly tarball no local data for @babel/types@https://registry.npmjs.org/@babel/types/-/types-7.29.7.tgz. Extracting by manifest.
3572 silly tarball no local data for @babel/helper-globals@https://registry.npmjs.org/@babel/helper-globals/-/helper-globals-7.29.7.tgz. Extracting by manifest.
3573 silly tarball no local data for @babel/traverse@https://registry.npmjs.org/@babel/traverse/-/traverse-7.29.7.tgz. Extracting by manifest.
3574 silly tarball no local data for stylis@https://registry.npmjs.org/stylis/-/stylis-4.2.0.tgz. Extracting by manifest.
3575 silly tarball no local data for escape-string-regexp@https://registry.npmjs.org/escape-string-regexp/-/escape-string-regexp-4.0.0.tgz. Extracting by manifest.
3576 silly tarball no local data for convert-source-map@https://registry.npmjs.org/convert-source-map/-/convert-source-map-1.9.0.tgz. Extracting by manifest.
3577 silly tarball no local data for source-map@https://registry.npmjs.org/source-map/-/source-map-0.5.7.tgz. Extracting by manifest.
3578 silly tarball no local data for find-root@https://registry.npmjs.org/find-root/-/find-root-1.1.0.tgz. Extracting by manifest.
3579 silly tarball no local data for hoist-non-react-statics@https://registry.npmjs.org/hoist-non-react-statics/-/hoist-non-react-statics-3.3.2.tgz. Extracting by manifest.
3580 silly tarball no local data for @babel/helper-module-imports@https://registry.npmjs.org/@babel/helper-module-imports/-/helper-module-imports-7.29.7.tgz. Extracting by manifest.
3581 silly tarball no local data for babel-plugin-macros@https://registry.npmjs.org/babel-plugin-macros/-/babel-plugin-macros-3.1.0.tgz. Extracting by manifest.
3582 silly tarball no local data for @emotion/hash@https://registry.npmjs.org/@emotion/hash/-/hash-0.9.2.tgz. Extracting by manifest.
3583 silly tarball no local data for @emotion/memoize@https://registry.npmjs.org/@emotion/memoize/-/memoize-0.9.0.tgz. Extracting by manifest.
3584 silly tarball no local data for @emotion/weak-memoize@https://registry.npmjs.org/@emotion/weak-memoize/-/weak-memoize-0.4.0.tgz. Extracting by manifest.
3585 silly tarball no local data for @emotion/utils@https://registry.npmjs.org/@emotion/utils/-/utils-1.4.2.tgz. Extracting by manifest.
3586 silly tarball no local data for xlsx@https://registry.npmjs.org/xlsx/-/xlsx-0.18.5.tgz. Extracting by manifest.
3587 silly tarball no local data for @emotion/use-insertion-effect-with-fallbacks@https://registry.npmjs.org/@emotion/use-insertion-effect-with-fallbacks/-/use-insertion-effect-with-fallbacks-1.2.0.tgz. Extracting by manifest.
3588 silly tarball no local data for @babel/runtime@https://registry.npmjs.org/@babel/runtime/-/runtime-7.29.7.tgz. Extracting by manifest.
3589 silly tarball no local data for @emotion/babel-plugin@https://registry.npmjs.org/@emotion/babel-plugin/-/babel-plugin-11.13.5.tgz. Extracting by manifest.
3590 silly tarball no local data for @emotion/cache@https://registry.npmjs.org/@emotion/cache/-/cache-11.14.0.tgz. Extracting by manifest.
3591 silly tarball no local data for @emotion/serialize@https://registry.npmjs.org/@emotion/serialize/-/serialize-1.3.3.tgz. Extracting by manifest.
3592 silly tarball no local data for firebase@https://registry.npmjs.org/firebase/-/firebase-11.10.0.tgz. Extracting by manifest.
3593 silly tarball no local data for react-router-dom@https://registry.npmjs.org/react-router-dom/-/react-router-dom-6.30.4.tgz. Extracting by manifest.
3594 silly tarball no local data for react-chartjs-2@https://registry.npmjs.org/react-chartjs-2/-/react-chartjs-2-5.3.1.tgz. Extracting by manifest.
3595 silly tarball no local data for eslint-plugin-react-refresh@https://registry.npmjs.org/eslint-plugin-react-refresh/-/eslint-plugin-react-refresh-0.4.26.tgz. Extracting by manifest.
3596 silly tarball no local data for eslint-plugin-react@https://registry.npmjs.org/eslint-plugin-react/-/eslint-plugin-react-7.37.5.tgz. Extracting by manifest.
3597 silly tarball no local data for eslint-plugin-react-hooks@https://registry.npmjs.org/eslint-plugin-react-hooks/-/eslint-plugin-react-hooks-5.2.0.tgz. Extracting by manifest.
3598 silly tarball no local data for @vitejs/plugin-react@https://registry.npmjs.org/@vitejs/plugin-react/-/plugin-react-4.7.0.tgz. Extracting by manifest.
3599 silly tarball no local data for @mui/material@https://registry.npmjs.org/@mui/material/-/material-6.5.0.tgz. Extracting by manifest.
3600 silly tarball no local data for eslint@https://registry.npmjs.org/eslint/-/eslint-9.39.4.tgz. Extracting by manifest.
3601 silly tarball no local data for chart.js@https://registry.npmjs.org/chart.js/-/chart.js-4.5.1.tgz. Extracting by manifest.
3602 silly tarball no local data for vite@https://registry.npmjs.org/vite/-/vite-5.4.21.tgz. Extracting by manifest.
3603 silly tarball no local data for react-dom@https://registry.npmjs.org/react-dom/-/react-dom-18.3.1.tgz. Extracting by manifest.
3604 silly tarball no local data for @types/react-dom@https://registry.npmjs.org/@types/react-dom/-/react-dom-18.3.7.tgz. Extracting by manifest.
3605 silly tarball no local data for @types/react@https://registry.npmjs.org/@types/react/-/react-18.3.31.tgz. Extracting by manifest.
3606 silly tarball no local data for @eslint/js@https://registry.npmjs.org/@eslint/js/-/js-9.39.4.tgz. Extracting by manifest.
3607 silly tarball no local data for react@https://registry.npmjs.org/react/-/react-18.3.1.tgz. Extracting by manifest.
3608 silly tarball no local data for @mui/icons-material@https://registry.npmjs.org/@mui/icons-material/-/icons-material-6.5.0.tgz. Extracting by manifest.
3609 silly tarball no local data for @emotion/react@https://registry.npmjs.org/@emotion/react/-/react-11.14.0.tgz. Extracting by manifest.
3610 silly tarball no local data for @firebase/auth@https://registry.npmjs.org/@firebase/auth/-/auth-1.10.8.tgz. Extracting by manifest.
3611 silly tarball no local data for @emotion/styled@https://registry.npmjs.org/@emotion/styled/-/styled-11.14.1.tgz. Extracting by manifest.
3612 silly tarball no local data for convert-source-map@https://registry.npmjs.org/convert-source-map/-/convert-source-map-2.0.0.tgz. Extracting by manifest.
3613 silly tarball no local data for eslint-visitor-keys@https://registry.npmjs.org/eslint-visitor-keys/-/eslint-visitor-keys-3.4.3.tgz. Extracting by manifest.
3614 silly tarball no local data for react-is@https://registry.npmjs.org/react-is/-/react-is-16.13.1.tgz. Extracting by manifest.
3615 silly tarball no local data for resolve@https://registry.npmjs.org/resolve/-/resolve-2.0.0-next.7.tgz. Extracting by manifest.
3616 silly tarball no local data for @firebase/auth@https://registry.npmjs.org/@firebase/auth/-/auth-1.10.8.tgz. Extracting by manifest.
3617 silly tarball no local data for react-is@https://registry.npmjs.org/react-is/-/react-is-16.13.1.tgz. Extracting by manifest.
3618 http fetch GET 200 https://registry.npmjs.org/emoji-regex/-/emoji-regex-8.0.0.tgz 2006ms (cache miss)
3619 http fetch GET 200 https://registry.npmjs.org/strip-ansi/-/strip-ansi-6.0.1.tgz 2001ms (cache miss)
3620 http fetch GET 200 https://registry.npmjs.org/get-caller-file/-/get-caller-file-2.0.5.tgz 1995ms (cache miss)
3621 http fetch GET 200 https://registry.npmjs.org/frac/-/frac-1.1.2.tgz 1996ms (cache miss)
3622 http fetch GET 200 https://registry.npmjs.org/wrap-ansi/-/wrap-ansi-7.0.0.tgz 2011ms (cache miss)
3623 http fetch GET 200 https://registry.npmjs.org/ansi-regex/-/ansi-regex-5.0.1.tgz 2075ms (cache miss)
3624 http fetch GET 200 https://registry.npmjs.org/string-width/-/string-width-4.2.3.tgz 2053ms (cache miss)
3625 http fetch GET 200 https://registry.npmjs.org/cliui/-/cliui-8.0.1.tgz 2045ms (cache miss)
3626 http fetch GET 200 https://registry.npmjs.org/y18n/-/y18n-5.0.8.tgz 2070ms (cache miss)
3627 http fetch GET 200 https://registry.npmjs.org/is-weakset/-/is-weakset-2.0.4.tgz 2075ms (cache miss)
3628 http fetch GET 200 https://registry.npmjs.org/is-fullwidth-code-point/-/is-fullwidth-code-point-3.0.0.tgz 2123ms (cache miss)
3629 http fetch GET 200 https://registry.npmjs.org/require-directory/-/require-directory-2.1.1.tgz 2155ms (cache miss)
3630 http fetch GET 200 https://registry.npmjs.org/async-function/-/async-function-1.0.0.tgz 2111ms (cache miss)
3631 http fetch GET 200 https://registry.npmjs.org/which-collection/-/which-collection-1.0.2.tgz 2172ms (cache miss)
3632 http fetch GET 200 https://registry.npmjs.org/is-map/-/is-map-2.0.3.tgz 2186ms (cache miss)
3633 http fetch GET 200 https://registry.npmjs.org/is-weakmap/-/is-weakmap-2.0.2.tgz 2181ms (cache miss)
3634 http fetch GET 200 https://registry.npmjs.org/is-async-function/-/is-async-function-2.1.1.tgz 2175ms (cache miss)
3635 http fetch GET 200 https://registry.npmjs.org/is-finalizationregistry/-/is-finalizationregistry-1.1.1.tgz 2169ms (cache miss)
3636 http fetch GET 200 https://registry.npmjs.org/is-bigint/-/is-bigint-1.1.0.tgz 2177ms (cache miss)
3637 http fetch GET 200 https://registry.npmjs.org/http-parser-js/-/http-parser-js-0.5.10.tgz 2173ms (cache miss)
3638 http fetch GET 200 https://registry.npmjs.org/crc-32/-/crc-32-1.2.2.tgz 2282ms (cache miss)
3639 http fetch GET 200 https://registry.npmjs.org/word/-/word-0.3.0.tgz 2290ms (cache miss)
3640 http fetch GET 200 https://registry.npmjs.org/isexe/-/isexe-2.0.0.tgz 2237ms (cache miss)
3641 http fetch GET 200 https://registry.npmjs.org/safe-buffer/-/safe-buffer-5.2.1.tgz 2236ms (cache miss)
3642 http fetch GET 200 https://registry.npmjs.org/nanoid/-/nanoid-3.3.15.tgz 2236ms (cache miss)
3643 http fetch GET 200 https://registry.npmjs.org/generator-function/-/generator-function-2.0.1.tgz 2313ms (cache miss)
3644 http fetch GET 200 https://registry.npmjs.org/websocket-extensions/-/websocket-extensions-0.1.4.tgz 2292ms (cache miss)
3645 http fetch GET 200 https://registry.npmjs.org/escalade/-/escalade-3.2.0.tgz 2267ms (cache miss)
3646 http fetch GET 200 https://registry.npmjs.org/which-builtin-type/-/which-builtin-type-1.2.1.tgz 2374ms (cache miss)
3647 http fetch GET 200 https://registry.npmjs.org/has-bigints/-/has-bigints-1.1.0.tgz 2384ms (cache miss)
3648 http fetch GET 200 https://registry.npmjs.org/punycode/-/punycode-2.3.1.tgz 2389ms (cache miss)
3649 http fetch GET 200 https://registry.npmjs.org/which-boxed-primitive/-/which-boxed-primitive-1.1.1.tgz 2403ms (cache miss)
3650 http fetch GET 200 https://registry.npmjs.org/side-channel-list/-/side-channel-list-1.0.1.tgz 2444ms (cache miss)
3651 http fetch GET 200 https://registry.npmjs.org/path-parse/-/path-parse-1.0.7.tgz 2441ms (cache miss)
3652 http fetch GET 200 https://registry.npmjs.org/for-each/-/for-each-0.3.5.tgz 2478ms (cache miss)
3653 http fetch GET 200 https://registry.npmjs.org/shebang-regex/-/shebang-regex-3.0.0.tgz 2468ms (cache miss)
3654 http fetch GET 200 https://registry.npmjs.org/side-channel-map/-/side-channel-map-1.0.1.tgz 2475ms (cache miss)
3655 http fetch GET 200 https://registry.npmjs.org/isarray/-/isarray-2.0.5.tgz 2513ms (cache miss)
3656 http fetch GET 200 https://registry.npmjs.org/supports-preserve-symlinks-flag/-/supports-preserve-symlinks-flag-1.0.0.tgz 2521ms (cache miss)
3657 http fetch GET 200 https://registry.npmjs.org/has-flag/-/has-flag-4.0.0.tgz 2529ms (cache miss)
3658 http fetch GET 200 https://registry.npmjs.org/side-channel-weakmap/-/side-channel-weakmap-1.0.2.tgz 2614ms (cache miss)
3659 http fetch GET 200 https://registry.npmjs.org/@protobufjs/codegen/-/codegen-2.0.5.tgz 2776ms (cache miss)
3660 http fetch GET 200 https://registry.npmjs.org/@protobufjs/path/-/path-1.1.2.tgz 2794ms (cache miss)
3661 http fetch GET 200 https://registry.npmjs.org/@protobufjs/float/-/float-1.0.2.tgz 3011ms (cache miss)
3662 http fetch GET 200 https://registry.npmjs.org/is-arrayish/-/is-arrayish-0.2.1.tgz 3004ms (cache miss)
3663 http fetch GET 200 https://registry.npmjs.org/@protobufjs/pool/-/pool-1.1.0.tgz 3011ms (cache miss)
3664 http fetch GET 200 https://registry.npmjs.org/@protobufjs/aspromise/-/aspromise-1.1.2.tgz 3008ms (cache miss)
3665 http fetch GET 200 https://registry.npmjs.org/lines-and-columns/-/lines-and-columns-1.2.4.tgz 3088ms (cache miss)
3666 http fetch GET 200 https://registry.npmjs.org/object-assign/-/object-assign-4.1.1.tgz 3173ms (cache miss)
3667 http fetch GET 200 https://registry.npmjs.org/adler-32/-/adler-32-1.3.1.tgz 3335ms (cache miss)
3668 http fetch GET 200 https://registry.npmjs.org/@protobufjs/base64/-/base64-1.1.2.tgz 3207ms (cache miss)
3669 http fetch GET 200 https://registry.npmjs.org/word-wrap/-/word-wrap-1.2.5.tgz 3244ms (cache miss)
3670 http fetch GET 200 https://registry.npmjs.org/yocto-queue/-/yocto-queue-0.1.0.tgz 3252ms (cache miss)
3671 http fetch GET 200 https://registry.npmjs.org/p-limit/-/p-limit-3.1.0.tgz 3251ms (cache miss)
3672 http fetch GET 200 https://registry.npmjs.org/callsites/-/callsites-3.1.0.tgz 3261ms (cache miss)
3673 http fetch GET 200 https://registry.npmjs.org/loose-envify/-/loose-envify-1.4.0.tgz 3287ms (cache miss)
3674 http fetch GET 200 https://registry.npmjs.org/concat-map/-/concat-map-0.0.1.tgz 3337ms (cache miss)
3675 http fetch GET 200 https://registry.npmjs.org/brace-expansion/-/brace-expansion-1.1.15.tgz 3338ms (cache miss)
3676 http fetch GET 200 https://registry.npmjs.org/deep-is/-/deep-is-0.1.4.tgz 3338ms (cache miss)
3677 http fetch GET 200 https://registry.npmjs.org/balanced-match/-/balanced-match-1.0.2.tgz 3339ms (cache miss)
3678 http fetch GET 200 https://registry.npmjs.org/error-ex/-/error-ex-1.3.4.tgz 3428ms (cache miss)
3679 http fetch GET 200 https://registry.npmjs.org/prelude-ls/-/prelude-ls-1.2.1.tgz 3402ms (cache miss)
3680 http fetch GET 200 https://registry.npmjs.org/p-locate/-/p-locate-5.0.0.tgz 3410ms (cache miss)
3681 http fetch GET 200 https://registry.npmjs.org/yallist/-/yallist-3.1.1.tgz 3413ms (cache miss)
3682 http fetch GET 200 https://registry.npmjs.org/is-extglob/-/is-extglob-2.1.1.tgz 3403ms (cache miss)
3683 http fetch GET 200 https://registry.npmjs.org/fast-levenshtein/-/fast-levenshtein-2.0.6.tgz 3506ms (cache miss)
3684 http fetch GET 200 https://registry.npmjs.org/parent-module/-/parent-module-1.0.1.tgz 3478ms (cache miss)
3685 http fetch GET 200 https://registry.npmjs.org/set-function-name/-/set-function-name-2.0.2.tgz 3486ms (cache miss)
3686 http fetch GET 200 https://registry.npmjs.org/resolve-from/-/resolve-from-4.0.0.tgz 3485ms (cache miss)
3687 http fetch GET 200 https://registry.npmjs.org/json-parse-even-better-errors/-/json-parse-even-better-errors-2.3.1.tgz 3607ms (cache miss)
3688 http fetch GET 200 https://registry.npmjs.org/type-check/-/type-check-0.4.0.tgz 3582ms (cache miss)
3689 http fetch GET 200 https://registry.npmjs.org/json-buffer/-/json-buffer-3.0.1.tgz 3582ms (cache miss)
3690 http fetch GET 200 https://registry.npmjs.org/is-document.all/-/is-document.all-1.0.0.tgz 3559ms (cache miss)
3691 http fetch GET 200 https://registry.npmjs.org/functions-have-names/-/functions-have-names-1.2.3.tgz 3556ms (cache miss)
3692 http fetch GET 200 https://registry.npmjs.org/dunder-proto/-/dunder-proto-1.0.1.tgz 3635ms (cache miss)
3693 http fetch GET 200 https://registry.npmjs.org/array.prototype.flat/-/array.prototype.flat-1.3.3.tgz 3649ms (cache miss)
3694 http fetch GET 200 https://registry.npmjs.org/lodash.camelcase/-/lodash.camelcase-4.3.0.tgz 3693ms (cache miss)
3695 http fetch GET 200 https://registry.npmjs.org/faye-websocket/-/faye-websocket-0.11.4.tgz 3683ms (cache miss)
3696 http fetch GET 200 https://registry.npmjs.org/flatted/-/flatted-3.4.2.tgz 3714ms (cache miss)
3697 http fetch GET 200 https://registry.npmjs.org/ssf/-/ssf-0.11.2.tgz 3917ms (cache miss)
3698 http fetch GET 200 https://registry.npmjs.org/@firebase/functions-types/-/functions-types-0.6.3.tgz 3706ms (cache miss)
3699 http fetch GET 200 https://registry.npmjs.org/@firebase/remote-config-types/-/remote-config-types-0.4.0.tgz 3709ms (cache miss)
3700 http fetch GET 200 https://registry.npmjs.org/@firebase/storage-types/-/storage-types-0.8.3.tgz 3723ms (cache miss)
3701 http fetch GET 200 https://registry.npmjs.org/@protobufjs/eventemitter/-/eventemitter-1.1.1.tgz 3877ms (cache miss)
3702 http fetch GET 200 https://registry.npmjs.org/@firebase/messaging-interop-types/-/messaging-interop-types-0.2.3.tgz 3762ms (cache miss)
3703 http fetch GET 200 https://registry.npmjs.org/@firebase/performance-types/-/performance-types-0.2.3.tgz 3784ms (cache miss)
3704 http fetch GET 200 https://registry.npmjs.org/keyv/-/keyv-4.5.4.tgz 3891ms (cache miss)
3705 http fetch GET 200 https://registry.npmjs.org/@firebase/installations-types/-/installations-types-0.5.3.tgz 3862ms (cache miss)
3706 http fetch GET 200 https://registry.npmjs.org/@firebase/auth-types/-/auth-types-0.13.0.tgz 3809ms (cache miss)
3707 http fetch GET 200 https://registry.npmjs.org/@firebase/database-types/-/database-types-1.0.15.tgz 3815ms (cache miss)
3708 http fetch GET 200 https://registry.npmjs.org/@firebase/firestore-types/-/firestore-types-3.0.3.tgz 3944ms (cache miss)
3709 http fetch GET 200 https://registry.npmjs.org/@firebase/analytics-types/-/analytics-types-0.8.3.tgz 3888ms (cache miss)
3710 http fetch GET 200 https://registry.npmjs.org/@firebase/app-check-interop-types/-/app-check-interop-types-0.3.3.tgz 3888ms (cache miss)
3711 http fetch GET 200 https://registry.npmjs.org/@firebase/logger/-/logger-0.4.4.tgz 3894ms (cache miss)
3712 http fetch GET 200 https://registry.npmjs.org/esbuild/-/esbuild-0.21.5.tgz 4206ms (cache miss)
3713 http fetch GET 200 https://registry.npmjs.org/@firebase/auth-interop-types/-/auth-interop-types-0.2.4.tgz 3988ms (cache miss)
3714 http fetch GET 200 https://registry.npmjs.org/@firebase/performance-compat/-/performance-compat-0.2.20.tgz 3963ms (cache miss)
3715 http fetch GET 200 https://registry.npmjs.org/@firebase/messaging-compat/-/messaging-compat-0.2.22.tgz 3964ms (cache miss)
3716 http fetch GET 200 https://registry.npmjs.org/@firebase/remote-config-compat/-/remote-config-compat-0.2.18.tgz 4071ms (cache miss)
3717 http fetch GET 200 https://registry.npmjs.org/@firebase/app-check-types/-/app-check-types-0.5.3.tgz 4083ms (cache miss)
3718 http fetch GET 200 https://registry.npmjs.org/@firebase/installations-compat/-/installations-compat-0.2.18.tgz 4165ms (cache miss)
3719 http fetch GET 200 https://registry.npmjs.org/@firebase/analytics-compat/-/analytics-compat-0.2.23.tgz 4140ms (cache miss)
3720 http fetch GET 200 https://registry.npmjs.org/@firebase/app-types/-/app-types-0.9.3.tgz 4239ms (cache miss)
3721 http fetch GET 200 https://registry.npmjs.org/locate-path/-/locate-path-6.0.0.tgz 4238ms (cache miss)
3722 http fetch GET 200 https://registry.npmjs.org/@firebase/functions-compat/-/functions-compat-0.3.26.tgz 4380ms (cache miss)
3723 http fetch GET 200 https://registry.npmjs.org/path-exists/-/path-exists-4.0.0.tgz 4354ms (cache miss)
3724 http fetch GET 200 https://registry.npmjs.org/@firebase/app-check-compat/-/app-check-compat-0.3.26.tgz 4360ms (cache miss)
3725 http fetch GET 200 https://registry.npmjs.org/is-symbol/-/is-symbol-1.1.1.tgz 4339ms (cache miss)
3726 http fetch GET 200 https://registry.npmjs.org/is-date-object/-/is-date-object-1.1.0.tgz 4340ms (cache miss)
3727 http fetch GET 200 https://registry.npmjs.org/possible-typed-array-names/-/possible-typed-array-names-1.1.0.tgz 4338ms (cache miss)
3728 http fetch GET 200 https://registry.npmjs.org/es-abstract-get/-/es-abstract-get-1.0.0.tgz 4345ms (cache miss)
3729 http fetch GET 200 https://registry.npmjs.org/typed-array-byte-length/-/typed-array-byte-length-1.0.3.tgz 4455ms (cache miss)
3730 http fetch GET 200 https://registry.npmjs.org/has-tostringtag/-/has-tostringtag-1.0.2.tgz 4469ms (cache miss)
3731 http fetch GET 200 https://registry.npmjs.org/iterator.prototype/-/iterator.prototype-1.1.5.tgz 4470ms (cache miss)
3732 http fetch GET 200 https://registry.npmjs.org/is-core-module/-/is-core-module-2.16.2.tgz 4830ms (cache miss)
3733 http fetch GET 200 https://registry.npmjs.org/esrecurse/-/esrecurse-4.3.0.tgz 4579ms (cache miss)
3734 http fetch GET 200 https://registry.npmjs.org/unbox-primitive/-/unbox-primitive-1.1.0.tgz 4568ms (cache miss)
3735 http fetch GET 200 https://registry.npmjs.org/stop-iteration-iterator/-/stop-iteration-iterator-1.1.0.tgz 4641ms (cache miss)
3736 http fetch GET 200 https://registry.npmjs.org/set-proto/-/set-proto-1.0.0.tgz 4642ms (cache miss)
3737 http fetch GET 200 https://registry.npmjs.org/string.prototype.trim/-/string.prototype.trim-1.2.11.tgz 4647ms (cache miss)
3738 http fetch GET 200 https://registry.npmjs.org/typed-array-byte-offset/-/typed-array-byte-offset-1.0.4.tgz 4675ms (cache miss)
3739 http fetch GET 200 https://registry.npmjs.org/safe-regex-test/-/safe-regex-test-1.1.0.tgz 4664ms (cache miss)
3740 http fetch GET 200 https://registry.npmjs.org/string.prototype.trimend/-/string.prototype.trimend-1.0.10.tgz 4665ms (cache miss)
3741 http fetch GET 200 https://registry.npmjs.org/safe-array-concat/-/safe-array-concat-1.1.4.tgz 4662ms (cache miss)
3742 http fetch GET 200 https://registry.npmjs.org/own-keys/-/own-keys-1.0.1.tgz 4742ms (cache miss)
3743 http fetch GET 200 https://registry.npmjs.org/string.prototype.trimstart/-/string.prototype.trimstart-1.0.8.tgz 4779ms (cache miss)
3744 http fetch GET 200 https://registry.npmjs.org/is-set/-/is-set-2.0.3.tgz 4820ms (cache miss)
3745 http fetch GET 200 https://registry.npmjs.org/is-shared-array-buffer/-/is-shared-array-buffer-1.0.4.tgz 4825ms (cache miss)
3746 http fetch GET 200 https://registry.npmjs.org/is-typed-array/-/is-typed-array-1.1.15.tgz 4829ms (cache miss)
3747 http fetch GET 200 https://registry.npmjs.org/is-regex/-/is-regex-1.2.1.tgz 4823ms (cache miss)
3748 http fetch GET 200 https://registry.npmjs.org/is-callable/-/is-callable-1.2.7.tgz 4825ms (cache miss)
3749 http fetch GET 200 https://registry.npmjs.org/is-array-buffer/-/is-array-buffer-3.0.5.tgz 4832ms (cache miss)
3750 http fetch GET 200 https://registry.npmjs.org/typed-array-buffer/-/typed-array-buffer-1.0.3.tgz 4867ms (cache miss)
3751 http fetch GET 200 https://registry.npmjs.org/is-boolean-object/-/is-boolean-object-1.2.2.tgz 5229ms (cache miss)
3752 http fetch GET 200 https://registry.npmjs.org/safe-push-apply/-/safe-push-apply-1.0.0.tgz 4873ms (cache miss)
3753 http fetch GET 200 https://registry.npmjs.org/is-data-view/-/is-data-view-1.0.2.tgz 4946ms (cache miss)
3754 http fetch GET 200 https://registry.npmjs.org/has-proto/-/has-proto-1.2.0.tgz 4947ms (cache miss)
3755 http fetch GET 200 https://registry.npmjs.org/has-symbols/-/has-symbols-1.1.0.tgz 4952ms (cache miss)
3756 http fetch GET 200 https://registry.npmjs.org/function.prototype.name/-/function.prototype.name-1.2.0.tgz 4949ms (cache miss)
3757 http fetch GET 200 https://registry.npmjs.org/get-symbol-description/-/get-symbol-description-1.1.0.tgz 4956ms (cache miss)
3758 http fetch GET 200 https://registry.npmjs.org/is-number-object/-/is-number-object-1.1.1.tgz 5356ms (cache miss)
3759 http fetch GET 200 https://registry.npmjs.org/@protobufjs/fetch/-/fetch-1.1.1.tgz 5275ms (cache miss)
3760 http fetch GET 200 https://registry.npmjs.org/es-to-primitive/-/es-to-primitive-1.3.4.tgz 5086ms (cache miss)
3761 http fetch GET 200 https://registry.npmjs.org/data-view-byte-offset/-/data-view-byte-offset-1.0.1.tgz 5084ms (cache miss)
3762 http fetch GET 200 https://registry.npmjs.org/arraybuffer.prototype.slice/-/arraybuffer.prototype.slice-1.0.4.tgz 5081ms (cache miss)
3763 http fetch GET 200 https://registry.npmjs.org/es-set-tostringtag/-/es-set-tostringtag-2.1.0.tgz 5090ms (cache miss)
3764 http fetch GET 200 https://registry.npmjs.org/data-view-buffer/-/data-view-buffer-1.0.2.tgz 5090ms (cache miss)
3765 http fetch GET 200 https://registry.npmjs.org/gopd/-/gopd-1.2.0.tgz 5089ms (cache miss)
3766 http fetch GET 200 https://registry.npmjs.org/array-buffer-byte-length/-/array-buffer-byte-length-1.0.2.tgz 5092ms (cache miss)
3767 http fetch GET 200 https://registry.npmjs.org/@protobufjs/utf8/-/utf8-1.1.1.tgz 5420ms (cache miss)
3768 http fetch GET 200 https://registry.npmjs.org/is-negative-zero/-/is-negative-zero-2.0.3.tgz 5262ms (cache miss)
3769 http fetch GET 200 https://registry.npmjs.org/available-typed-arrays/-/available-typed-arrays-1.0.7.tgz 5238ms (cache miss)
3770 http fetch GET 200 https://registry.npmjs.org/has-property-descriptors/-/has-property-descriptors-1.0.2.tgz 5238ms (cache miss)
3771 http fetch GET 200 https://registry.npmjs.org/object-keys/-/object-keys-1.1.1.tgz 5234ms (cache miss)
3772 http fetch GET 200 https://registry.npmjs.org/set-function-length/-/set-function-length-1.2.2.tgz 5239ms (cache miss)
3773 http fetch GET 200 https://registry.npmjs.org/globalthis/-/globalthis-1.0.4.tgz 5258ms (cache miss)
3774 http fetch GET 200 https://registry.npmjs.org/wmf/-/wmf-1.0.2.tgz 5703ms (cache miss)
3775 http fetch GET 200 https://registry.npmjs.org/acorn-jsx/-/acorn-jsx-5.3.2.tgz 5339ms (cache miss)
3776 http fetch GET 200 https://registry.npmjs.org/math-intrinsics/-/math-intrinsics-1.1.0.tgz 5243ms (cache miss)
3777 http fetch GET 200 https://registry.npmjs.org/call-bind-apply-helpers/-/call-bind-apply-helpers-1.0.2.tgz 5248ms (cache miss)
3778 http fetch GET 200 https://registry.npmjs.org/get-intrinsic/-/get-intrinsic-1.3.0.tgz 5238ms (cache miss)
3779 http fetch GET 200 https://registry.npmjs.org/es-errors/-/es-errors-1.3.0.tgz 5245ms (cache miss)
3780 http fetch GET 200 https://registry.npmjs.org/es-object-atoms/-/es-object-atoms-1.1.2.tgz 5320ms (cache miss)
3781 http fetch GET 200 https://registry.npmjs.org/is-string/-/is-string-1.1.1.tgz 5328ms (cache miss)
3782 http fetch GET 200 https://registry.npmjs.org/get-proto/-/get-proto-1.0.1.tgz 5492ms (cache miss)
3783 http fetch GET 200 https://registry.npmjs.org/define-properties/-/define-properties-1.2.1.tgz 5483ms (cache miss)
3784 http fetch GET 200 https://registry.npmjs.org/object.entries/-/object.entries-1.1.9.tgz 5479ms (cache miss)
3785 http fetch GET 200 https://registry.npmjs.org/data-view-byte-length/-/data-view-byte-length-1.0.2.tgz 5679ms (cache miss)
3786 http fetch GET 200 https://registry.npmjs.org/define-data-property/-/define-data-property-1.1.4.tgz 5678ms (cache miss)
3787 http fetch GET 200 https://registry.npmjs.org/hasown/-/hasown-2.0.4.tgz 5658ms (cache miss)
3788 http fetch GET 200 https://registry.npmjs.org/string.prototype.repeat/-/string.prototype.repeat-1.0.0.tgz 5670ms (cache miss)
3789 http fetch GET 200 https://registry.npmjs.org/array.prototype.flatmap/-/array.prototype.flatmap-1.3.3.tgz 5662ms (cache miss)
3790 http fetch GET 200 https://registry.npmjs.org/call-bound/-/call-bound-1.0.4.tgz 5858ms (cache miss)
3791 http fetch GET 200 https://registry.npmjs.org/path-key/-/path-key-3.1.1.tgz 5826ms (cache miss)
3792 http fetch GET 200 https://registry.npmjs.org/array.prototype.tosorted/-/array.prototype.tosorted-1.1.4.tgz 5836ms (cache miss)
3793 http fetch GET 200 https://registry.npmjs.org/which/-/which-2.0.2.tgz 5838ms (cache miss)
3794 http fetch GET 200 https://registry.npmjs.org/array-includes/-/array-includes-3.1.9.tgz 5839ms (cache miss)
3795 http fetch GET 200 https://registry.npmjs.org/color-convert/-/color-convert-2.0.1.tgz 5835ms (cache miss)
3796 http fetch GET 200 https://registry.npmjs.org/supports-color/-/supports-color-7.2.0.tgz 5834ms (cache miss)
3797 http fetch GET 200 https://registry.npmjs.org/color-name/-/color-name-1.1.4.tgz 5842ms (cache miss)
3798 http fetch GET 200 https://registry.npmjs.org/argparse/-/argparse-2.0.1.tgz 6244ms (cache miss)
3799 http fetch GET 200 https://registry.npmjs.org/is-generator-function/-/is-generator-function-1.1.2.tgz 6416ms (cache miss)
3800 http fetch GET 200 https://registry.npmjs.org/strip-json-comments/-/strip-json-comments-3.1.1.tgz 5913ms (cache miss)
3801 http fetch GET 200 https://registry.npmjs.org/ansi-styles/-/ansi-styles-4.3.0.tgz 5929ms (cache miss)
3802 http fetch GET 200 https://registry.npmjs.org/levn/-/levn-0.4.1.tgz 5921ms (cache miss)
3803 http fetch GET 200 https://registry.npmjs.org/@humanfs/core/-/core-0.19.2.tgz 5924ms (cache miss)
3804 http fetch GET 200 https://registry.npmjs.org/object.fromentries/-/object.fromentries-2.0.8.tgz 6762ms (cache miss)
3805 http fetch GET 200 https://registry.npmjs.org/shebang-command/-/shebang-command-2.0.0.tgz 6737ms (cache miss)
3806 http fetch GET 200 https://registry.npmjs.org/minimatch/-/minimatch-3.1.5.tgz 6707ms (cache miss)
3807 http fetch GET 200 https://registry.npmjs.org/optionator/-/optionator-0.9.4.tgz 6711ms (cache miss)
3808 http fetch GET 200 https://registry.npmjs.org/@eslint/object-schema/-/object-schema-2.1.7.tgz 6743ms (cache miss)
3809 http fetch GET 200 https://registry.npmjs.org/@humanfs/types/-/types-0.15.0.tgz 6836ms (cache miss)
3810 http fetch GET 200 https://registry.npmjs.org/glob-parent/-/glob-parent-6.0.2.tgz 6962ms (cache miss)
3811 http fetch GET 200 https://registry.npmjs.org/find-up/-/find-up-5.0.0.tgz 6961ms (cache miss)
3812 http fetch GET 200 https://registry.npmjs.org/json-stable-stringify-without-jsonify/-/json-stable-stringify-without-jsonify-1.0.1.tgz 6967ms (cache miss)
3813 http fetch GET 200 https://registry.npmjs.org/@types/json-schema/-/json-schema-7.0.15.tgz 6982ms (cache miss)
3814 http fetch GET 200 https://registry.npmjs.org/file-entry-cache/-/file-entry-cache-8.0.0.tgz 6976ms (cache miss)
3815 http fetch GET 200 https://registry.npmjs.org/fast-deep-equal/-/fast-deep-equal-3.1.3.tgz 6981ms (cache miss)
3816 http fetch GET 200 https://registry.npmjs.org/lodash.merge/-/lodash.merge-4.6.2.tgz 7063ms (cache miss)
3817 http fetch GET 200 https://registry.npmjs.org/natural-compare/-/natural-compare-1.4.0.tgz 7088ms (cache miss)
3818 http fetch GET 200 https://registry.npmjs.org/imurmurhash/-/imurmurhash-0.1.4.tgz 7087ms (cache miss)
3819 http fetch GET 200 https://registry.npmjs.org/cross-spawn/-/cross-spawn-7.0.6.tgz 7079ms (cache miss)
3820 http fetch GET 200 https://registry.npmjs.org/eslint-visitor-keys/-/eslint-visitor-keys-4.2.1.tgz 7089ms (cache miss)
3821 http fetch GET 200 https://registry.npmjs.org/is-glob/-/is-glob-4.0.3.tgz 7160ms (cache miss)
3822 http fetch GET 200 https://registry.npmjs.org/flat-cache/-/flat-cache-4.0.1.tgz 7412ms (cache miss)
3823 http fetch GET 200 https://registry.npmjs.org/chalk/-/chalk-4.1.2.tgz 7252ms (cache miss)
3824 http fetch GET 200 https://registry.npmjs.org/@humanwhocodes/module-importer/-/module-importer-1.0.1.tgz 7241ms (cache miss)
3825 http fetch GET 200 https://registry.npmjs.org/@types/parse-json/-/parse-json-4.0.2.tgz 7227ms (cache miss)
3826 http fetch GET 200 https://registry.npmjs.org/@eslint/config-helpers/-/config-helpers-0.4.2.tgz 7241ms (cache miss)
3827 http fetch GET 200 https://registry.npmjs.org/parse-json/-/parse-json-5.2.0.tgz 7237ms (cache miss)
3828 http fetch GET 200 https://registry.npmjs.org/path-type/-/path-type-4.0.0.tgz 7239ms (cache miss)
3829 http fetch GET 200 https://registry.npmjs.org/ms/-/ms-2.1.3.tgz 7237ms (cache miss)
3830 http fetch GET 200 https://registry.npmjs.org/estraverse/-/estraverse-5.3.0.tgz 7404ms (cache miss)
3831 http fetch GET 200 https://registry.npmjs.org/import-fresh/-/import-fresh-3.3.1.tgz 7317ms (cache miss)
3832 http fetch GET 200 https://registry.npmjs.org/@types/babel__template/-/babel__template-7.4.4.tgz 7308ms (cache miss)
3833 http fetch GET 200 https://registry.npmjs.org/update-browserslist-db/-/update-browserslist-db-1.2.3.tgz 7322ms (cache miss)
3834 http fetch GET 200 https://registry.npmjs.org/@types/babel__generator/-/babel__generator-7.27.0.tgz 7393ms (cache miss)
3835 http fetch GET 200 https://registry.npmjs.org/@babel/helper-validator-option/-/helper-validator-option-7.29.7.tgz 7388ms (cache miss)
3836 http fetch GET 200 https://registry.npmjs.org/@babel/helper-plugin-utils/-/helper-plugin-utils-7.29.7.tgz 7396ms (cache miss)
3837 http fetch GET 200 https://registry.npmjs.org/lru-cache/-/lru-cache-5.1.1.tgz 7393ms (cache miss)
3838 http fetch GET 200 https://registry.npmjs.org/gensync/-/gensync-1.0.0-beta.2.tgz 7422ms (cache miss)
3839 http fetch GET 200 https://registry.npmjs.org/@rolldown/pluginutils/-/pluginutils-1.0.0-beta.27.tgz 7420ms (cache miss)
3840 http fetch GET 200 https://registry.npmjs.org/@types/estree/-/estree-1.0.9.tgz 7527ms (cache miss)
3841 http fetch GET 200 https://registry.npmjs.org/@babel/plugin-transform-react-jsx-source/-/plugin-transform-react-jsx-source-7.29.7.tgz 7512ms (cache miss)
3842 http fetch GET 200 https://registry.npmjs.org/@types/babel__core/-/babel__core-7.20.5.tgz 7521ms (cache miss)
3843 http fetch GET 200 https://registry.npmjs.org/@babel/helper-compilation-targets/-/helper-compilation-targets-7.29.7.tgz 7520ms (cache miss)
3844 http fetch GET 200 https://registry.npmjs.org/@babel/plugin-transform-react-jsx-self/-/plugin-transform-react-jsx-self-7.29.7.tgz 7515ms (cache miss)
3845 http fetch GET 200 https://registry.npmjs.org/@types/prop-types/-/prop-types-15.7.15.tgz 7524ms (cache miss)
3846 http fetch GET 200 https://registry.npmjs.org/@babel/compat-data/-/compat-data-7.29.7.tgz 7623ms (cache miss)
3847 http fetch GET 200 https://registry.npmjs.org/@types/react-transition-group/-/react-transition-group-4.4.12.tgz 7592ms (cache miss)
3848 http fetch GET 200 https://registry.npmjs.org/@mui/types/-/types-7.2.24.tgz 7590ms (cache miss)
3849 http fetch GET 200 https://registry.npmjs.org/@mui/core-downloads-tracker/-/core-downloads-tracker-6.5.0.tgz 7587ms (cache miss)
3850 http fetch GET 200 https://registry.npmjs.org/react-is/-/react-is-19.2.7.tgz 7586ms (cache miss)
3851 http fetch GET 200 https://registry.npmjs.org/yargs-parser/-/yargs-parser-21.1.1.tgz 8357ms (cache miss)
3852 http fetch GET 200 https://registry.npmjs.org/@jridgewell/resolve-uri/-/resolve-uri-3.1.2.tgz 7652ms (cache miss)
3853 http fetch GET 200 https://registry.npmjs.org/@emotion/is-prop-valid/-/is-prop-valid-1.4.0.tgz 7662ms (cache miss)
3854 http fetch GET 200 https://registry.npmjs.org/@emotion/unitless/-/unitless-0.10.0.tgz 7654ms (cache miss)
3855 http fetch GET 200 https://registry.npmjs.org/picocolors/-/picocolors-1.1.1.tgz 7648ms (cache miss)
3856 http fetch GET 200 https://registry.npmjs.org/side-channel/-/side-channel-1.1.1.tgz 8213ms (cache miss)
3857 http fetch GET 200 https://registry.npmjs.org/clsx/-/clsx-2.1.1.tgz 7755ms (cache miss)
3858 http fetch GET 200 https://registry.npmjs.org/@emotion/sheet/-/sheet-1.4.0.tgz 7741ms (cache miss)
3859 http fetch GET 200 https://registry.npmjs.org/js-tokens/-/js-tokens-4.0.0.tgz 7737ms (cache miss)
3860 http fetch GET 200 https://registry.npmjs.org/@babel/helper-validator-identifier/-/helper-validator-identifier-7.29.7.tgz 7732ms (cache miss)
3861 http fetch GET 200 https://registry.npmjs.org/@types/babel__traverse/-/babel__traverse-7.28.0.tgz 7849ms (cache miss)
3862 http fetch GET 200 https://registry.npmjs.org/escape-string-regexp/-/escape-string-regexp-4.0.0.tgz 7788ms (cache miss)
3863 http fetch GET 200 https://registry.npmjs.org/@babel/helper-globals/-/helper-globals-7.29.7.tgz 7797ms (cache miss)
3864 http fetch GET 200 https://registry.npmjs.org/babel-plugin-macros/-/babel-plugin-macros-3.1.0.tgz 7776ms (cache miss)
3865 http fetch GET 200 https://registry.npmjs.org/reflect.getprototypeof/-/reflect.getprototypeof-1.0.10.tgz 8477ms (cache miss)
3866 http fetch GET 200 https://registry.npmjs.org/ignore/-/ignore-5.3.2.tgz 8048ms (cache miss)
3867 http fetch GET 200 https://registry.npmjs.org/globals/-/globals-14.0.0.tgz 8069ms (cache miss)
3868 http fetch GET 200 https://registry.npmjs.org/@emotion/hash/-/hash-0.9.2.tgz 7853ms (cache miss)
3869 http fetch GET 200 https://registry.npmjs.org/@emotion/weak-memoize/-/weak-memoize-0.4.0.tgz 7851ms (cache miss)
3870 http fetch GET 200 https://registry.npmjs.org/@emotion/use-insertion-effect-with-fallbacks/-/use-insertion-effect-with-fallbacks-1.2.0.tgz 7848ms (cache miss)
3871 http fetch GET 200 https://registry.npmjs.org/@emotion/utils/-/utils-1.4.2.tgz 7854ms (cache miss)
3872 http fetch GET 200 https://registry.npmjs.org/@emotion/memoize/-/memoize-0.9.0.tgz 7860ms (cache miss)
3873 http fetch GET 200 https://registry.npmjs.org/@emotion/serialize/-/serialize-1.3.3.tgz 7883ms (cache miss)
3874 http fetch GET 200 https://registry.npmjs.org/eslint-plugin-react-refresh/-/eslint-plugin-react-refresh-0.4.26.tgz 7875ms (cache miss)
3875 http fetch GET 200 https://registry.npmjs.org/@types/react-dom/-/react-dom-18.3.7.tgz 7856ms (cache miss)
3876 http fetch GET 200 https://registry.npmjs.org/@eslint/js/-/js-9.39.4.tgz 7858ms (cache miss)
3877 http fetch GET 200 https://registry.npmjs.org/react-is/-/react-is-16.13.1.tgz 7834ms (cache miss)
3878 http fetch GET 200 https://registry.npmjs.org/convert-source-map/-/convert-source-map-2.0.0.tgz 7848ms (cache miss)
3879 http fetch GET 200 https://registry.npmjs.org/convert-source-map/-/convert-source-map-1.9.0.tgz 7952ms (cache miss)
3880 http fetch GET 200 https://registry.npmjs.org/find-root/-/find-root-1.1.0.tgz 7952ms (cache miss)
3881 http fetch GET 200 https://registry.npmjs.org/eslint-visitor-keys/-/eslint-visitor-keys-3.4.3.tgz 7982ms (cache miss)
3882 http fetch GET 200 https://registry.npmjs.org/node-releases/-/node-releases-2.0.50.tgz 8291ms (cache miss)
3883 http fetch GET 200 https://registry.npmjs.org/long/-/long-5.3.2.tgz 8706ms (cache miss)
3884 http fetch GET 200 https://registry.npmjs.org/typed-array-length/-/typed-array-length-1.0.8.tgz 8569ms (cache miss)
3885 http fetch GET 200 https://registry.npmjs.org/@babel/helper-string-parser/-/helper-string-parser-7.29.7.tgz 8259ms (cache miss)
3886 http fetch GET 200 https://registry.npmjs.org/@eslint/core/-/core-0.17.0.tgz 8388ms (cache miss)
3887 http fetch GET 200 https://registry.npmjs.org/@babel/code-frame/-/code-frame-7.29.7.tgz 8294ms (cache miss)
3888 http fetch GET 200 https://registry.npmjs.org/is-weakref/-/is-weakref-1.1.1.tgz 8656ms (cache miss)
3889 http fetch GET 200 https://registry.npmjs.org/semver/-/semver-6.3.1.tgz 8437ms (cache miss)
3890 http fetch GET 200 https://registry.npmjs.org/jsesc/-/jsesc-3.1.0.tgz 8455ms (cache miss)
3891 http fetch GET 200 https://registry.npmjs.org/esutils/-/esutils-2.0.3.tgz 8664ms (cache miss)
3892 http fetch GET 200 https://registry.npmjs.org/cfb/-/cfb-1.2.2.tgz 9316ms (cache miss)
3893 http fetch GET 200 https://registry.npmjs.org/which-typed-array/-/which-typed-array-1.1.22.tgz 8946ms (cache miss)
3894 http fetch GET 200 https://registry.npmjs.org/xlsx 9053ms (cache miss)
3895 silly packumentCache corgi:https://registry.npmjs.org/xlsx set size:undefined disposed:false
3896 http fetch GET 200 https://registry.npmjs.org/es-define-property/-/es-define-property-1.0.1.tgz 8939ms (cache miss)
3897 http fetch GET 200 https://registry.npmjs.org/json-schema-traverse/-/json-schema-traverse-0.4.1.tgz 8876ms (cache miss)
3898 http fetch GET 200 https://registry.npmjs.org/doctrine/-/doctrine-2.1.0.tgz 9009ms (cache miss)
3899 http fetch GET 200 https://registry.npmjs.org/internal-slot/-/internal-slot-1.1.0.tgz 9223ms (cache miss)
3900 http fetch GET 200 https://registry.npmjs.org/es-shim-unscopables/-/es-shim-unscopables-1.1.0.tgz 9207ms (cache miss)
3901 http fetch GET 200 https://registry.npmjs.org/@humanfs/node/-/node-0.16.8.tgz 9118ms (cache miss)
3902 http fetch GET 200 https://registry.npmjs.org/tslib/-/tslib-2.8.1.tgz 9419ms (cache miss)
3903 http fetch GET 200 https://registry.npmjs.org/debug/-/debug-4.4.3.tgz 9058ms (cache miss)
3904 http fetch GET 200 https://registry.npmjs.org/call-bind/-/call-bind-1.0.9.tgz 9346ms (cache miss)
3905 http fetch GET 200 https://registry.npmjs.org/function-bind/-/function-bind-1.1.2.tgz 9459ms (cache miss)
3906 http fetch GET 200 https://registry.npmjs.org/@kurkle/color/-/color-0.3.4.tgz 9335ms (cache miss)
3907 http fetch GET 200 https://registry.npmjs.org/hoist-non-react-statics/-/hoist-non-react-statics-3.3.2.tgz 9224ms (cache miss)
3908 http fetch GET 200 https://registry.npmjs.org/@humanwhocodes/retry/-/retry-0.4.3.tgz 9408ms (cache miss)
3909 http fetch GET 200 https://registry.npmjs.org/react-refresh/-/react-refresh-0.17.0.tgz 9359ms (cache miss)
3910 http fetch GET 200 https://registry.npmjs.org/browserslist/-/browserslist-4.28.4.tgz 9387ms (cache miss)
3911 http fetch GET 200 https://registry.npmjs.org/espree/-/espree-10.4.0.tgz 9629ms (cache miss)
3912 http fetch GET 200 https://registry.npmjs.org/@vitejs/plugin-react/-/plugin-react-4.7.0.tgz 9431ms (cache miss)
3913 http fetch GET 200 https://registry.npmjs.org/react-is/-/react-is-16.13.1.tgz 9400ms (cache miss)
3914 http fetch GET 200 https://registry.npmjs.org/@grpc/proto-loader/-/proto-loader-0.7.15.tgz 10008ms (cache miss)
3915 http fetch GET 200 https://registry.npmjs.org/scheduler/-/scheduler-0.23.2.tgz 10169ms (cache miss)
3916 http fetch GET 200 https://registry.npmjs.org/baseline-browser-mapping/-/baseline-browser-mapping-2.10.41.tgz 9667ms (cache miss)
3917 http fetch GET 200 https://registry.npmjs.org/source-map-js/-/source-map-js-1.2.1.tgz 10395ms (cache miss)
3918 http fetch GET 200 https://registry.npmjs.org/electron-to-chromium/-/electron-to-chromium-1.5.384.tgz 9869ms (cache miss)
3919 http fetch GET 200 https://registry.npmjs.org/@eslint-community/regexpp/-/regexpp-4.12.2.tgz 9910ms (cache miss)
3920 http fetch GET 200 https://registry.npmjs.org/prop-types/-/prop-types-15.8.1.tgz 9852ms (cache miss)
3921 http fetch GET 200 https://registry.npmjs.org/eslint-plugin-react-hooks/-/eslint-plugin-react-hooks-5.2.0.tgz 9773ms (cache miss)
3922 http fetch GET 200 https://registry.npmjs.org/regexp.prototype.flags/-/regexp.prototype.flags-1.5.4.tgz 10266ms (cache miss)
3923 http fetch GET 200 https://registry.npmjs.org/@eslint-community/eslint-utils/-/eslint-utils-4.9.1.tgz 10203ms (cache miss)
3924 http fetch GET 200 https://registry.npmjs.org/acorn/-/acorn-8.17.0.tgz 10447ms (cache miss)
3925 http fetch GET 200 https://registry.npmjs.org/@babel/helper-module-imports/-/helper-module-imports-7.29.7.tgz 10058ms (cache miss)
3926 http fetch GET 200 https://registry.npmjs.org/@eslint/plugin-kit/-/plugin-kit-0.4.1.tgz 10230ms (cache miss)
3927 http fetch GET 200 https://registry.npmjs.org/object.values/-/object.values-1.2.1.tgz 10358ms (cache miss)
3928 http fetch GET 200 https://registry.npmjs.org/array.prototype.findlast/-/array.prototype.findlast-1.2.5.tgz 10347ms (cache miss)
3929 http fetch GET 200 https://registry.npmjs.org/string.prototype.matchall/-/string.prototype.matchall-4.0.12.tgz 10384ms (cache miss)
3930 http fetch GET 200 https://registry.npmjs.org/eslint-scope/-/eslint-scope-8.4.0.tgz 10643ms (cache miss)
3931 http fetch GET 200 https://registry.npmjs.org/esbuild 10949ms (cache miss)
3932 silly packumentCache corgi:https://registry.npmjs.org/esbuild set size:undefined disposed:false
3933 http fetch GET 200 https://registry.npmjs.org/fast-json-stable-stringify/-/fast-json-stable-stringify-2.1.0.tgz 10771ms (cache miss)
3934 http fetch GET 200 https://registry.npmjs.org/object.assign/-/object.assign-4.1.7.tgz 10908ms (cache miss)
3935 http fetch GET 200 https://registry.npmjs.org/idb/-/idb-7.1.1.tgz 11386ms (cache miss)
3936 http fetch GET 200 https://registry.npmjs.org/csstype/-/csstype-3.2.3.tgz 11452ms (cache miss)
3937 http fetch GET 200 https://registry.npmjs.org/stylis/-/stylis-4.2.0.tgz 11467ms (cache miss)
3938 http fetch GET 200 https://registry.npmjs.org/@babel/helper-module-transforms/-/helper-module-transforms-7.29.7.tgz 11570ms (cache miss)
3939 http fetch GET 200 https://registry.npmjs.org/@types/react/-/react-18.3.31.tgz 11432ms (cache miss)
3940 http fetch GET 200 https://registry.npmjs.org/node-exports-info/-/node-exports-info-1.6.2.tgz 12345ms (cache miss)
3941 http fetch GET 200 https://registry.npmjs.org/react-chartjs-2/-/react-chartjs-2-5.3.1.tgz 11527ms (cache miss)
3942 http fetch GET 200 https://registry.npmjs.org/@babel/template/-/template-7.29.7.tgz 11672ms (cache miss)
3943 http fetch GET 200 https://registry.npmjs.org/@rollup/rollup-win32-x64-gnu/-/rollup-win32-x64-gnu-4.62.2.tgz 12347ms (cache miss)
3944 http fetch GET 200 https://registry.npmjs.org/websocket-driver/-/websocket-driver-0.7.5.tgz 12274ms (cache miss)
3945 http fetch GET 200 https://registry.npmjs.org/@firebase/webchannel-wrapper/-/webchannel-wrapper-1.0.3.tgz 12255ms (cache miss)
3946 http fetch GET 200 https://registry.npmjs.org/@eslint/config-array/-/config-array-0.21.2.tgz 11911ms (cache miss)
3947 http fetch GET 200 https://registry.npmjs.org/json5/-/json5-2.2.3.tgz 11917ms (cache miss)
3948 http fetch GET 200 https://registry.npmjs.org/react/-/react-18.3.1.tgz 11812ms (cache miss)
3949 http fetch GET 200 https://registry.npmjs.org/esquery/-/esquery-1.7.0.tgz 12176ms (cache miss)
3950 http fetch GET 200 https://registry.npmjs.org/react-router/-/react-router-6.30.4.tgz 12785ms (cache miss)
3951 http fetch GET 200 https://registry.npmjs.org/@rollup/rollup-win32-x64-msvc/-/rollup-win32-x64-msvc-4.62.2.tgz 13116ms (cache miss)
3952 http fetch GET 200 https://registry.npmjs.org/@firebase/component/-/component-0.6.18.tgz 12930ms (cache miss)
3953 http fetch GET 200 https://registry.npmjs.org/@jridgewell/sourcemap-codec/-/sourcemap-codec-1.5.5.tgz 12564ms (cache miss)
3954 http fetch GET 200 https://registry.npmjs.org/@mui/styled-engine/-/styled-engine-6.5.0.tgz 12629ms (cache miss)
3955 http fetch GET 200 https://registry.npmjs.org/source-map/-/source-map-0.5.7.tgz 12561ms (cache miss)
3956 http fetch GET 200 https://registry.npmjs.org/undici-types/-/undici-types-8.3.0.tgz 13201ms (cache miss)
3957 http fetch GET 200 https://registry.npmjs.org/object-inspect/-/object-inspect-1.13.4.tgz 13555ms (cache miss)
3958 http fetch GET 200 https://registry.npmjs.org/vite 13759ms (cache miss)
3959 silly packumentCache corgi:https://registry.npmjs.org/vite set size:undefined disposed:false
3960 http fetch GET 200 https://registry.npmjs.org/@babel/parser/-/parser-7.29.7.tgz 13548ms (cache miss)
3961 http fetch GET 200 https://registry.npmjs.org/@emotion/babel-plugin/-/babel-plugin-11.13.5.tgz 13559ms (cache miss)
3962 http fetch GET 200 https://registry.npmjs.org/@jridgewell/remapping/-/remapping-2.3.5.tgz 13824ms (cache miss)
3963 silly packumentCache corgi:https://registry.npmjs.org/@vitejs%2fplugin-react cache-miss
3964 http fetch GET 200 https://registry.npmjs.org/@jridgewell/gen-mapping/-/gen-mapping-0.3.13.tgz 13936ms (cache miss)
3965 http fetch GET 200 https://registry.npmjs.org/react-router-dom/-/react-router-dom-6.30.4.tgz 13891ms (cache miss)
3966 http fetch GET 200 https://registry.npmjs.org/@mui/private-theming/-/private-theming-6.4.9.tgz 14181ms (cache miss)
3967 http fetch GET 200 https://registry.npmjs.org/@firebase/functions/-/functions-0.12.9.tgz 14842ms (cache miss)
3968 http fetch GET 200 https://registry.npmjs.org/react-transition-group/-/react-transition-group-4.4.5.tgz 14553ms (cache miss)
3969 http fetch GET 200 https://registry.npmjs.org/@eslint/eslintrc/-/eslintrc-3.3.5.tgz 14817ms (cache miss)
3970 http fetch GET 200 https://registry.npmjs.org/@firebase/storage-compat/-/storage-compat-0.3.24.tgz 15143ms (cache miss)
3971 http fetch GET 200 https://registry.npmjs.org/@vitejs%2fplugin-react 931ms (cache miss)
3972 silly packumentCache corgi:https://registry.npmjs.org/@vitejs%2fplugin-react set size:undefined disposed:false
3973 http fetch GET 200 https://registry.npmjs.org/@remix-run/router/-/router-1.23.3.tgz 15587ms (cache miss)
3974 http fetch GET 200 https://registry.npmjs.org/cosmiconfig/-/cosmiconfig-7.1.0.tgz 15069ms (cache miss)
3975 http fetch GET 200 https://registry.npmjs.org/@emotion/cache/-/cache-11.14.0.tgz 14955ms (cache miss)
3976 http fetch GET 200 https://registry.npmjs.org/postcss/-/postcss-8.5.16.tgz 16448ms (cache miss)
3977 http fetch GET 200 https://registry.npmjs.org/js-yaml/-/js-yaml-4.3.0.tgz 16086ms (cache miss)
3978 http fetch GET 200 https://registry.npmjs.org/@jridgewell/trace-mapping/-/trace-mapping-0.3.31.tgz 16125ms (cache miss)
3979 http fetch GET 200 https://registry.npmjs.org/rollup/-/rollup-4.62.2.tgz 17301ms (cache miss)
3980 http fetch GET 200 https://registry.npmjs.org/@firebase/app-compat/-/app-compat-0.4.2.tgz 17125ms (cache miss)
3981 http fetch GET 200 https://registry.npmjs.org/yaml/-/yaml-1.10.3.tgz 17177ms (cache miss)
3982 http fetch GET 200 https://registry.npmjs.org/@babel/generator/-/generator-7.29.7.tgz 17071ms (cache miss)
3983 http fetch GET 200 https://registry.npmjs.org/@firebase/analytics/-/analytics-0.10.17.tgz 17528ms (cache miss)
3984 http fetch GET 200 https://registry.npmjs.org/@firebase/remote-config/-/remote-config-0.6.5.tgz 17832ms (cache miss)
3985 http fetch GET 200 https://registry.npmjs.org/yargs/-/yargs-17.7.3.tgz 18071ms (cache miss)
3986 http fetch GET 200 https://registry.npmjs.org/uri-js/-/uri-js-4.4.1.tgz 17849ms (cache miss)
3987 http fetch GET 200 https://registry.npmjs.org/@firebase/app/-/app-0.13.2.tgz 18069ms (cache miss)
3988 http fetch GET 200 https://registry.npmjs.org/vite/-/vite-5.4.21.tgz 17781ms (cache miss)
3989 http fetch GET 200 https://registry.npmjs.org/react-dom/-/react-dom-18.3.1.tgz 18230ms (cache miss)
3990 http fetch GET 200 https://registry.npmjs.org/@firebase/performance/-/performance-0.7.7.tgz 19030ms (cache miss)
3991 http fetch GET 200 https://registry.npmjs.org/@emotion/styled/-/styled-11.14.1.tgz 18866ms (cache miss)
3992 http fetch GET 200 https://registry.npmjs.org/@babel/traverse/-/traverse-7.29.7.tgz 18988ms (cache miss)
3993 http fetch GET 200 https://registry.npmjs.org/@firebase/app-check/-/app-check-0.10.1.tgz 19478ms (cache miss)
3994 http fetch GET 200 https://registry.npmjs.org/@types/node/-/node-26.1.0.tgz 19610ms (cache miss)
3995 http fetch GET 200 https://registry.npmjs.org/@firebase/data-connect/-/data-connect-0.3.10.tgz 19856ms (cache miss)
3996 http fetch GET 200 https://registry.npmjs.org/@firebase/auth-compat/-/auth-compat-0.5.28.tgz 20080ms (cache miss)
3997 http fetch GET 200 https://registry.npmjs.org/xlsx/-/xlsx-0.18.5.tgz 19789ms (cache miss)
3998 http fetch GET 200 https://registry.npmjs.org/@esbuild/win32-x64/-/win32-x64-0.21.5.tgz 20586ms (cache miss)
3999 http fetch GET 200 https://registry.npmjs.org/protobufjs/-/protobufjs-7.6.4.tgz 20469ms (cache miss)
4000 http fetch GET 200 https://registry.npmjs.org/@firebase/installations/-/installations-0.6.18.tgz 20396ms (cache miss)
4001 http fetch GET 200 https://registry.npmjs.org/@firebase/database-compat/-/database-compat-2.0.11.tgz 20513ms (cache miss)
4002 http fetch GET 200 https://registry.npmjs.org/ajv/-/ajv-6.15.0.tgz 20451ms (cache miss)
4003 http fetch GET 200 https://registry.npmjs.org/@firebase/firestore-compat/-/firestore-compat-0.3.53.tgz 20876ms (cache miss)
4004 http fetch GET 200 https://registry.npmjs.org/es-iterator-helpers/-/es-iterator-helpers-1.3.3.tgz 20904ms (cache miss)
4005 http fetch GET 200 https://registry.npmjs.org/@firebase/util/-/util-1.12.1.tgz 21167ms (cache miss)
4006 http fetch GET 200 https://registry.npmjs.org/resolve/-/resolve-1.22.12.tgz 20859ms (cache miss)
4007 http fetch GET 200 https://registry.npmjs.org/jsx-ast-utils/-/jsx-ast-utils-3.3.5.tgz 21072ms (cache miss)
4008 http fetch GET 200 https://registry.npmjs.org/resolve/-/resolve-2.0.0-next.7.tgz 21203ms (cache miss)
4009 http fetch GET 200 https://registry.npmjs.org/@firebase/ai/-/ai-1.4.1.tgz 21884ms (cache miss)
4010 http fetch GET 200 https://registry.npmjs.org/@firebase/storage/-/storage-0.13.14.tgz 22767ms (cache miss)
4011 http fetch GET 200 https://registry.npmjs.org/@babel/core/-/core-7.29.7.tgz 22428ms (cache miss)
4012 http fetch GET 200 https://registry.npmjs.org/@firebase/messaging/-/messaging-0.12.22.tgz 22801ms (cache miss)
4013 http fetch GET 200 https://registry.npmjs.org/@emotion/react/-/react-11.14.0.tgz 22396ms (cache miss)
4014 http fetch GET 200 https://registry.npmjs.org/web-vitals/-/web-vitals-4.2.4.tgz 23416ms (cache miss)
4015 http fetch GET 200 https://registry.npmjs.org/codepage/-/codepage-1.15.0.tgz 23869ms (cache miss)
4016 http fetch GET 200 https://registry.npmjs.org/chart.js/-/chart.js-4.5.1.tgz 23119ms (cache miss)
4017 http fetch GET 200 https://registry.npmjs.org/dom-helpers/-/dom-helpers-5.2.1.tgz 24895ms (cache miss)
4018 http fetch GET 200 https://registry.npmjs.org/@babel/types/-/types-7.29.7.tgz 24347ms (cache miss)
4019 http fetch GET 200 https://registry.npmjs.org/@babel/runtime/-/runtime-7.29.7.tgz 24702ms (cache miss)
4020 http fetch GET 200 https://registry.npmjs.org/@babel/helpers/-/helpers-7.29.7.tgz 25660ms (cache miss)
4021 http fetch GET 200 https://registry.npmjs.org/@popperjs/core/-/core-2.11.8.tgz 26489ms (cache miss)
4022 http fetch GET 200 https://registry.npmjs.org/@firebase/database/-/database-1.0.20.tgz 28606ms (cache miss)
4023 http fetch GET 200 https://registry.npmjs.org/@mui/utils/-/utils-6.4.9.tgz 28793ms (cache miss)
4024 http fetch GET 200 https://registry.npmjs.org/eslint-plugin-react/-/eslint-plugin-react-7.37.5.tgz 29031ms (cache miss)
4025 http fetch GET 200 https://registry.npmjs.org/@mui/system/-/system-6.5.0.tgz 29437ms (cache miss)
4026 http fetch GET 200 https://registry.npmjs.org/eslint/-/eslint-9.39.4.tgz 30271ms (cache miss)
4027 http fetch GET 200 https://registry.npmjs.org/caniuse-lite/-/caniuse-lite-1.0.30001800.tgz 36558ms (cache miss)
4028 http fetch GET 200 https://registry.npmjs.org/@grpc/grpc-js/-/grpc-js-1.9.16.tgz 37465ms (cache miss)
4029 http fetch GET 200 https://registry.npmjs.org/@firebase/firestore/-/firestore-4.8.0.tgz 47094ms (cache miss)
4030 http fetch GET 200 https://registry.npmjs.org/es-abstract/-/es-abstract-1.24.2.tgz 49248ms (cache miss)
4031 http fetch GET 200 https://registry.npmjs.org/@mui/material/-/material-6.5.0.tgz 51025ms (cache miss)
4032 http fetch GET 200 https://registry.npmjs.org/@firebase/auth/-/auth-1.10.8.tgz 54265ms (cache miss)
4033 http fetch GET 200 https://registry.npmjs.org/@firebase/auth/-/auth-1.10.8.tgz 54454ms (cache miss)
